temperature,model,decoder,parameter,wcs,covered_words,total_words,audit_path
1.0,Qwen/Qwen2.5-14B,top_k,1.0,0.125,125,1000,results/english_pg19_predictions/audit.qwen25-14b-base.jsonl
1.0,Qwen/Qwen2.5-14B,top_k,2.0,0.202,202,1000,results/english_pg19_predictions/audit.qwen25-14b-base.jsonl
1.0,Qwen/Qwen2.5-14B,top_k,3.0,0.245,245,1000,results/english_pg19_predictions/audit.qwen25-14b-base.jsonl
1.0,Qwen/Qwen2.5-14B,top_k,4.0,0.283,283,1000,results/english_pg19_predictions/audit.qwen25-14b-base.jsonl
1.0,Qwen/Qwen2.5-14B,top_k,5.0,0.307,307,1000,results/english_pg19_predictions/audit.qwen25-14b-base.jsonl
1.0,Qwen/Qwen2.5-14B,top_k,6.0,0.329,329,1000,results/english_pg19_predictions/audit.qwen25-14b-base.jsonl
1.0,Qwen/Qwen2.5-14B,top_k,7.0,0.351,351,1000,results/english_pg19_predictions/audit.qwen25-14b-base.jsonl
1.0,Qwen/Qwen2.5-14B,top_k,8.0,0.366,366,1000,results/english_pg19_predictions/audit.qwen25-14b-base.jsonl
1.0,Qwen/Qwen2.5-14B,top_k,9.0,0.38,380,1000,results/english_pg19_predictions/audit.qwen25-14b-base.jsonl
1.0,Qwen/Qwen2.5-14B,top_k,10.0,0.4,400,1000,results/english_pg19_predictions/audit.qwen25-14b-base.jsonl
1.0,Qwen/Qwen2.5-14B,top_k,11.0,0.41,410,1000,results/english_pg19_predictions/audit.qwen25-14b-base.jsonl
1.0,Qwen/Qwen2.5-14B,top_k,12.0,0.416,416,1000,results/english_pg19_predictions/audit.qwen25-14b-base.jsonl
1.0,Qwen/Qwen2.5-14B,top_k,13.0,0.43,430,1000,results/english_pg19_predictions/audit.qwen25-14b-base.jsonl
1.0,Qwen/Qwen2.5-14B,top_k,14.0,0.448,448,1000,results/english_pg19_predictions/audit.qwen25-14b-base.jsonl
1.0,Qwen/Qwen2.5-14B,top_k,15.0,0.455,455,1000,results/english_pg19_predictions/audit.qwen25-14b-base.jsonl
1.0,Qwen/Qwen2.5-14B,top_k,16.0,0.462,462,1000,results/english_pg19_predictions/audit.qwen25-14b-base.jsonl
1.0,Qwen/Qwen2.5-14B,top_k,17.0,0.468,468,1000,results/english_pg19_predictions/audit.qwen25-14b-base.jsonl
1.0,Qwen/Qwen2.5-14B,top_k,18.0,0.479,479,1000,results/english_pg19_predictions/audit.qwen25-14b-base.jsonl
1.0,Qwen/Qwen2.5-14B,top_k,19.0,0.483,483,1000,results/english_pg19_predictions/audit.qwen25-14b-base.jsonl
1.0,Qwen/Qwen2.5-14B,top_k,20.0,0.491,491,1000,results/english_pg19_predictions/audit.qwen25-14b-base.jsonl
1.0,Qwen/Qwen2.5-14B,top_k,21.0,0.497,497,1000,results/english_pg19_predictions/audit.qwen25-14b-base.jsonl
1.0,Qwen/Qwen2.5-14B,top_k,22.0,0.501,501,1000,results/english_pg19_predictions/audit.qwen25-14b-base.jsonl
1.0,Qwen/Qwen2.5-14B,top_k,23.0,0.506,506,1000,results/english_pg19_predictions/audit.qwen25-14b-base.jsonl
1.0,Qwen/Qwen2.5-14B,top_k,24.0,0.514,514,1000,results/english_pg19_predictions/audit.qwen25-14b-base.jsonl
1.0,Qwen/Qwen2.5-14B,top_k,25.0,0.516,516,1000,results/english_pg19_predictions/audit.qwen25-14b-base.jsonl
1.0,Qwen/Qwen2.5-14B,top_k,26.0,0.52,520,1000,results/english_pg19_predictions/audit.qwen25-14b-base.jsonl
1.0,Qwen/Qwen2.5-14B,top_k,27.0,0.524,524,1000,results/english_pg19_predictions/audit.qwen25-14b-base.jsonl
1.0,Qwen/Qwen2.5-14B,top_k,28.0,0.531,531,1000,results/english_pg19_predictions/audit.qwen25-14b-base.jsonl
1.0,Qwen/Qwen2.5-14B,top_k,29.0,0.535,535,1000,results/english_pg19_predictions/audit.qwen25-14b-base.jsonl
1.0,Qwen/Qwen2.5-14B,top_k,30.0,0.547,547,1000,results/english_pg19_predictions/audit.qwen25-14b-base.jsonl
1.0,Qwen/Qwen2.5-14B,top_k,31.0,0.555,555,1000,results/english_pg19_predictions/audit.qwen25-14b-base.jsonl
1.0,Qwen/Qwen2.5-14B,top_k,32.0,0.561,561,1000,results/english_pg19_predictions/audit.qwen25-14b-base.jsonl
1.0,Qwen/Qwen2.5-14B,top_k,33.0,0.567,567,1000,results/english_pg19_predictions/audit.qwen25-14b-base.jsonl
1.0,Qwen/Qwen2.5-14B,top_k,34.0,0.57,570,1000,results/english_pg19_predictions/audit.qwen25-14b-base.jsonl
1.0,Qwen/Qwen2.5-14B,top_k,35.0,0.575,575,1000,results/english_pg19_predictions/audit.qwen25-14b-base.jsonl
1.0,Qwen/Qwen2.5-14B,top_k,36.0,0.579,579,1000,results/english_pg19_predictions/audit.qwen25-14b-base.jsonl
1.0,Qwen/Qwen2.5-14B,top_k,37.0,0.581,581,1000,results/english_pg19_predictions/audit.qwen25-14b-base.jsonl
1.0,Qwen/Qwen2.5-14B,top_k,38.0,0.583,583,1000,results/english_pg19_predictions/audit.qwen25-14b-base.jsonl
1.0,Qwen/Qwen2.5-14B,top_k,39.0,0.588,588,1000,results/english_pg19_predictions/audit.qwen25-14b-base.jsonl
1.0,Qwen/Qwen2.5-14B,top_k,40.0,0.591,591,1000,results/english_pg19_predictions/audit.qwen25-14b-base.jsonl
1.0,Qwen/Qwen2.5-14B,top_k,41.0,0.594,594,1000,results/english_pg19_predictions/audit.qwen25-14b-base.jsonl
1.0,Qwen/Qwen2.5-14B,top_k,42.0,0.597,597,1000,results/english_pg19_predictions/audit.qwen25-14b-base.jsonl
1.0,Qwen/Qwen2.5-14B,top_k,43.0,0.603,603,1000,results/english_pg19_predictions/audit.qwen25-14b-base.jsonl
1.0,Qwen/Qwen2.5-14B,top_k,44.0,0.607,607,1000,results/english_pg19_predictions/audit.qwen25-14b-base.jsonl
1.0,Qwen/Qwen2.5-14B,top_k,45.0,0.616,616,1000,results/english_pg19_predictions/audit.qwen25-14b-base.jsonl
1.0,Qwen/Qwen2.5-14B,top_k,46.0,0.621,621,1000,results/english_pg19_predictions/audit.qwen25-14b-base.jsonl
1.0,Qwen/Qwen2.5-14B,top_k,47.0,0.621,621,1000,results/english_pg19_predictions/audit.qwen25-14b-base.jsonl
1.0,Qwen/Qwen2.5-14B,top_k,48.0,0.624,624,1000,results/english_pg19_predictions/audit.qwen25-14b-base.jsonl
1.0,Qwen/Qwen2.5-14B,top_k,49.0,0.628,628,1000,results/english_pg19_predictions/audit.qwen25-14b-base.jsonl
1.0,Qwen/Qwen2.5-14B,top_k,50.0,0.63,630,1000,results/english_pg19_predictions/audit.qwen25-14b-base.jsonl
1.0,Qwen/Qwen2.5-14B,top_k,51.0,0.633,633,1000,results/english_pg19_predictions/audit.qwen25-14b-base.jsonl
1.0,Qwen/Qwen2.5-14B,top_k,52.0,0.634,634,1000,results/english_pg19_predictions/audit.qwen25-14b-base.jsonl
1.0,Qwen/Qwen2.5-14B,top_k,53.0,0.635,635,1000,results/english_pg19_predictions/audit.qwen25-14b-base.jsonl
1.0,Qwen/Qwen2.5-14B,top_k,54.0,0.635,635,1000,results/english_pg19_predictions/audit.qwen25-14b-base.jsonl
1.0,Qwen/Qwen2.5-14B,top_k,55.0,0.636,636,1000,results/english_pg19_predictions/audit.qwen25-14b-base.jsonl
1.0,Qwen/Qwen2.5-14B,top_k,56.0,0.639,639,1000,results/english_pg19_predictions/audit.qwen25-14b-base.jsonl
1.0,Qwen/Qwen2.5-14B,top_k,57.0,0.643,643,1000,results/english_pg19_predictions/audit.qwen25-14b-base.jsonl
1.0,Qwen/Qwen2.5-14B,top_k,58.0,0.648,648,1000,results/english_pg19_predictions/audit.qwen25-14b-base.jsonl
1.0,Qwen/Qwen2.5-14B,top_k,59.0,0.652,652,1000,results/english_pg19_predictions/audit.qwen25-14b-base.jsonl
1.0,Qwen/Qwen2.5-14B,top_k,60.0,0.653,653,1000,results/english_pg19_predictions/audit.qwen25-14b-base.jsonl
1.0,Qwen/Qwen2.5-14B,top_k,61.0,0.654,654,1000,results/english_pg19_predictions/audit.qwen25-14b-base.jsonl
1.0,Qwen/Qwen2.5-14B,top_k,62.0,0.655,655,1000,results/english_pg19_predictions/audit.qwen25-14b-base.jsonl
1.0,Qwen/Qwen2.5-14B,top_k,63.0,0.657,657,1000,results/english_pg19_predictions/audit.qwen25-14b-base.jsonl
1.0,Qwen/Qwen2.5-14B,top_k,64.0,0.659,659,1000,results/english_pg19_predictions/audit.qwen25-14b-base.jsonl
1.0,Qwen/Qwen2.5-14B,top_k,65.0,0.663,663,1000,results/english_pg19_predictions/audit.qwen25-14b-base.jsonl
1.0,Qwen/Qwen2.5-14B,top_k,66.0,0.664,664,1000,results/english_pg19_predictions/audit.qwen25-14b-base.jsonl
1.0,Qwen/Qwen2.5-14B,top_k,67.0,0.667,667,1000,results/english_pg19_predictions/audit.qwen25-14b-base.jsonl
1.0,Qwen/Qwen2.5-14B,top_k,68.0,0.67,670,1000,results/english_pg19_predictions/audit.qwen25-14b-base.jsonl
1.0,Qwen/Qwen2.5-14B,top_k,69.0,0.672,672,1000,results/english_pg19_predictions/audit.qwen25-14b-base.jsonl
1.0,Qwen/Qwen2.5-14B,top_k,70.0,0.681,681,1000,results/english_pg19_predictions/audit.qwen25-14b-base.jsonl
1.0,Qwen/Qwen2.5-14B,top_k,71.0,0.682,682,1000,results/english_pg19_predictions/audit.qwen25-14b-base.jsonl
1.0,Qwen/Qwen2.5-14B,top_k,72.0,0.685,685,1000,results/english_pg19_predictions/audit.qwen25-14b-base.jsonl
1.0,Qwen/Qwen2.5-14B,top_k,73.0,0.686,686,1000,results/english_pg19_predictions/audit.qwen25-14b-base.jsonl
1.0,Qwen/Qwen2.5-14B,top_k,74.0,0.687,687,1000,results/english_pg19_predictions/audit.qwen25-14b-base.jsonl
1.0,Qwen/Qwen2.5-14B,top_k,75.0,0.689,689,1000,results/english_pg19_predictions/audit.qwen25-14b-base.jsonl
1.0,Qwen/Qwen2.5-14B,top_k,76.0,0.692,692,1000,results/english_pg19_predictions/audit.qwen25-14b-base.jsonl
1.0,Qwen/Qwen2.5-14B,top_k,77.0,0.695,695,1000,results/english_pg19_predictions/audit.qwen25-14b-base.jsonl
1.0,Qwen/Qwen2.5-14B,top_k,78.0,0.697,697,1000,results/english_pg19_predictions/audit.qwen25-14b-base.jsonl
1.0,Qwen/Qwen2.5-14B,top_k,79.0,0.698,698,1000,results/english_pg19_predictions/audit.qwen25-14b-base.jsonl
1.0,Qwen/Qwen2.5-14B,top_k,80.0,0.701,701,1000,results/english_pg19_predictions/audit.qwen25-14b-base.jsonl
1.0,Qwen/Qwen2.5-14B,top_k,81.0,0.703,703,1000,results/english_pg19_predictions/audit.qwen25-14b-base.jsonl
1.0,Qwen/Qwen2.5-14B,top_k,82.0,0.705,705,1000,results/english_pg19_predictions/audit.qwen25-14b-base.jsonl
1.0,Qwen/Qwen2.5-14B,top_k,83.0,0.707,707,1000,results/english_pg19_predictions/audit.qwen25-14b-base.jsonl
1.0,Qwen/Qwen2.5-14B,top_k,84.0,0.708,708,1000,results/english_pg19_predictions/audit.qwen25-14b-base.jsonl
1.0,Qwen/Qwen2.5-14B,top_k,85.0,0.711,711,1000,results/english_pg19_predictions/audit.qwen25-14b-base.jsonl
1.0,Qwen/Qwen2.5-14B,top_k,86.0,0.717,717,1000,results/english_pg19_predictions/audit.qwen25-14b-base.jsonl
1.0,Qwen/Qwen2.5-14B,top_k,87.0,0.72,720,1000,results/english_pg19_predictions/audit.qwen25-14b-base.jsonl
1.0,Qwen/Qwen2.5-14B,top_k,88.0,0.722,722,1000,results/english_pg19_predictions/audit.qwen25-14b-base.jsonl
1.0,Qwen/Qwen2.5-14B,top_k,89.0,0.723,723,1000,results/english_pg19_predictions/audit.qwen25-14b-base.jsonl
1.0,Qwen/Qwen2.5-14B,top_k,90.0,0.725,725,1000,results/english_pg19_predictions/audit.qwen25-14b-base.jsonl
1.0,Qwen/Qwen2.5-14B,top_k,91.0,0.725,725,1000,results/english_pg19_predictions/audit.qwen25-14b-base.jsonl
1.0,Qwen/Qwen2.5-14B,top_k,92.0,0.725,725,1000,results/english_pg19_predictions/audit.qwen25-14b-base.jsonl
1.0,Qwen/Qwen2.5-14B,top_k,93.0,0.726,726,1000,results/english_pg19_predictions/audit.qwen25-14b-base.jsonl
1.0,Qwen/Qwen2.5-14B,top_k,94.0,0.727,727,1000,results/english_pg19_predictions/audit.qwen25-14b-base.jsonl
1.0,Qwen/Qwen2.5-14B,top_k,95.0,0.728,728,1000,results/english_pg19_predictions/audit.qwen25-14b-base.jsonl
1.0,Qwen/Qwen2.5-14B,top_k,96.0,0.729,729,1000,results/english_pg19_predictions/audit.qwen25-14b-base.jsonl
1.0,Qwen/Qwen2.5-14B,top_k,97.0,0.73,730,1000,results/english_pg19_predictions/audit.qwen25-14b-base.jsonl
1.0,Qwen/Qwen2.5-14B,top_k,98.0,0.73,730,1000,results/english_pg19_predictions/audit.qwen25-14b-base.jsonl
1.0,Qwen/Qwen2.5-14B,top_k,99.0,0.731,731,1000,results/english_pg19_predictions/audit.qwen25-14b-base.jsonl
1.0,Qwen/Qwen2.5-14B,top_k,100.0,0.732,732,1000,results/english_pg19_predictions/audit.qwen25-14b-base.jsonl
1.0,Qwen/Qwen2.5-14B,top_p,0.5,0.137,137,1000,results/english_pg19_predictions/audit.qwen25-14b-base.jsonl
1.0,Qwen/Qwen2.5-14B,top_p,0.55,0.172,172,1000,results/english_pg19_predictions/audit.qwen25-14b-base.jsonl
1.0,Qwen/Qwen2.5-14B,top_p,0.6,0.204,204,1000,results/english_pg19_predictions/audit.qwen25-14b-base.jsonl
1.0,Qwen/Qwen2.5-14B,top_p,0.65,0.229,229,1000,results/english_pg19_predictions/audit.qwen25-14b-base.jsonl
1.0,Qwen/Qwen2.5-14B,top_p,0.7,0.284,284,1000,results/english_pg19_predictions/audit.qwen25-14b-base.jsonl
1.0,Qwen/Qwen2.5-14B,top_p,0.75,0.32,320,1000,results/english_pg19_predictions/audit.qwen25-14b-base.jsonl
1.0,Qwen/Qwen2.5-14B,top_p,0.8,0.362,362,1000,results/english_pg19_predictions/audit.qwen25-14b-base.jsonl
1.0,Qwen/Qwen2.5-14B,top_p,0.85,0.406,406,1000,results/english_pg19_predictions/audit.qwen25-14b-base.jsonl
1.0,Qwen/Qwen2.5-14B,top_p,0.9,0.474,474,1000,results/english_pg19_predictions/audit.qwen25-14b-base.jsonl
1.0,Qwen/Qwen2.5-14B,top_p,0.95,0.575,575,1000,results/english_pg19_predictions/audit.qwen25-14b-base.jsonl
1.0,Qwen/Qwen2.5-14B,top_p,0.99,0.715,715,1000,results/english_pg19_predictions/audit.qwen25-14b-base.jsonl
1.0,Qwen/Qwen2.5-14B,min_p,0.01,0.571,571,1000,results/english_pg19_predictions/audit.qwen25-14b-base.jsonl
1.0,Qwen/Qwen2.5-14B,min_p,0.02,0.515,515,1000,results/english_pg19_predictions/audit.qwen25-14b-base.jsonl
1.0,Qwen/Qwen2.5-14B,min_p,0.03,0.474,474,1000,results/english_pg19_predictions/audit.qwen25-14b-base.jsonl
1.0,Qwen/Qwen2.5-14B,min_p,0.04,0.444,444,1000,results/english_pg19_predictions/audit.qwen25-14b-base.jsonl
1.0,Qwen/Qwen2.5-14B,min_p,0.05,0.417,417,1000,results/english_pg19_predictions/audit.qwen25-14b-base.jsonl
1.0,Qwen/Qwen2.5-14B,min_p,0.06,0.403,403,1000,results/english_pg19_predictions/audit.qwen25-14b-base.jsonl
1.0,Qwen/Qwen2.5-14B,min_p,0.07,0.392,392,1000,results/english_pg19_predictions/audit.qwen25-14b-base.jsonl
1.0,Qwen/Qwen2.5-14B,min_p,0.08,0.381,381,1000,results/english_pg19_predictions/audit.qwen25-14b-base.jsonl
1.0,Qwen/Qwen2.5-14B,min_p,0.09,0.367,367,1000,results/english_pg19_predictions/audit.qwen25-14b-base.jsonl
1.0,Qwen/Qwen2.5-14B,min_p,0.1,0.347,347,1000,results/english_pg19_predictions/audit.qwen25-14b-base.jsonl
1.0,Qwen/Qwen2.5-14B-Instruct,top_k,1.0,0.125,125,1000,results/english_pg19_predictions/audit.qwen25-14b-instruct.jsonl
1.0,Qwen/Qwen2.5-14B-Instruct,top_k,2.0,0.199,199,1000,results/english_pg19_predictions/audit.qwen25-14b-instruct.jsonl
1.0,Qwen/Qwen2.5-14B-Instruct,top_k,3.0,0.242,242,1000,results/english_pg19_predictions/audit.qwen25-14b-instruct.jsonl
1.0,Qwen/Qwen2.5-14B-Instruct,top_k,4.0,0.275,275,1000,results/english_pg19_predictions/audit.qwen25-14b-instruct.jsonl
1.0,Qwen/Qwen2.5-14B-Instruct,top_k,5.0,0.306,306,1000,results/english_pg19_predictions/audit.qwen25-14b-instruct.jsonl
1.0,Qwen/Qwen2.5-14B-Instruct,top_k,6.0,0.333,333,1000,results/english_pg19_predictions/audit.qwen25-14b-instruct.jsonl
1.0,Qwen/Qwen2.5-14B-Instruct,top_k,7.0,0.356,356,1000,results/english_pg19_predictions/audit.qwen25-14b-instruct.jsonl
1.0,Qwen/Qwen2.5-14B-Instruct,top_k,8.0,0.37,370,1000,results/english_pg19_predictions/audit.qwen25-14b-instruct.jsonl
1.0,Qwen/Qwen2.5-14B-Instruct,top_k,9.0,0.382,382,1000,results/english_pg19_predictions/audit.qwen25-14b-instruct.jsonl
1.0,Qwen/Qwen2.5-14B-Instruct,top_k,10.0,0.398,398,1000,results/english_pg19_predictions/audit.qwen25-14b-instruct.jsonl
1.0,Qwen/Qwen2.5-14B-Instruct,top_k,11.0,0.408,408,1000,results/english_pg19_predictions/audit.qwen25-14b-instruct.jsonl
1.0,Qwen/Qwen2.5-14B-Instruct,top_k,12.0,0.421,421,1000,results/english_pg19_predictions/audit.qwen25-14b-instruct.jsonl
1.0,Qwen/Qwen2.5-14B-Instruct,top_k,13.0,0.434,434,1000,results/english_pg19_predictions/audit.qwen25-14b-instruct.jsonl
1.0,Qwen/Qwen2.5-14B-Instruct,top_k,14.0,0.445,445,1000,results/english_pg19_predictions/audit.qwen25-14b-instruct.jsonl
1.0,Qwen/Qwen2.5-14B-Instruct,top_k,15.0,0.454,454,1000,results/english_pg19_predictions/audit.qwen25-14b-instruct.jsonl
1.0,Qwen/Qwen2.5-14B-Instruct,top_k,16.0,0.462,462,1000,results/english_pg19_predictions/audit.qwen25-14b-instruct.jsonl
1.0,Qwen/Qwen2.5-14B-Instruct,top_k,17.0,0.472,472,1000,results/english_pg19_predictions/audit.qwen25-14b-instruct.jsonl
1.0,Qwen/Qwen2.5-14B-Instruct,top_k,18.0,0.479,479,1000,results/english_pg19_predictions/audit.qwen25-14b-instruct.jsonl
1.0,Qwen/Qwen2.5-14B-Instruct,top_k,19.0,0.489,489,1000,results/english_pg19_predictions/audit.qwen25-14b-instruct.jsonl
1.0,Qwen/Qwen2.5-14B-Instruct,top_k,20.0,0.493,493,1000,results/english_pg19_predictions/audit.qwen25-14b-instruct.jsonl
1.0,Qwen/Qwen2.5-14B-Instruct,top_k,21.0,0.498,498,1000,results/english_pg19_predictions/audit.qwen25-14b-instruct.jsonl
1.0,Qwen/Qwen2.5-14B-Instruct,top_k,22.0,0.501,501,1000,results/english_pg19_predictions/audit.qwen25-14b-instruct.jsonl
1.0,Qwen/Qwen2.5-14B-Instruct,top_k,23.0,0.507,507,1000,results/english_pg19_predictions/audit.qwen25-14b-instruct.jsonl
1.0,Qwen/Qwen2.5-14B-Instruct,top_k,24.0,0.515,515,1000,results/english_pg19_predictions/audit.qwen25-14b-instruct.jsonl
1.0,Qwen/Qwen2.5-14B-Instruct,top_k,25.0,0.525,525,1000,results/english_pg19_predictions/audit.qwen25-14b-instruct.jsonl
1.0,Qwen/Qwen2.5-14B-Instruct,top_k,26.0,0.53,530,1000,results/english_pg19_predictions/audit.qwen25-14b-instruct.jsonl
1.0,Qwen/Qwen2.5-14B-Instruct,top_k,27.0,0.539,539,1000,results/english_pg19_predictions/audit.qwen25-14b-instruct.jsonl
1.0,Qwen/Qwen2.5-14B-Instruct,top_k,28.0,0.544,544,1000,results/english_pg19_predictions/audit.qwen25-14b-instruct.jsonl
1.0,Qwen/Qwen2.5-14B-Instruct,top_k,29.0,0.552,552,1000,results/english_pg19_predictions/audit.qwen25-14b-instruct.jsonl
1.0,Qwen/Qwen2.5-14B-Instruct,top_k,30.0,0.554,554,1000,results/english_pg19_predictions/audit.qwen25-14b-instruct.jsonl
1.0,Qwen/Qwen2.5-14B-Instruct,top_k,31.0,0.558,558,1000,results/english_pg19_predictions/audit.qwen25-14b-instruct.jsonl
1.0,Qwen/Qwen2.5-14B-Instruct,top_k,32.0,0.563,563,1000,results/english_pg19_predictions/audit.qwen25-14b-instruct.jsonl
1.0,Qwen/Qwen2.5-14B-Instruct,top_k,33.0,0.569,569,1000,results/english_pg19_predictions/audit.qwen25-14b-instruct.jsonl
1.0,Qwen/Qwen2.5-14B-Instruct,top_k,34.0,0.574,574,1000,results/english_pg19_predictions/audit.qwen25-14b-instruct.jsonl
1.0,Qwen/Qwen2.5-14B-Instruct,top_k,35.0,0.582,582,1000,results/english_pg19_predictions/audit.qwen25-14b-instruct.jsonl
1.0,Qwen/Qwen2.5-14B-Instruct,top_k,36.0,0.586,586,1000,results/english_pg19_predictions/audit.qwen25-14b-instruct.jsonl
1.0,Qwen/Qwen2.5-14B-Instruct,top_k,37.0,0.59,590,1000,results/english_pg19_predictions/audit.qwen25-14b-instruct.jsonl
1.0,Qwen/Qwen2.5-14B-Instruct,top_k,38.0,0.595,595,1000,results/english_pg19_predictions/audit.qwen25-14b-instruct.jsonl
1.0,Qwen/Qwen2.5-14B-Instruct,top_k,39.0,0.599,599,1000,results/english_pg19_predictions/audit.qwen25-14b-instruct.jsonl
1.0,Qwen/Qwen2.5-14B-Instruct,top_k,40.0,0.6,600,1000,results/english_pg19_predictions/audit.qwen25-14b-instruct.jsonl
1.0,Qwen/Qwen2.5-14B-Instruct,top_k,41.0,0.603,603,1000,results/english_pg19_predictions/audit.qwen25-14b-instruct.jsonl
1.0,Qwen/Qwen2.5-14B-Instruct,top_k,42.0,0.607,607,1000,results/english_pg19_predictions/audit.qwen25-14b-instruct.jsonl
1.0,Qwen/Qwen2.5-14B-Instruct,top_k,43.0,0.61,610,1000,results/english_pg19_predictions/audit.qwen25-14b-instruct.jsonl
1.0,Qwen/Qwen2.5-14B-Instruct,top_k,44.0,0.614,614,1000,results/english_pg19_predictions/audit.qwen25-14b-instruct.jsonl
1.0,Qwen/Qwen2.5-14B-Instruct,top_k,45.0,0.621,621,1000,results/english_pg19_predictions/audit.qwen25-14b-instruct.jsonl
1.0,Qwen/Qwen2.5-14B-Instruct,top_k,46.0,0.625,625,1000,results/english_pg19_predictions/audit.qwen25-14b-instruct.jsonl
1.0,Qwen/Qwen2.5-14B-Instruct,top_k,47.0,0.628,628,1000,results/english_pg19_predictions/audit.qwen25-14b-instruct.jsonl
1.0,Qwen/Qwen2.5-14B-Instruct,top_k,48.0,0.631,631,1000,results/english_pg19_predictions/audit.qwen25-14b-instruct.jsonl
1.0,Qwen/Qwen2.5-14B-Instruct,top_k,49.0,0.633,633,1000,results/english_pg19_predictions/audit.qwen25-14b-instruct.jsonl
1.0,Qwen/Qwen2.5-14B-Instruct,top_k,50.0,0.635,635,1000,results/english_pg19_predictions/audit.qwen25-14b-instruct.jsonl
1.0,Qwen/Qwen2.5-14B-Instruct,top_k,51.0,0.638,638,1000,results/english_pg19_predictions/audit.qwen25-14b-instruct.jsonl
1.0,Qwen/Qwen2.5-14B-Instruct,top_k,52.0,0.64,640,1000,results/english_pg19_predictions/audit.qwen25-14b-instruct.jsonl
1.0,Qwen/Qwen2.5-14B-Instruct,top_k,53.0,0.641,641,1000,results/english_pg19_predictions/audit.qwen25-14b-instruct.jsonl
1.0,Qwen/Qwen2.5-14B-Instruct,top_k,54.0,0.643,643,1000,results/english_pg19_predictions/audit.qwen25-14b-instruct.jsonl
1.0,Qwen/Qwen2.5-14B-Instruct,top_k,55.0,0.65,650,1000,results/english_pg19_predictions/audit.qwen25-14b-instruct.jsonl
1.0,Qwen/Qwen2.5-14B-Instruct,top_k,56.0,0.654,654,1000,results/english_pg19_predictions/audit.qwen25-14b-instruct.jsonl
1.0,Qwen/Qwen2.5-14B-Instruct,top_k,57.0,0.655,655,1000,results/english_pg19_predictions/audit.qwen25-14b-instruct.jsonl
1.0,Qwen/Qwen2.5-14B-Instruct,top_k,58.0,0.655,655,1000,results/english_pg19_predictions/audit.qwen25-14b-instruct.jsonl
1.0,Qwen/Qwen2.5-14B-Instruct,top_k,59.0,0.658,658,1000,results/english_pg19_predictions/audit.qwen25-14b-instruct.jsonl
1.0,Qwen/Qwen2.5-14B-Instruct,top_k,60.0,0.66,660,1000,results/english_pg19_predictions/audit.qwen25-14b-instruct.jsonl
1.0,Qwen/Qwen2.5-14B-Instruct,top_k,61.0,0.66,660,1000,results/english_pg19_predictions/audit.qwen25-14b-instruct.jsonl
1.0,Qwen/Qwen2.5-14B-Instruct,top_k,62.0,0.661,661,1000,results/english_pg19_predictions/audit.qwen25-14b-instruct.jsonl
1.0,Qwen/Qwen2.5-14B-Instruct,top_k,63.0,0.665,665,1000,results/english_pg19_predictions/audit.qwen25-14b-instruct.jsonl
1.0,Qwen/Qwen2.5-14B-Instruct,top_k,64.0,0.669,669,1000,results/english_pg19_predictions/audit.qwen25-14b-instruct.jsonl
1.0,Qwen/Qwen2.5-14B-Instruct,top_k,65.0,0.67,670,1000,results/english_pg19_predictions/audit.qwen25-14b-instruct.jsonl
1.0,Qwen/Qwen2.5-14B-Instruct,top_k,66.0,0.673,673,1000,results/english_pg19_predictions/audit.qwen25-14b-instruct.jsonl
1.0,Qwen/Qwen2.5-14B-Instruct,top_k,67.0,0.675,675,1000,results/english_pg19_predictions/audit.qwen25-14b-instruct.jsonl
1.0,Qwen/Qwen2.5-14B-Instruct,top_k,68.0,0.677,677,1000,results/english_pg19_predictions/audit.qwen25-14b-instruct.jsonl
1.0,Qwen/Qwen2.5-14B-Instruct,top_k,69.0,0.682,682,1000,results/english_pg19_predictions/audit.qwen25-14b-instruct.jsonl
1.0,Qwen/Qwen2.5-14B-Instruct,top_k,70.0,0.683,683,1000,results/english_pg19_predictions/audit.qwen25-14b-instruct.jsonl
1.0,Qwen/Qwen2.5-14B-Instruct,top_k,71.0,0.684,684,1000,results/english_pg19_predictions/audit.qwen25-14b-instruct.jsonl
1.0,Qwen/Qwen2.5-14B-Instruct,top_k,72.0,0.687,687,1000,results/english_pg19_predictions/audit.qwen25-14b-instruct.jsonl
1.0,Qwen/Qwen2.5-14B-Instruct,top_k,73.0,0.688,688,1000,results/english_pg19_predictions/audit.qwen25-14b-instruct.jsonl
1.0,Qwen/Qwen2.5-14B-Instruct,top_k,74.0,0.69,690,1000,results/english_pg19_predictions/audit.qwen25-14b-instruct.jsonl
1.0,Qwen/Qwen2.5-14B-Instruct,top_k,75.0,0.69,690,1000,results/english_pg19_predictions/audit.qwen25-14b-instruct.jsonl
1.0,Qwen/Qwen2.5-14B-Instruct,top_k,76.0,0.69,690,1000,results/english_pg19_predictions/audit.qwen25-14b-instruct.jsonl
1.0,Qwen/Qwen2.5-14B-Instruct,top_k,77.0,0.69,690,1000,results/english_pg19_predictions/audit.qwen25-14b-instruct.jsonl
1.0,Qwen/Qwen2.5-14B-Instruct,top_k,78.0,0.693,693,1000,results/english_pg19_predictions/audit.qwen25-14b-instruct.jsonl
1.0,Qwen/Qwen2.5-14B-Instruct,top_k,79.0,0.694,694,1000,results/english_pg19_predictions/audit.qwen25-14b-instruct.jsonl
1.0,Qwen/Qwen2.5-14B-Instruct,top_k,80.0,0.694,694,1000,results/english_pg19_predictions/audit.qwen25-14b-instruct.jsonl
1.0,Qwen/Qwen2.5-14B-Instruct,top_k,81.0,0.695,695,1000,results/english_pg19_predictions/audit.qwen25-14b-instruct.jsonl
1.0,Qwen/Qwen2.5-14B-Instruct,top_k,82.0,0.696,696,1000,results/english_pg19_predictions/audit.qwen25-14b-instruct.jsonl
1.0,Qwen/Qwen2.5-14B-Instruct,top_k,83.0,0.697,697,1000,results/english_pg19_predictions/audit.qwen25-14b-instruct.jsonl
1.0,Qwen/Qwen2.5-14B-Instruct,top_k,84.0,0.699,699,1000,results/english_pg19_predictions/audit.qwen25-14b-instruct.jsonl
1.0,Qwen/Qwen2.5-14B-Instruct,top_k,85.0,0.702,702,1000,results/english_pg19_predictions/audit.qwen25-14b-instruct.jsonl
1.0,Qwen/Qwen2.5-14B-Instruct,top_k,86.0,0.704,704,1000,results/english_pg19_predictions/audit.qwen25-14b-instruct.jsonl
1.0,Qwen/Qwen2.5-14B-Instruct,top_k,87.0,0.708,708,1000,results/english_pg19_predictions/audit.qwen25-14b-instruct.jsonl
1.0,Qwen/Qwen2.5-14B-Instruct,top_k,88.0,0.708,708,1000,results/english_pg19_predictions/audit.qwen25-14b-instruct.jsonl
1.0,Qwen/Qwen2.5-14B-Instruct,top_k,89.0,0.709,709,1000,results/english_pg19_predictions/audit.qwen25-14b-instruct.jsonl
1.0,Qwen/Qwen2.5-14B-Instruct,top_k,90.0,0.709,709,1000,results/english_pg19_predictions/audit.qwen25-14b-instruct.jsonl
1.0,Qwen/Qwen2.5-14B-Instruct,top_k,91.0,0.711,711,1000,results/english_pg19_predictions/audit.qwen25-14b-instruct.jsonl
1.0,Qwen/Qwen2.5-14B-Instruct,top_k,92.0,0.711,711,1000,results/english_pg19_predictions/audit.qwen25-14b-instruct.jsonl
1.0,Qwen/Qwen2.5-14B-Instruct,top_k,93.0,0.712,712,1000,results/english_pg19_predictions/audit.qwen25-14b-instruct.jsonl
1.0,Qwen/Qwen2.5-14B-Instruct,top_k,94.0,0.714,714,1000,results/english_pg19_predictions/audit.qwen25-14b-instruct.jsonl
1.0,Qwen/Qwen2.5-14B-Instruct,top_k,95.0,0.718,718,1000,results/english_pg19_predictions/audit.qwen25-14b-instruct.jsonl
1.0,Qwen/Qwen2.5-14B-Instruct,top_k,96.0,0.718,718,1000,results/english_pg19_predictions/audit.qwen25-14b-instruct.jsonl
1.0,Qwen/Qwen2.5-14B-Instruct,top_k,97.0,0.719,719,1000,results/english_pg19_predictions/audit.qwen25-14b-instruct.jsonl
1.0,Qwen/Qwen2.5-14B-Instruct,top_k,98.0,0.72,720,1000,results/english_pg19_predictions/audit.qwen25-14b-instruct.jsonl
1.0,Qwen/Qwen2.5-14B-Instruct,top_k,99.0,0.72,720,1000,results/english_pg19_predictions/audit.qwen25-14b-instruct.jsonl
1.0,Qwen/Qwen2.5-14B-Instruct,top_k,100.0,0.722,722,1000,results/english_pg19_predictions/audit.qwen25-14b-instruct.jsonl
1.0,Qwen/Qwen2.5-14B-Instruct,top_p,0.5,0.127,127,1000,results/english_pg19_predictions/audit.qwen25-14b-instruct.jsonl
1.0,Qwen/Qwen2.5-14B-Instruct,top_p,0.55,0.156,156,1000,results/english_pg19_predictions/audit.qwen25-14b-instruct.jsonl
1.0,Qwen/Qwen2.5-14B-Instruct,top_p,0.6,0.186,186,1000,results/english_pg19_predictions/audit.qwen25-14b-instruct.jsonl
1.0,Qwen/Qwen2.5-14B-Instruct,top_p,0.65,0.224,224,1000,results/english_pg19_predictions/audit.qwen25-14b-instruct.jsonl
1.0,Qwen/Qwen2.5-14B-Instruct,top_p,0.7,0.26,260,1000,results/english_pg19_predictions/audit.qwen25-14b-instruct.jsonl
1.0,Qwen/Qwen2.5-14B-Instruct,top_p,0.75,0.304,304,1000,results/english_pg19_predictions/audit.qwen25-14b-instruct.jsonl
1.0,Qwen/Qwen2.5-14B-Instruct,top_p,0.8,0.345,345,1000,results/english_pg19_predictions/audit.qwen25-14b-instruct.jsonl
1.0,Qwen/Qwen2.5-14B-Instruct,top_p,0.85,0.395,395,1000,results/english_pg19_predictions/audit.qwen25-14b-instruct.jsonl
1.0,Qwen/Qwen2.5-14B-Instruct,top_p,0.9,0.467,467,1000,results/english_pg19_predictions/audit.qwen25-14b-instruct.jsonl
1.0,Qwen/Qwen2.5-14B-Instruct,top_p,0.95,0.555,555,1000,results/english_pg19_predictions/audit.qwen25-14b-instruct.jsonl
1.0,Qwen/Qwen2.5-14B-Instruct,top_p,0.99,0.702,702,1000,results/english_pg19_predictions/audit.qwen25-14b-instruct.jsonl
1.0,Qwen/Qwen2.5-14B-Instruct,min_p,0.01,0.574,574,1000,results/english_pg19_predictions/audit.qwen25-14b-instruct.jsonl
1.0,Qwen/Qwen2.5-14B-Instruct,min_p,0.02,0.507,507,1000,results/english_pg19_predictions/audit.qwen25-14b-instruct.jsonl
1.0,Qwen/Qwen2.5-14B-Instruct,min_p,0.03,0.478,478,1000,results/english_pg19_predictions/audit.qwen25-14b-instruct.jsonl
1.0,Qwen/Qwen2.5-14B-Instruct,min_p,0.04,0.443,443,1000,results/english_pg19_predictions/audit.qwen25-14b-instruct.jsonl
1.0,Qwen/Qwen2.5-14B-Instruct,min_p,0.05,0.415,415,1000,results/english_pg19_predictions/audit.qwen25-14b-instruct.jsonl
1.0,Qwen/Qwen2.5-14B-Instruct,min_p,0.06,0.4,400,1000,results/english_pg19_predictions/audit.qwen25-14b-instruct.jsonl
1.0,Qwen/Qwen2.5-14B-Instruct,min_p,0.07,0.377,377,1000,results/english_pg19_predictions/audit.qwen25-14b-instruct.jsonl
1.0,Qwen/Qwen2.5-14B-Instruct,min_p,0.08,0.365,365,1000,results/english_pg19_predictions/audit.qwen25-14b-instruct.jsonl
1.0,Qwen/Qwen2.5-14B-Instruct,min_p,0.09,0.353,353,1000,results/english_pg19_predictions/audit.qwen25-14b-instruct.jsonl
1.0,Qwen/Qwen2.5-14B-Instruct,min_p,0.1,0.34,340,1000,results/english_pg19_predictions/audit.qwen25-14b-instruct.jsonl
1.0,Qwen/Qwen3.5-9B,top_k,1.0,0.102,102,1000,results/english_pg19_predictions/audit.qwen35-9b-instruct.jsonl
1.0,Qwen/Qwen3.5-9B,top_k,2.0,0.159,159,1000,results/english_pg19_predictions/audit.qwen35-9b-instruct.jsonl
1.0,Qwen/Qwen3.5-9B,top_k,3.0,0.196,196,1000,results/english_pg19_predictions/audit.qwen35-9b-instruct.jsonl
1.0,Qwen/Qwen3.5-9B,top_k,4.0,0.227,227,1000,results/english_pg19_predictions/audit.qwen35-9b-instruct.jsonl
1.0,Qwen/Qwen3.5-9B,top_k,5.0,0.251,251,1000,results/english_pg19_predictions/audit.qwen35-9b-instruct.jsonl
1.0,Qwen/Qwen3.5-9B,top_k,6.0,0.277,277,1000,results/english_pg19_predictions/audit.qwen35-9b-instruct.jsonl
1.0,Qwen/Qwen3.5-9B,top_k,7.0,0.296,296,1000,results/english_pg19_predictions/audit.qwen35-9b-instruct.jsonl
1.0,Qwen/Qwen3.5-9B,top_k,8.0,0.312,312,1000,results/english_pg19_predictions/audit.qwen35-9b-instruct.jsonl
1.0,Qwen/Qwen3.5-9B,top_k,9.0,0.324,324,1000,results/english_pg19_predictions/audit.qwen35-9b-instruct.jsonl
1.0,Qwen/Qwen3.5-9B,top_k,10.0,0.338,338,1000,results/english_pg19_predictions/audit.qwen35-9b-instruct.jsonl
1.0,Qwen/Qwen3.5-9B,top_k,11.0,0.352,352,1000,results/english_pg19_predictions/audit.qwen35-9b-instruct.jsonl
1.0,Qwen/Qwen3.5-9B,top_k,12.0,0.365,365,1000,results/english_pg19_predictions/audit.qwen35-9b-instruct.jsonl
1.0,Qwen/Qwen3.5-9B,top_k,13.0,0.371,371,1000,results/english_pg19_predictions/audit.qwen35-9b-instruct.jsonl
1.0,Qwen/Qwen3.5-9B,top_k,14.0,0.383,383,1000,results/english_pg19_predictions/audit.qwen35-9b-instruct.jsonl
1.0,Qwen/Qwen3.5-9B,top_k,15.0,0.391,391,1000,results/english_pg19_predictions/audit.qwen35-9b-instruct.jsonl
1.0,Qwen/Qwen3.5-9B,top_k,16.0,0.399,399,1000,results/english_pg19_predictions/audit.qwen35-9b-instruct.jsonl
1.0,Qwen/Qwen3.5-9B,top_k,17.0,0.403,403,1000,results/english_pg19_predictions/audit.qwen35-9b-instruct.jsonl
1.0,Qwen/Qwen3.5-9B,top_k,18.0,0.41,410,1000,results/english_pg19_predictions/audit.qwen35-9b-instruct.jsonl
1.0,Qwen/Qwen3.5-9B,top_k,19.0,0.419,419,1000,results/english_pg19_predictions/audit.qwen35-9b-instruct.jsonl
1.0,Qwen/Qwen3.5-9B,top_k,20.0,0.432,432,1000,results/english_pg19_predictions/audit.qwen35-9b-instruct.jsonl
1.0,Qwen/Qwen3.5-9B,top_k,21.0,0.438,438,1000,results/english_pg19_predictions/audit.qwen35-9b-instruct.jsonl
1.0,Qwen/Qwen3.5-9B,top_k,22.0,0.444,444,1000,results/english_pg19_predictions/audit.qwen35-9b-instruct.jsonl
1.0,Qwen/Qwen3.5-9B,top_k,23.0,0.449,449,1000,results/english_pg19_predictions/audit.qwen35-9b-instruct.jsonl
1.0,Qwen/Qwen3.5-9B,top_k,24.0,0.456,456,1000,results/english_pg19_predictions/audit.qwen35-9b-instruct.jsonl
1.0,Qwen/Qwen3.5-9B,top_k,25.0,0.46,460,1000,results/english_pg19_predictions/audit.qwen35-9b-instruct.jsonl
1.0,Qwen/Qwen3.5-9B,top_k,26.0,0.468,468,1000,results/english_pg19_predictions/audit.qwen35-9b-instruct.jsonl
1.0,Qwen/Qwen3.5-9B,top_k,27.0,0.475,475,1000,results/english_pg19_predictions/audit.qwen35-9b-instruct.jsonl
1.0,Qwen/Qwen3.5-9B,top_k,28.0,0.478,478,1000,results/english_pg19_predictions/audit.qwen35-9b-instruct.jsonl
1.0,Qwen/Qwen3.5-9B,top_k,29.0,0.48,480,1000,results/english_pg19_predictions/audit.qwen35-9b-instruct.jsonl
1.0,Qwen/Qwen3.5-9B,top_k,30.0,0.485,485,1000,results/english_pg19_predictions/audit.qwen35-9b-instruct.jsonl
1.0,Qwen/Qwen3.5-9B,top_k,31.0,0.487,487,1000,results/english_pg19_predictions/audit.qwen35-9b-instruct.jsonl
1.0,Qwen/Qwen3.5-9B,top_k,32.0,0.491,491,1000,results/english_pg19_predictions/audit.qwen35-9b-instruct.jsonl
1.0,Qwen/Qwen3.5-9B,top_k,33.0,0.496,496,1000,results/english_pg19_predictions/audit.qwen35-9b-instruct.jsonl
1.0,Qwen/Qwen3.5-9B,top_k,34.0,0.498,498,1000,results/english_pg19_predictions/audit.qwen35-9b-instruct.jsonl
1.0,Qwen/Qwen3.5-9B,top_k,35.0,0.502,502,1000,results/english_pg19_predictions/audit.qwen35-9b-instruct.jsonl
1.0,Qwen/Qwen3.5-9B,top_k,36.0,0.509,509,1000,results/english_pg19_predictions/audit.qwen35-9b-instruct.jsonl
1.0,Qwen/Qwen3.5-9B,top_k,37.0,0.511,511,1000,results/english_pg19_predictions/audit.qwen35-9b-instruct.jsonl
1.0,Qwen/Qwen3.5-9B,top_k,38.0,0.519,519,1000,results/english_pg19_predictions/audit.qwen35-9b-instruct.jsonl
1.0,Qwen/Qwen3.5-9B,top_k,39.0,0.523,523,1000,results/english_pg19_predictions/audit.qwen35-9b-instruct.jsonl
1.0,Qwen/Qwen3.5-9B,top_k,40.0,0.526,526,1000,results/english_pg19_predictions/audit.qwen35-9b-instruct.jsonl
1.0,Qwen/Qwen3.5-9B,top_k,41.0,0.533,533,1000,results/english_pg19_predictions/audit.qwen35-9b-instruct.jsonl
1.0,Qwen/Qwen3.5-9B,top_k,42.0,0.535,535,1000,results/english_pg19_predictions/audit.qwen35-9b-instruct.jsonl
1.0,Qwen/Qwen3.5-9B,top_k,43.0,0.537,537,1000,results/english_pg19_predictions/audit.qwen35-9b-instruct.jsonl
1.0,Qwen/Qwen3.5-9B,top_k,44.0,0.54,540,1000,results/english_pg19_predictions/audit.qwen35-9b-instruct.jsonl
1.0,Qwen/Qwen3.5-9B,top_k,45.0,0.544,544,1000,results/english_pg19_predictions/audit.qwen35-9b-instruct.jsonl
1.0,Qwen/Qwen3.5-9B,top_k,46.0,0.549,549,1000,results/english_pg19_predictions/audit.qwen35-9b-instruct.jsonl
1.0,Qwen/Qwen3.5-9B,top_k,47.0,0.55,550,1000,results/english_pg19_predictions/audit.qwen35-9b-instruct.jsonl
1.0,Qwen/Qwen3.5-9B,top_k,48.0,0.558,558,1000,results/english_pg19_predictions/audit.qwen35-9b-instruct.jsonl
1.0,Qwen/Qwen3.5-9B,top_k,49.0,0.564,564,1000,results/english_pg19_predictions/audit.qwen35-9b-instruct.jsonl
1.0,Qwen/Qwen3.5-9B,top_k,50.0,0.567,567,1000,results/english_pg19_predictions/audit.qwen35-9b-instruct.jsonl
1.0,Qwen/Qwen3.5-9B,top_k,51.0,0.568,568,1000,results/english_pg19_predictions/audit.qwen35-9b-instruct.jsonl
1.0,Qwen/Qwen3.5-9B,top_k,52.0,0.572,572,1000,results/english_pg19_predictions/audit.qwen35-9b-instruct.jsonl
1.0,Qwen/Qwen3.5-9B,top_k,53.0,0.576,576,1000,results/english_pg19_predictions/audit.qwen35-9b-instruct.jsonl
1.0,Qwen/Qwen3.5-9B,top_k,54.0,0.577,577,1000,results/english_pg19_predictions/audit.qwen35-9b-instruct.jsonl
1.0,Qwen/Qwen3.5-9B,top_k,55.0,0.579,579,1000,results/english_pg19_predictions/audit.qwen35-9b-instruct.jsonl
1.0,Qwen/Qwen3.5-9B,top_k,56.0,0.579,579,1000,results/english_pg19_predictions/audit.qwen35-9b-instruct.jsonl
1.0,Qwen/Qwen3.5-9B,top_k,57.0,0.584,584,1000,results/english_pg19_predictions/audit.qwen35-9b-instruct.jsonl
1.0,Qwen/Qwen3.5-9B,top_k,58.0,0.584,584,1000,results/english_pg19_predictions/audit.qwen35-9b-instruct.jsonl
1.0,Qwen/Qwen3.5-9B,top_k,59.0,0.584,584,1000,results/english_pg19_predictions/audit.qwen35-9b-instruct.jsonl
1.0,Qwen/Qwen3.5-9B,top_k,60.0,0.585,585,1000,results/english_pg19_predictions/audit.qwen35-9b-instruct.jsonl
1.0,Qwen/Qwen3.5-9B,top_k,61.0,0.586,586,1000,results/english_pg19_predictions/audit.qwen35-9b-instruct.jsonl
1.0,Qwen/Qwen3.5-9B,top_k,62.0,0.587,587,1000,results/english_pg19_predictions/audit.qwen35-9b-instruct.jsonl
1.0,Qwen/Qwen3.5-9B,top_k,63.0,0.589,589,1000,results/english_pg19_predictions/audit.qwen35-9b-instruct.jsonl
1.0,Qwen/Qwen3.5-9B,top_k,64.0,0.591,591,1000,results/english_pg19_predictions/audit.qwen35-9b-instruct.jsonl
1.0,Qwen/Qwen3.5-9B,top_k,65.0,0.592,592,1000,results/english_pg19_predictions/audit.qwen35-9b-instruct.jsonl
1.0,Qwen/Qwen3.5-9B,top_k,66.0,0.595,595,1000,results/english_pg19_predictions/audit.qwen35-9b-instruct.jsonl
1.0,Qwen/Qwen3.5-9B,top_k,67.0,0.603,603,1000,results/english_pg19_predictions/audit.qwen35-9b-instruct.jsonl
1.0,Qwen/Qwen3.5-9B,top_k,68.0,0.605,605,1000,results/english_pg19_predictions/audit.qwen35-9b-instruct.jsonl
1.0,Qwen/Qwen3.5-9B,top_k,69.0,0.607,607,1000,results/english_pg19_predictions/audit.qwen35-9b-instruct.jsonl
1.0,Qwen/Qwen3.5-9B,top_k,70.0,0.609,609,1000,results/english_pg19_predictions/audit.qwen35-9b-instruct.jsonl
1.0,Qwen/Qwen3.5-9B,top_k,71.0,0.611,611,1000,results/english_pg19_predictions/audit.qwen35-9b-instruct.jsonl
1.0,Qwen/Qwen3.5-9B,top_k,72.0,0.617,617,1000,results/english_pg19_predictions/audit.qwen35-9b-instruct.jsonl
1.0,Qwen/Qwen3.5-9B,top_k,73.0,0.618,618,1000,results/english_pg19_predictions/audit.qwen35-9b-instruct.jsonl
1.0,Qwen/Qwen3.5-9B,top_k,74.0,0.621,621,1000,results/english_pg19_predictions/audit.qwen35-9b-instruct.jsonl
1.0,Qwen/Qwen3.5-9B,top_k,75.0,0.621,621,1000,results/english_pg19_predictions/audit.qwen35-9b-instruct.jsonl
1.0,Qwen/Qwen3.5-9B,top_k,76.0,0.622,622,1000,results/english_pg19_predictions/audit.qwen35-9b-instruct.jsonl
1.0,Qwen/Qwen3.5-9B,top_k,77.0,0.626,626,1000,results/english_pg19_predictions/audit.qwen35-9b-instruct.jsonl
1.0,Qwen/Qwen3.5-9B,top_k,78.0,0.626,626,1000,results/english_pg19_predictions/audit.qwen35-9b-instruct.jsonl
1.0,Qwen/Qwen3.5-9B,top_k,79.0,0.626,626,1000,results/english_pg19_predictions/audit.qwen35-9b-instruct.jsonl
1.0,Qwen/Qwen3.5-9B,top_k,80.0,0.628,628,1000,results/english_pg19_predictions/audit.qwen35-9b-instruct.jsonl
1.0,Qwen/Qwen3.5-9B,top_k,81.0,0.631,631,1000,results/english_pg19_predictions/audit.qwen35-9b-instruct.jsonl
1.0,Qwen/Qwen3.5-9B,top_k,82.0,0.633,633,1000,results/english_pg19_predictions/audit.qwen35-9b-instruct.jsonl
1.0,Qwen/Qwen3.5-9B,top_k,83.0,0.633,633,1000,results/english_pg19_predictions/audit.qwen35-9b-instruct.jsonl
1.0,Qwen/Qwen3.5-9B,top_k,84.0,0.633,633,1000,results/english_pg19_predictions/audit.qwen35-9b-instruct.jsonl
1.0,Qwen/Qwen3.5-9B,top_k,85.0,0.636,636,1000,results/english_pg19_predictions/audit.qwen35-9b-instruct.jsonl
1.0,Qwen/Qwen3.5-9B,top_k,86.0,0.638,638,1000,results/english_pg19_predictions/audit.qwen35-9b-instruct.jsonl
1.0,Qwen/Qwen3.5-9B,top_k,87.0,0.64,640,1000,results/english_pg19_predictions/audit.qwen35-9b-instruct.jsonl
1.0,Qwen/Qwen3.5-9B,top_k,88.0,0.644,644,1000,results/english_pg19_predictions/audit.qwen35-9b-instruct.jsonl
1.0,Qwen/Qwen3.5-9B,top_k,89.0,0.646,646,1000,results/english_pg19_predictions/audit.qwen35-9b-instruct.jsonl
1.0,Qwen/Qwen3.5-9B,top_k,90.0,0.647,647,1000,results/english_pg19_predictions/audit.qwen35-9b-instruct.jsonl
1.0,Qwen/Qwen3.5-9B,top_k,91.0,0.649,649,1000,results/english_pg19_predictions/audit.qwen35-9b-instruct.jsonl
1.0,Qwen/Qwen3.5-9B,top_k,92.0,0.65,650,1000,results/english_pg19_predictions/audit.qwen35-9b-instruct.jsonl
1.0,Qwen/Qwen3.5-9B,top_k,93.0,0.652,652,1000,results/english_pg19_predictions/audit.qwen35-9b-instruct.jsonl
1.0,Qwen/Qwen3.5-9B,top_k,94.0,0.653,653,1000,results/english_pg19_predictions/audit.qwen35-9b-instruct.jsonl
1.0,Qwen/Qwen3.5-9B,top_k,95.0,0.655,655,1000,results/english_pg19_predictions/audit.qwen35-9b-instruct.jsonl
1.0,Qwen/Qwen3.5-9B,top_k,96.0,0.656,656,1000,results/english_pg19_predictions/audit.qwen35-9b-instruct.jsonl
1.0,Qwen/Qwen3.5-9B,top_k,97.0,0.659,659,1000,results/english_pg19_predictions/audit.qwen35-9b-instruct.jsonl
1.0,Qwen/Qwen3.5-9B,top_k,98.0,0.662,662,1000,results/english_pg19_predictions/audit.qwen35-9b-instruct.jsonl
1.0,Qwen/Qwen3.5-9B,top_k,99.0,0.663,663,1000,results/english_pg19_predictions/audit.qwen35-9b-instruct.jsonl
1.0,Qwen/Qwen3.5-9B,top_k,100.0,0.664,664,1000,results/english_pg19_predictions/audit.qwen35-9b-instruct.jsonl
1.0,Qwen/Qwen3.5-9B,top_p,0.5,0.12,120,1000,results/english_pg19_predictions/audit.qwen35-9b-instruct.jsonl
1.0,Qwen/Qwen3.5-9B,top_p,0.55,0.147,147,1000,results/english_pg19_predictions/audit.qwen35-9b-instruct.jsonl
1.0,Qwen/Qwen3.5-9B,top_p,0.6,0.172,172,1000,results/english_pg19_predictions/audit.qwen35-9b-instruct.jsonl
1.0,Qwen/Qwen3.5-9B,top_p,0.65,0.206,206,1000,results/english_pg19_predictions/audit.qwen35-9b-instruct.jsonl
1.0,Qwen/Qwen3.5-9B,top_p,0.7,0.241,241,1000,results/english_pg19_predictions/audit.qwen35-9b-instruct.jsonl
1.0,Qwen/Qwen3.5-9B,top_p,0.75,0.28,280,1000,results/english_pg19_predictions/audit.qwen35-9b-instruct.jsonl
1.0,Qwen/Qwen3.5-9B,top_p,0.8,0.336,336,1000,results/english_pg19_predictions/audit.qwen35-9b-instruct.jsonl
1.0,Qwen/Qwen3.5-9B,top_p,0.85,0.401,401,1000,results/english_pg19_predictions/audit.qwen35-9b-instruct.jsonl
1.0,Qwen/Qwen3.5-9B,top_p,0.9,0.477,477,1000,results/english_pg19_predictions/audit.qwen35-9b-instruct.jsonl
1.0,Qwen/Qwen3.5-9B,top_p,0.95,0.575,575,1000,results/english_pg19_predictions/audit.qwen35-9b-instruct.jsonl
1.0,Qwen/Qwen3.5-9B,top_p,0.99,0.724,724,1000,results/english_pg19_predictions/audit.qwen35-9b-instruct.jsonl
1.0,Qwen/Qwen3.5-9B,min_p,0.01,0.523,523,1000,results/english_pg19_predictions/audit.qwen35-9b-instruct.jsonl
1.0,Qwen/Qwen3.5-9B,min_p,0.02,0.463,463,1000,results/english_pg19_predictions/audit.qwen35-9b-instruct.jsonl
1.0,Qwen/Qwen3.5-9B,min_p,0.03,0.418,418,1000,results/english_pg19_predictions/audit.qwen35-9b-instruct.jsonl
1.0,Qwen/Qwen3.5-9B,min_p,0.04,0.384,384,1000,results/english_pg19_predictions/audit.qwen35-9b-instruct.jsonl
1.0,Qwen/Qwen3.5-9B,min_p,0.05,0.36,360,1000,results/english_pg19_predictions/audit.qwen35-9b-instruct.jsonl
1.0,Qwen/Qwen3.5-9B,min_p,0.06,0.348,348,1000,results/english_pg19_predictions/audit.qwen35-9b-instruct.jsonl
1.0,Qwen/Qwen3.5-9B,min_p,0.07,0.328,328,1000,results/english_pg19_predictions/audit.qwen35-9b-instruct.jsonl
1.0,Qwen/Qwen3.5-9B,min_p,0.08,0.313,313,1000,results/english_pg19_predictions/audit.qwen35-9b-instruct.jsonl
1.0,Qwen/Qwen3.5-9B,min_p,0.09,0.301,301,1000,results/english_pg19_predictions/audit.qwen35-9b-instruct.jsonl
1.0,Qwen/Qwen3.5-9B,min_p,0.1,0.29,290,1000,results/english_pg19_predictions/audit.qwen35-9b-instruct.jsonl
1.0,Qwen/Qwen3.5-9B-Base,top_k,1.0,0.105,105,1000,results/english_pg19_predictions/audit.qwen35-9b-base.jsonl
1.0,Qwen/Qwen3.5-9B-Base,top_k,2.0,0.176,176,1000,results/english_pg19_predictions/audit.qwen35-9b-base.jsonl
1.0,Qwen/Qwen3.5-9B-Base,top_k,3.0,0.216,216,1000,results/english_pg19_predictions/audit.qwen35-9b-base.jsonl
1.0,Qwen/Qwen3.5-9B-Base,top_k,4.0,0.242,242,1000,results/english_pg19_predictions/audit.qwen35-9b-base.jsonl
1.0,Qwen/Qwen3.5-9B-Base,top_k,5.0,0.263,263,1000,results/english_pg19_predictions/audit.qwen35-9b-base.jsonl
1.0,Qwen/Qwen3.5-9B-Base,top_k,6.0,0.281,281,1000,results/english_pg19_predictions/audit.qwen35-9b-base.jsonl
1.0,Qwen/Qwen3.5-9B-Base,top_k,7.0,0.302,302,1000,results/english_pg19_predictions/audit.qwen35-9b-base.jsonl
1.0,Qwen/Qwen3.5-9B-Base,top_k,8.0,0.322,322,1000,results/english_pg19_predictions/audit.qwen35-9b-base.jsonl
1.0,Qwen/Qwen3.5-9B-Base,top_k,9.0,0.339,339,1000,results/english_pg19_predictions/audit.qwen35-9b-base.jsonl
1.0,Qwen/Qwen3.5-9B-Base,top_k,10.0,0.352,352,1000,results/english_pg19_predictions/audit.qwen35-9b-base.jsonl
1.0,Qwen/Qwen3.5-9B-Base,top_k,11.0,0.363,363,1000,results/english_pg19_predictions/audit.qwen35-9b-base.jsonl
1.0,Qwen/Qwen3.5-9B-Base,top_k,12.0,0.372,372,1000,results/english_pg19_predictions/audit.qwen35-9b-base.jsonl
1.0,Qwen/Qwen3.5-9B-Base,top_k,13.0,0.382,382,1000,results/english_pg19_predictions/audit.qwen35-9b-base.jsonl
1.0,Qwen/Qwen3.5-9B-Base,top_k,14.0,0.397,397,1000,results/english_pg19_predictions/audit.qwen35-9b-base.jsonl
1.0,Qwen/Qwen3.5-9B-Base,top_k,15.0,0.404,404,1000,results/english_pg19_predictions/audit.qwen35-9b-base.jsonl
1.0,Qwen/Qwen3.5-9B-Base,top_k,16.0,0.413,413,1000,results/english_pg19_predictions/audit.qwen35-9b-base.jsonl
1.0,Qwen/Qwen3.5-9B-Base,top_k,17.0,0.42,420,1000,results/english_pg19_predictions/audit.qwen35-9b-base.jsonl
1.0,Qwen/Qwen3.5-9B-Base,top_k,18.0,0.426,426,1000,results/english_pg19_predictions/audit.qwen35-9b-base.jsonl
1.0,Qwen/Qwen3.5-9B-Base,top_k,19.0,0.437,437,1000,results/english_pg19_predictions/audit.qwen35-9b-base.jsonl
1.0,Qwen/Qwen3.5-9B-Base,top_k,20.0,0.444,444,1000,results/english_pg19_predictions/audit.qwen35-9b-base.jsonl
1.0,Qwen/Qwen3.5-9B-Base,top_k,21.0,0.454,454,1000,results/english_pg19_predictions/audit.qwen35-9b-base.jsonl
1.0,Qwen/Qwen3.5-9B-Base,top_k,22.0,0.457,457,1000,results/english_pg19_predictions/audit.qwen35-9b-base.jsonl
1.0,Qwen/Qwen3.5-9B-Base,top_k,23.0,0.466,466,1000,results/english_pg19_predictions/audit.qwen35-9b-base.jsonl
1.0,Qwen/Qwen3.5-9B-Base,top_k,24.0,0.473,473,1000,results/english_pg19_predictions/audit.qwen35-9b-base.jsonl
1.0,Qwen/Qwen3.5-9B-Base,top_k,25.0,0.48,480,1000,results/english_pg19_predictions/audit.qwen35-9b-base.jsonl
1.0,Qwen/Qwen3.5-9B-Base,top_k,26.0,0.484,484,1000,results/english_pg19_predictions/audit.qwen35-9b-base.jsonl
1.0,Qwen/Qwen3.5-9B-Base,top_k,27.0,0.488,488,1000,results/english_pg19_predictions/audit.qwen35-9b-base.jsonl
1.0,Qwen/Qwen3.5-9B-Base,top_k,28.0,0.493,493,1000,results/english_pg19_predictions/audit.qwen35-9b-base.jsonl
1.0,Qwen/Qwen3.5-9B-Base,top_k,29.0,0.498,498,1000,results/english_pg19_predictions/audit.qwen35-9b-base.jsonl
1.0,Qwen/Qwen3.5-9B-Base,top_k,30.0,0.504,504,1000,results/english_pg19_predictions/audit.qwen35-9b-base.jsonl
1.0,Qwen/Qwen3.5-9B-Base,top_k,31.0,0.508,508,1000,results/english_pg19_predictions/audit.qwen35-9b-base.jsonl
1.0,Qwen/Qwen3.5-9B-Base,top_k,32.0,0.51,510,1000,results/english_pg19_predictions/audit.qwen35-9b-base.jsonl
1.0,Qwen/Qwen3.5-9B-Base,top_k,33.0,0.516,516,1000,results/english_pg19_predictions/audit.qwen35-9b-base.jsonl
1.0,Qwen/Qwen3.5-9B-Base,top_k,34.0,0.521,521,1000,results/english_pg19_predictions/audit.qwen35-9b-base.jsonl
1.0,Qwen/Qwen3.5-9B-Base,top_k,35.0,0.522,522,1000,results/english_pg19_predictions/audit.qwen35-9b-base.jsonl
1.0,Qwen/Qwen3.5-9B-Base,top_k,36.0,0.523,523,1000,results/english_pg19_predictions/audit.qwen35-9b-base.jsonl
1.0,Qwen/Qwen3.5-9B-Base,top_k,37.0,0.53,530,1000,results/english_pg19_predictions/audit.qwen35-9b-base.jsonl
1.0,Qwen/Qwen3.5-9B-Base,top_k,38.0,0.534,534,1000,results/english_pg19_predictions/audit.qwen35-9b-base.jsonl
1.0,Qwen/Qwen3.5-9B-Base,top_k,39.0,0.542,542,1000,results/english_pg19_predictions/audit.qwen35-9b-base.jsonl
1.0,Qwen/Qwen3.5-9B-Base,top_k,40.0,0.547,547,1000,results/english_pg19_predictions/audit.qwen35-9b-base.jsonl
1.0,Qwen/Qwen3.5-9B-Base,top_k,41.0,0.549,549,1000,results/english_pg19_predictions/audit.qwen35-9b-base.jsonl
1.0,Qwen/Qwen3.5-9B-Base,top_k,42.0,0.555,555,1000,results/english_pg19_predictions/audit.qwen35-9b-base.jsonl
1.0,Qwen/Qwen3.5-9B-Base,top_k,43.0,0.56,560,1000,results/english_pg19_predictions/audit.qwen35-9b-base.jsonl
1.0,Qwen/Qwen3.5-9B-Base,top_k,44.0,0.565,565,1000,results/english_pg19_predictions/audit.qwen35-9b-base.jsonl
1.0,Qwen/Qwen3.5-9B-Base,top_k,45.0,0.566,566,1000,results/english_pg19_predictions/audit.qwen35-9b-base.jsonl
1.0,Qwen/Qwen3.5-9B-Base,top_k,46.0,0.569,569,1000,results/english_pg19_predictions/audit.qwen35-9b-base.jsonl
1.0,Qwen/Qwen3.5-9B-Base,top_k,47.0,0.572,572,1000,results/english_pg19_predictions/audit.qwen35-9b-base.jsonl
1.0,Qwen/Qwen3.5-9B-Base,top_k,48.0,0.576,576,1000,results/english_pg19_predictions/audit.qwen35-9b-base.jsonl
1.0,Qwen/Qwen3.5-9B-Base,top_k,49.0,0.58,580,1000,results/english_pg19_predictions/audit.qwen35-9b-base.jsonl
1.0,Qwen/Qwen3.5-9B-Base,top_k,50.0,0.583,583,1000,results/english_pg19_predictions/audit.qwen35-9b-base.jsonl
1.0,Qwen/Qwen3.5-9B-Base,top_k,51.0,0.585,585,1000,results/english_pg19_predictions/audit.qwen35-9b-base.jsonl
1.0,Qwen/Qwen3.5-9B-Base,top_k,52.0,0.586,586,1000,results/english_pg19_predictions/audit.qwen35-9b-base.jsonl
1.0,Qwen/Qwen3.5-9B-Base,top_k,53.0,0.587,587,1000,results/english_pg19_predictions/audit.qwen35-9b-base.jsonl
1.0,Qwen/Qwen3.5-9B-Base,top_k,54.0,0.588,588,1000,results/english_pg19_predictions/audit.qwen35-9b-base.jsonl
1.0,Qwen/Qwen3.5-9B-Base,top_k,55.0,0.595,595,1000,results/english_pg19_predictions/audit.qwen35-9b-base.jsonl
1.0,Qwen/Qwen3.5-9B-Base,top_k,56.0,0.597,597,1000,results/english_pg19_predictions/audit.qwen35-9b-base.jsonl
1.0,Qwen/Qwen3.5-9B-Base,top_k,57.0,0.601,601,1000,results/english_pg19_predictions/audit.qwen35-9b-base.jsonl
1.0,Qwen/Qwen3.5-9B-Base,top_k,58.0,0.603,603,1000,results/english_pg19_predictions/audit.qwen35-9b-base.jsonl
1.0,Qwen/Qwen3.5-9B-Base,top_k,59.0,0.606,606,1000,results/english_pg19_predictions/audit.qwen35-9b-base.jsonl
1.0,Qwen/Qwen3.5-9B-Base,top_k,60.0,0.609,609,1000,results/english_pg19_predictions/audit.qwen35-9b-base.jsonl
1.0,Qwen/Qwen3.5-9B-Base,top_k,61.0,0.613,613,1000,results/english_pg19_predictions/audit.qwen35-9b-base.jsonl
1.0,Qwen/Qwen3.5-9B-Base,top_k,62.0,0.617,617,1000,results/english_pg19_predictions/audit.qwen35-9b-base.jsonl
1.0,Qwen/Qwen3.5-9B-Base,top_k,63.0,0.618,618,1000,results/english_pg19_predictions/audit.qwen35-9b-base.jsonl
1.0,Qwen/Qwen3.5-9B-Base,top_k,64.0,0.62,620,1000,results/english_pg19_predictions/audit.qwen35-9b-base.jsonl
1.0,Qwen/Qwen3.5-9B-Base,top_k,65.0,0.621,621,1000,results/english_pg19_predictions/audit.qwen35-9b-base.jsonl
1.0,Qwen/Qwen3.5-9B-Base,top_k,66.0,0.623,623,1000,results/english_pg19_predictions/audit.qwen35-9b-base.jsonl
1.0,Qwen/Qwen3.5-9B-Base,top_k,67.0,0.624,624,1000,results/english_pg19_predictions/audit.qwen35-9b-base.jsonl
1.0,Qwen/Qwen3.5-9B-Base,top_k,68.0,0.628,628,1000,results/english_pg19_predictions/audit.qwen35-9b-base.jsonl
1.0,Qwen/Qwen3.5-9B-Base,top_k,69.0,0.63,630,1000,results/english_pg19_predictions/audit.qwen35-9b-base.jsonl
1.0,Qwen/Qwen3.5-9B-Base,top_k,70.0,0.631,631,1000,results/english_pg19_predictions/audit.qwen35-9b-base.jsonl
1.0,Qwen/Qwen3.5-9B-Base,top_k,71.0,0.633,633,1000,results/english_pg19_predictions/audit.qwen35-9b-base.jsonl
1.0,Qwen/Qwen3.5-9B-Base,top_k,72.0,0.633,633,1000,results/english_pg19_predictions/audit.qwen35-9b-base.jsonl
1.0,Qwen/Qwen3.5-9B-Base,top_k,73.0,0.637,637,1000,results/english_pg19_predictions/audit.qwen35-9b-base.jsonl
1.0,Qwen/Qwen3.5-9B-Base,top_k,74.0,0.638,638,1000,results/english_pg19_predictions/audit.qwen35-9b-base.jsonl
1.0,Qwen/Qwen3.5-9B-Base,top_k,75.0,0.638,638,1000,results/english_pg19_predictions/audit.qwen35-9b-base.jsonl
1.0,Qwen/Qwen3.5-9B-Base,top_k,76.0,0.639,639,1000,results/english_pg19_predictions/audit.qwen35-9b-base.jsonl
1.0,Qwen/Qwen3.5-9B-Base,top_k,77.0,0.639,639,1000,results/english_pg19_predictions/audit.qwen35-9b-base.jsonl
1.0,Qwen/Qwen3.5-9B-Base,top_k,78.0,0.641,641,1000,results/english_pg19_predictions/audit.qwen35-9b-base.jsonl
1.0,Qwen/Qwen3.5-9B-Base,top_k,79.0,0.641,641,1000,results/english_pg19_predictions/audit.qwen35-9b-base.jsonl
1.0,Qwen/Qwen3.5-9B-Base,top_k,80.0,0.642,642,1000,results/english_pg19_predictions/audit.qwen35-9b-base.jsonl
1.0,Qwen/Qwen3.5-9B-Base,top_k,81.0,0.646,646,1000,results/english_pg19_predictions/audit.qwen35-9b-base.jsonl
1.0,Qwen/Qwen3.5-9B-Base,top_k,82.0,0.649,649,1000,results/english_pg19_predictions/audit.qwen35-9b-base.jsonl
1.0,Qwen/Qwen3.5-9B-Base,top_k,83.0,0.654,654,1000,results/english_pg19_predictions/audit.qwen35-9b-base.jsonl
1.0,Qwen/Qwen3.5-9B-Base,top_k,84.0,0.657,657,1000,results/english_pg19_predictions/audit.qwen35-9b-base.jsonl
1.0,Qwen/Qwen3.5-9B-Base,top_k,85.0,0.659,659,1000,results/english_pg19_predictions/audit.qwen35-9b-base.jsonl
1.0,Qwen/Qwen3.5-9B-Base,top_k,86.0,0.66,660,1000,results/english_pg19_predictions/audit.qwen35-9b-base.jsonl
1.0,Qwen/Qwen3.5-9B-Base,top_k,87.0,0.661,661,1000,results/english_pg19_predictions/audit.qwen35-9b-base.jsonl
1.0,Qwen/Qwen3.5-9B-Base,top_k,88.0,0.662,662,1000,results/english_pg19_predictions/audit.qwen35-9b-base.jsonl
1.0,Qwen/Qwen3.5-9B-Base,top_k,89.0,0.663,663,1000,results/english_pg19_predictions/audit.qwen35-9b-base.jsonl
1.0,Qwen/Qwen3.5-9B-Base,top_k,90.0,0.666,666,1000,results/english_pg19_predictions/audit.qwen35-9b-base.jsonl
1.0,Qwen/Qwen3.5-9B-Base,top_k,91.0,0.666,666,1000,results/english_pg19_predictions/audit.qwen35-9b-base.jsonl
1.0,Qwen/Qwen3.5-9B-Base,top_k,92.0,0.67,670,1000,results/english_pg19_predictions/audit.qwen35-9b-base.jsonl
1.0,Qwen/Qwen3.5-9B-Base,top_k,93.0,0.67,670,1000,results/english_pg19_predictions/audit.qwen35-9b-base.jsonl
1.0,Qwen/Qwen3.5-9B-Base,top_k,94.0,0.672,672,1000,results/english_pg19_predictions/audit.qwen35-9b-base.jsonl
1.0,Qwen/Qwen3.5-9B-Base,top_k,95.0,0.673,673,1000,results/english_pg19_predictions/audit.qwen35-9b-base.jsonl
1.0,Qwen/Qwen3.5-9B-Base,top_k,96.0,0.675,675,1000,results/english_pg19_predictions/audit.qwen35-9b-base.jsonl
1.0,Qwen/Qwen3.5-9B-Base,top_k,97.0,0.676,676,1000,results/english_pg19_predictions/audit.qwen35-9b-base.jsonl
1.0,Qwen/Qwen3.5-9B-Base,top_k,98.0,0.677,677,1000,results/english_pg19_predictions/audit.qwen35-9b-base.jsonl
1.0,Qwen/Qwen3.5-9B-Base,top_k,99.0,0.678,678,1000,results/english_pg19_predictions/audit.qwen35-9b-base.jsonl
1.0,Qwen/Qwen3.5-9B-Base,top_k,100.0,0.681,681,1000,results/english_pg19_predictions/audit.qwen35-9b-base.jsonl
1.0,Qwen/Qwen3.5-9B-Base,top_p,0.5,0.128,128,1000,results/english_pg19_predictions/audit.qwen35-9b-base.jsonl
1.0,Qwen/Qwen3.5-9B-Base,top_p,0.55,0.153,153,1000,results/english_pg19_predictions/audit.qwen35-9b-base.jsonl
1.0,Qwen/Qwen3.5-9B-Base,top_p,0.6,0.189,189,1000,results/english_pg19_predictions/audit.qwen35-9b-base.jsonl
1.0,Qwen/Qwen3.5-9B-Base,top_p,0.65,0.231,231,1000,results/english_pg19_predictions/audit.qwen35-9b-base.jsonl
1.0,Qwen/Qwen3.5-9B-Base,top_p,0.7,0.267,267,1000,results/english_pg19_predictions/audit.qwen35-9b-base.jsonl
1.0,Qwen/Qwen3.5-9B-Base,top_p,0.75,0.305,305,1000,results/english_pg19_predictions/audit.qwen35-9b-base.jsonl
1.0,Qwen/Qwen3.5-9B-Base,top_p,0.8,0.36,360,1000,results/english_pg19_predictions/audit.qwen35-9b-base.jsonl
1.0,Qwen/Qwen3.5-9B-Base,top_p,0.85,0.417,417,1000,results/english_pg19_predictions/audit.qwen35-9b-base.jsonl
1.0,Qwen/Qwen3.5-9B-Base,top_p,0.9,0.492,492,1000,results/english_pg19_predictions/audit.qwen35-9b-base.jsonl
1.0,Qwen/Qwen3.5-9B-Base,top_p,0.95,0.59,590,1000,results/english_pg19_predictions/audit.qwen35-9b-base.jsonl
1.0,Qwen/Qwen3.5-9B-Base,top_p,0.99,0.729,729,1000,results/english_pg19_predictions/audit.qwen35-9b-base.jsonl
1.0,Qwen/Qwen3.5-9B-Base,min_p,0.01,0.544,544,1000,results/english_pg19_predictions/audit.qwen35-9b-base.jsonl
1.0,Qwen/Qwen3.5-9B-Base,min_p,0.02,0.481,481,1000,results/english_pg19_predictions/audit.qwen35-9b-base.jsonl
1.0,Qwen/Qwen3.5-9B-Base,min_p,0.03,0.445,445,1000,results/english_pg19_predictions/audit.qwen35-9b-base.jsonl
1.0,Qwen/Qwen3.5-9B-Base,min_p,0.04,0.416,416,1000,results/english_pg19_predictions/audit.qwen35-9b-base.jsonl
1.0,Qwen/Qwen3.5-9B-Base,min_p,0.05,0.383,383,1000,results/english_pg19_predictions/audit.qwen35-9b-base.jsonl
1.0,Qwen/Qwen3.5-9B-Base,min_p,0.06,0.368,368,1000,results/english_pg19_predictions/audit.qwen35-9b-base.jsonl
1.0,Qwen/Qwen3.5-9B-Base,min_p,0.07,0.347,347,1000,results/english_pg19_predictions/audit.qwen35-9b-base.jsonl
1.0,Qwen/Qwen3.5-9B-Base,min_p,0.08,0.334,334,1000,results/english_pg19_predictions/audit.qwen35-9b-base.jsonl
1.0,Qwen/Qwen3.5-9B-Base,min_p,0.09,0.321,321,1000,results/english_pg19_predictions/audit.qwen35-9b-base.jsonl
1.0,Qwen/Qwen3.5-9B-Base,min_p,0.1,0.307,307,1000,results/english_pg19_predictions/audit.qwen35-9b-base.jsonl
1.0,deepseek-ai/DeepSeek-R1-Distill-Qwen-14B,top_k,1.0,0.084,84,1000,results/english_pg19_predictions/audit.deepseek-qwen14b-distill.jsonl
1.0,deepseek-ai/DeepSeek-R1-Distill-Qwen-14B,top_k,2.0,0.143,143,1000,results/english_pg19_predictions/audit.deepseek-qwen14b-distill.jsonl
1.0,deepseek-ai/DeepSeek-R1-Distill-Qwen-14B,top_k,3.0,0.171,171,1000,results/english_pg19_predictions/audit.deepseek-qwen14b-distill.jsonl
1.0,deepseek-ai/DeepSeek-R1-Distill-Qwen-14B,top_k,4.0,0.204,204,1000,results/english_pg19_predictions/audit.deepseek-qwen14b-distill.jsonl
1.0,deepseek-ai/DeepSeek-R1-Distill-Qwen-14B,top_k,5.0,0.223,223,1000,results/english_pg19_predictions/audit.deepseek-qwen14b-distill.jsonl
1.0,deepseek-ai/DeepSeek-R1-Distill-Qwen-14B,top_k,6.0,0.251,251,1000,results/english_pg19_predictions/audit.deepseek-qwen14b-distill.jsonl
1.0,deepseek-ai/DeepSeek-R1-Distill-Qwen-14B,top_k,7.0,0.27,270,1000,results/english_pg19_predictions/audit.deepseek-qwen14b-distill.jsonl
1.0,deepseek-ai/DeepSeek-R1-Distill-Qwen-14B,top_k,8.0,0.283,283,1000,results/english_pg19_predictions/audit.deepseek-qwen14b-distill.jsonl
1.0,deepseek-ai/DeepSeek-R1-Distill-Qwen-14B,top_k,9.0,0.302,302,1000,results/english_pg19_predictions/audit.deepseek-qwen14b-distill.jsonl
1.0,deepseek-ai/DeepSeek-R1-Distill-Qwen-14B,top_k,10.0,0.307,307,1000,results/english_pg19_predictions/audit.deepseek-qwen14b-distill.jsonl
1.0,deepseek-ai/DeepSeek-R1-Distill-Qwen-14B,top_k,11.0,0.315,315,1000,results/english_pg19_predictions/audit.deepseek-qwen14b-distill.jsonl
1.0,deepseek-ai/DeepSeek-R1-Distill-Qwen-14B,top_k,12.0,0.324,324,1000,results/english_pg19_predictions/audit.deepseek-qwen14b-distill.jsonl
1.0,deepseek-ai/DeepSeek-R1-Distill-Qwen-14B,top_k,13.0,0.335,335,1000,results/english_pg19_predictions/audit.deepseek-qwen14b-distill.jsonl
1.0,deepseek-ai/DeepSeek-R1-Distill-Qwen-14B,top_k,14.0,0.349,349,1000,results/english_pg19_predictions/audit.deepseek-qwen14b-distill.jsonl
1.0,deepseek-ai/DeepSeek-R1-Distill-Qwen-14B,top_k,15.0,0.358,358,1000,results/english_pg19_predictions/audit.deepseek-qwen14b-distill.jsonl
1.0,deepseek-ai/DeepSeek-R1-Distill-Qwen-14B,top_k,16.0,0.369,369,1000,results/english_pg19_predictions/audit.deepseek-qwen14b-distill.jsonl
1.0,deepseek-ai/DeepSeek-R1-Distill-Qwen-14B,top_k,17.0,0.38,380,1000,results/english_pg19_predictions/audit.deepseek-qwen14b-distill.jsonl
1.0,deepseek-ai/DeepSeek-R1-Distill-Qwen-14B,top_k,18.0,0.386,386,1000,results/english_pg19_predictions/audit.deepseek-qwen14b-distill.jsonl
1.0,deepseek-ai/DeepSeek-R1-Distill-Qwen-14B,top_k,19.0,0.391,391,1000,results/english_pg19_predictions/audit.deepseek-qwen14b-distill.jsonl
1.0,deepseek-ai/DeepSeek-R1-Distill-Qwen-14B,top_k,20.0,0.398,398,1000,results/english_pg19_predictions/audit.deepseek-qwen14b-distill.jsonl
1.0,deepseek-ai/DeepSeek-R1-Distill-Qwen-14B,top_k,21.0,0.403,403,1000,results/english_pg19_predictions/audit.deepseek-qwen14b-distill.jsonl
1.0,deepseek-ai/DeepSeek-R1-Distill-Qwen-14B,top_k,22.0,0.404,404,1000,results/english_pg19_predictions/audit.deepseek-qwen14b-distill.jsonl
1.0,deepseek-ai/DeepSeek-R1-Distill-Qwen-14B,top_k,23.0,0.416,416,1000,results/english_pg19_predictions/audit.deepseek-qwen14b-distill.jsonl
1.0,deepseek-ai/DeepSeek-R1-Distill-Qwen-14B,top_k,24.0,0.426,426,1000,results/english_pg19_predictions/audit.deepseek-qwen14b-distill.jsonl
1.0,deepseek-ai/DeepSeek-R1-Distill-Qwen-14B,top_k,25.0,0.432,432,1000,results/english_pg19_predictions/audit.deepseek-qwen14b-distill.jsonl
1.0,deepseek-ai/DeepSeek-R1-Distill-Qwen-14B,top_k,26.0,0.438,438,1000,results/english_pg19_predictions/audit.deepseek-qwen14b-distill.jsonl
1.0,deepseek-ai/DeepSeek-R1-Distill-Qwen-14B,top_k,27.0,0.439,439,1000,results/english_pg19_predictions/audit.deepseek-qwen14b-distill.jsonl
1.0,deepseek-ai/DeepSeek-R1-Distill-Qwen-14B,top_k,28.0,0.445,445,1000,results/english_pg19_predictions/audit.deepseek-qwen14b-distill.jsonl
1.0,deepseek-ai/DeepSeek-R1-Distill-Qwen-14B,top_k,29.0,0.449,449,1000,results/english_pg19_predictions/audit.deepseek-qwen14b-distill.jsonl
1.0,deepseek-ai/DeepSeek-R1-Distill-Qwen-14B,top_k,30.0,0.455,455,1000,results/english_pg19_predictions/audit.deepseek-qwen14b-distill.jsonl
1.0,deepseek-ai/DeepSeek-R1-Distill-Qwen-14B,top_k,31.0,0.457,457,1000,results/english_pg19_predictions/audit.deepseek-qwen14b-distill.jsonl
1.0,deepseek-ai/DeepSeek-R1-Distill-Qwen-14B,top_k,32.0,0.462,462,1000,results/english_pg19_predictions/audit.deepseek-qwen14b-distill.jsonl
1.0,deepseek-ai/DeepSeek-R1-Distill-Qwen-14B,top_k,33.0,0.468,468,1000,results/english_pg19_predictions/audit.deepseek-qwen14b-distill.jsonl
1.0,deepseek-ai/DeepSeek-R1-Distill-Qwen-14B,top_k,34.0,0.47,470,1000,results/english_pg19_predictions/audit.deepseek-qwen14b-distill.jsonl
1.0,deepseek-ai/DeepSeek-R1-Distill-Qwen-14B,top_k,35.0,0.472,472,1000,results/english_pg19_predictions/audit.deepseek-qwen14b-distill.jsonl
1.0,deepseek-ai/DeepSeek-R1-Distill-Qwen-14B,top_k,36.0,0.475,475,1000,results/english_pg19_predictions/audit.deepseek-qwen14b-distill.jsonl
1.0,deepseek-ai/DeepSeek-R1-Distill-Qwen-14B,top_k,37.0,0.48,480,1000,results/english_pg19_predictions/audit.deepseek-qwen14b-distill.jsonl
1.0,deepseek-ai/DeepSeek-R1-Distill-Qwen-14B,top_k,38.0,0.483,483,1000,results/english_pg19_predictions/audit.deepseek-qwen14b-distill.jsonl
1.0,deepseek-ai/DeepSeek-R1-Distill-Qwen-14B,top_k,39.0,0.487,487,1000,results/english_pg19_predictions/audit.deepseek-qwen14b-distill.jsonl
1.0,deepseek-ai/DeepSeek-R1-Distill-Qwen-14B,top_k,40.0,0.49,490,1000,results/english_pg19_predictions/audit.deepseek-qwen14b-distill.jsonl
1.0,deepseek-ai/DeepSeek-R1-Distill-Qwen-14B,top_k,41.0,0.494,494,1000,results/english_pg19_predictions/audit.deepseek-qwen14b-distill.jsonl
1.0,deepseek-ai/DeepSeek-R1-Distill-Qwen-14B,top_k,42.0,0.496,496,1000,results/english_pg19_predictions/audit.deepseek-qwen14b-distill.jsonl
1.0,deepseek-ai/DeepSeek-R1-Distill-Qwen-14B,top_k,43.0,0.503,503,1000,results/english_pg19_predictions/audit.deepseek-qwen14b-distill.jsonl
1.0,deepseek-ai/DeepSeek-R1-Distill-Qwen-14B,top_k,44.0,0.506,506,1000,results/english_pg19_predictions/audit.deepseek-qwen14b-distill.jsonl
1.0,deepseek-ai/DeepSeek-R1-Distill-Qwen-14B,top_k,45.0,0.51,510,1000,results/english_pg19_predictions/audit.deepseek-qwen14b-distill.jsonl
1.0,deepseek-ai/DeepSeek-R1-Distill-Qwen-14B,top_k,46.0,0.512,512,1000,results/english_pg19_predictions/audit.deepseek-qwen14b-distill.jsonl
1.0,deepseek-ai/DeepSeek-R1-Distill-Qwen-14B,top_k,47.0,0.516,516,1000,results/english_pg19_predictions/audit.deepseek-qwen14b-distill.jsonl
1.0,deepseek-ai/DeepSeek-R1-Distill-Qwen-14B,top_k,48.0,0.52,520,1000,results/english_pg19_predictions/audit.deepseek-qwen14b-distill.jsonl
1.0,deepseek-ai/DeepSeek-R1-Distill-Qwen-14B,top_k,49.0,0.522,522,1000,results/english_pg19_predictions/audit.deepseek-qwen14b-distill.jsonl
1.0,deepseek-ai/DeepSeek-R1-Distill-Qwen-14B,top_k,50.0,0.526,526,1000,results/english_pg19_predictions/audit.deepseek-qwen14b-distill.jsonl
1.0,deepseek-ai/DeepSeek-R1-Distill-Qwen-14B,top_k,51.0,0.528,528,1000,results/english_pg19_predictions/audit.deepseek-qwen14b-distill.jsonl
1.0,deepseek-ai/DeepSeek-R1-Distill-Qwen-14B,top_k,52.0,0.532,532,1000,results/english_pg19_predictions/audit.deepseek-qwen14b-distill.jsonl
1.0,deepseek-ai/DeepSeek-R1-Distill-Qwen-14B,top_k,53.0,0.533,533,1000,results/english_pg19_predictions/audit.deepseek-qwen14b-distill.jsonl
1.0,deepseek-ai/DeepSeek-R1-Distill-Qwen-14B,top_k,54.0,0.535,535,1000,results/english_pg19_predictions/audit.deepseek-qwen14b-distill.jsonl
1.0,deepseek-ai/DeepSeek-R1-Distill-Qwen-14B,top_k,55.0,0.535,535,1000,results/english_pg19_predictions/audit.deepseek-qwen14b-distill.jsonl
1.0,deepseek-ai/DeepSeek-R1-Distill-Qwen-14B,top_k,56.0,0.538,538,1000,results/english_pg19_predictions/audit.deepseek-qwen14b-distill.jsonl
1.0,deepseek-ai/DeepSeek-R1-Distill-Qwen-14B,top_k,57.0,0.539,539,1000,results/english_pg19_predictions/audit.deepseek-qwen14b-distill.jsonl
1.0,deepseek-ai/DeepSeek-R1-Distill-Qwen-14B,top_k,58.0,0.541,541,1000,results/english_pg19_predictions/audit.deepseek-qwen14b-distill.jsonl
1.0,deepseek-ai/DeepSeek-R1-Distill-Qwen-14B,top_k,59.0,0.542,542,1000,results/english_pg19_predictions/audit.deepseek-qwen14b-distill.jsonl
1.0,deepseek-ai/DeepSeek-R1-Distill-Qwen-14B,top_k,60.0,0.545,545,1000,results/english_pg19_predictions/audit.deepseek-qwen14b-distill.jsonl
1.0,deepseek-ai/DeepSeek-R1-Distill-Qwen-14B,top_k,61.0,0.548,548,1000,results/english_pg19_predictions/audit.deepseek-qwen14b-distill.jsonl
1.0,deepseek-ai/DeepSeek-R1-Distill-Qwen-14B,top_k,62.0,0.548,548,1000,results/english_pg19_predictions/audit.deepseek-qwen14b-distill.jsonl
1.0,deepseek-ai/DeepSeek-R1-Distill-Qwen-14B,top_k,63.0,0.55,550,1000,results/english_pg19_predictions/audit.deepseek-qwen14b-distill.jsonl
1.0,deepseek-ai/DeepSeek-R1-Distill-Qwen-14B,top_k,64.0,0.55,550,1000,results/english_pg19_predictions/audit.deepseek-qwen14b-distill.jsonl
1.0,deepseek-ai/DeepSeek-R1-Distill-Qwen-14B,top_k,65.0,0.554,554,1000,results/english_pg19_predictions/audit.deepseek-qwen14b-distill.jsonl
1.0,deepseek-ai/DeepSeek-R1-Distill-Qwen-14B,top_k,66.0,0.557,557,1000,results/english_pg19_predictions/audit.deepseek-qwen14b-distill.jsonl
1.0,deepseek-ai/DeepSeek-R1-Distill-Qwen-14B,top_k,67.0,0.56,560,1000,results/english_pg19_predictions/audit.deepseek-qwen14b-distill.jsonl
1.0,deepseek-ai/DeepSeek-R1-Distill-Qwen-14B,top_k,68.0,0.562,562,1000,results/english_pg19_predictions/audit.deepseek-qwen14b-distill.jsonl
1.0,deepseek-ai/DeepSeek-R1-Distill-Qwen-14B,top_k,69.0,0.564,564,1000,results/english_pg19_predictions/audit.deepseek-qwen14b-distill.jsonl
1.0,deepseek-ai/DeepSeek-R1-Distill-Qwen-14B,top_k,70.0,0.565,565,1000,results/english_pg19_predictions/audit.deepseek-qwen14b-distill.jsonl
1.0,deepseek-ai/DeepSeek-R1-Distill-Qwen-14B,top_k,71.0,0.568,568,1000,results/english_pg19_predictions/audit.deepseek-qwen14b-distill.jsonl
1.0,deepseek-ai/DeepSeek-R1-Distill-Qwen-14B,top_k,72.0,0.571,571,1000,results/english_pg19_predictions/audit.deepseek-qwen14b-distill.jsonl
1.0,deepseek-ai/DeepSeek-R1-Distill-Qwen-14B,top_k,73.0,0.576,576,1000,results/english_pg19_predictions/audit.deepseek-qwen14b-distill.jsonl
1.0,deepseek-ai/DeepSeek-R1-Distill-Qwen-14B,top_k,74.0,0.578,578,1000,results/english_pg19_predictions/audit.deepseek-qwen14b-distill.jsonl
1.0,deepseek-ai/DeepSeek-R1-Distill-Qwen-14B,top_k,75.0,0.581,581,1000,results/english_pg19_predictions/audit.deepseek-qwen14b-distill.jsonl
1.0,deepseek-ai/DeepSeek-R1-Distill-Qwen-14B,top_k,76.0,0.582,582,1000,results/english_pg19_predictions/audit.deepseek-qwen14b-distill.jsonl
1.0,deepseek-ai/DeepSeek-R1-Distill-Qwen-14B,top_k,77.0,0.583,583,1000,results/english_pg19_predictions/audit.deepseek-qwen14b-distill.jsonl
1.0,deepseek-ai/DeepSeek-R1-Distill-Qwen-14B,top_k,78.0,0.585,585,1000,results/english_pg19_predictions/audit.deepseek-qwen14b-distill.jsonl
1.0,deepseek-ai/DeepSeek-R1-Distill-Qwen-14B,top_k,79.0,0.586,586,1000,results/english_pg19_predictions/audit.deepseek-qwen14b-distill.jsonl
1.0,deepseek-ai/DeepSeek-R1-Distill-Qwen-14B,top_k,80.0,0.586,586,1000,results/english_pg19_predictions/audit.deepseek-qwen14b-distill.jsonl
1.0,deepseek-ai/DeepSeek-R1-Distill-Qwen-14B,top_k,81.0,0.586,586,1000,results/english_pg19_predictions/audit.deepseek-qwen14b-distill.jsonl
1.0,deepseek-ai/DeepSeek-R1-Distill-Qwen-14B,top_k,82.0,0.587,587,1000,results/english_pg19_predictions/audit.deepseek-qwen14b-distill.jsonl
1.0,deepseek-ai/DeepSeek-R1-Distill-Qwen-14B,top_k,83.0,0.587,587,1000,results/english_pg19_predictions/audit.deepseek-qwen14b-distill.jsonl
1.0,deepseek-ai/DeepSeek-R1-Distill-Qwen-14B,top_k,84.0,0.589,589,1000,results/english_pg19_predictions/audit.deepseek-qwen14b-distill.jsonl
1.0,deepseek-ai/DeepSeek-R1-Distill-Qwen-14B,top_k,85.0,0.59,590,1000,results/english_pg19_predictions/audit.deepseek-qwen14b-distill.jsonl
1.0,deepseek-ai/DeepSeek-R1-Distill-Qwen-14B,top_k,86.0,0.59,590,1000,results/english_pg19_predictions/audit.deepseek-qwen14b-distill.jsonl
1.0,deepseek-ai/DeepSeek-R1-Distill-Qwen-14B,top_k,87.0,0.594,594,1000,results/english_pg19_predictions/audit.deepseek-qwen14b-distill.jsonl
1.0,deepseek-ai/DeepSeek-R1-Distill-Qwen-14B,top_k,88.0,0.597,597,1000,results/english_pg19_predictions/audit.deepseek-qwen14b-distill.jsonl
1.0,deepseek-ai/DeepSeek-R1-Distill-Qwen-14B,top_k,89.0,0.597,597,1000,results/english_pg19_predictions/audit.deepseek-qwen14b-distill.jsonl
1.0,deepseek-ai/DeepSeek-R1-Distill-Qwen-14B,top_k,90.0,0.6,600,1000,results/english_pg19_predictions/audit.deepseek-qwen14b-distill.jsonl
1.0,deepseek-ai/DeepSeek-R1-Distill-Qwen-14B,top_k,91.0,0.602,602,1000,results/english_pg19_predictions/audit.deepseek-qwen14b-distill.jsonl
1.0,deepseek-ai/DeepSeek-R1-Distill-Qwen-14B,top_k,92.0,0.602,602,1000,results/english_pg19_predictions/audit.deepseek-qwen14b-distill.jsonl
1.0,deepseek-ai/DeepSeek-R1-Distill-Qwen-14B,top_k,93.0,0.602,602,1000,results/english_pg19_predictions/audit.deepseek-qwen14b-distill.jsonl
1.0,deepseek-ai/DeepSeek-R1-Distill-Qwen-14B,top_k,94.0,0.603,603,1000,results/english_pg19_predictions/audit.deepseek-qwen14b-distill.jsonl
1.0,deepseek-ai/DeepSeek-R1-Distill-Qwen-14B,top_k,95.0,0.607,607,1000,results/english_pg19_predictions/audit.deepseek-qwen14b-distill.jsonl
1.0,deepseek-ai/DeepSeek-R1-Distill-Qwen-14B,top_k,96.0,0.609,609,1000,results/english_pg19_predictions/audit.deepseek-qwen14b-distill.jsonl
1.0,deepseek-ai/DeepSeek-R1-Distill-Qwen-14B,top_k,97.0,0.609,609,1000,results/english_pg19_predictions/audit.deepseek-qwen14b-distill.jsonl
1.0,deepseek-ai/DeepSeek-R1-Distill-Qwen-14B,top_k,98.0,0.61,610,1000,results/english_pg19_predictions/audit.deepseek-qwen14b-distill.jsonl
1.0,deepseek-ai/DeepSeek-R1-Distill-Qwen-14B,top_k,99.0,0.612,612,1000,results/english_pg19_predictions/audit.deepseek-qwen14b-distill.jsonl
1.0,deepseek-ai/DeepSeek-R1-Distill-Qwen-14B,top_k,100.0,0.614,614,1000,results/english_pg19_predictions/audit.deepseek-qwen14b-distill.jsonl
1.0,deepseek-ai/DeepSeek-R1-Distill-Qwen-14B,top_p,0.5,0.053,53,1000,results/english_pg19_predictions/audit.deepseek-qwen14b-distill.jsonl
1.0,deepseek-ai/DeepSeek-R1-Distill-Qwen-14B,top_p,0.55,0.064,64,1000,results/english_pg19_predictions/audit.deepseek-qwen14b-distill.jsonl
1.0,deepseek-ai/DeepSeek-R1-Distill-Qwen-14B,top_p,0.6,0.08,80,1000,results/english_pg19_predictions/audit.deepseek-qwen14b-distill.jsonl
1.0,deepseek-ai/DeepSeek-R1-Distill-Qwen-14B,top_p,0.65,0.1,100,1000,results/english_pg19_predictions/audit.deepseek-qwen14b-distill.jsonl
1.0,deepseek-ai/DeepSeek-R1-Distill-Qwen-14B,top_p,0.7,0.113,113,1000,results/english_pg19_predictions/audit.deepseek-qwen14b-distill.jsonl
1.0,deepseek-ai/DeepSeek-R1-Distill-Qwen-14B,top_p,0.75,0.138,138,1000,results/english_pg19_predictions/audit.deepseek-qwen14b-distill.jsonl
1.0,deepseek-ai/DeepSeek-R1-Distill-Qwen-14B,top_p,0.8,0.156,156,1000,results/english_pg19_predictions/audit.deepseek-qwen14b-distill.jsonl
1.0,deepseek-ai/DeepSeek-R1-Distill-Qwen-14B,top_p,0.85,0.192,192,1000,results/english_pg19_predictions/audit.deepseek-qwen14b-distill.jsonl
1.0,deepseek-ai/DeepSeek-R1-Distill-Qwen-14B,top_p,0.9,0.245,245,1000,results/english_pg19_predictions/audit.deepseek-qwen14b-distill.jsonl
1.0,deepseek-ai/DeepSeek-R1-Distill-Qwen-14B,top_p,0.95,0.361,361,1000,results/english_pg19_predictions/audit.deepseek-qwen14b-distill.jsonl
1.0,deepseek-ai/DeepSeek-R1-Distill-Qwen-14B,top_p,0.99,0.555,555,1000,results/english_pg19_predictions/audit.deepseek-qwen14b-distill.jsonl
1.0,deepseek-ai/DeepSeek-R1-Distill-Qwen-14B,min_p,0.01,0.376,376,1000,results/english_pg19_predictions/audit.deepseek-qwen14b-distill.jsonl
1.0,deepseek-ai/DeepSeek-R1-Distill-Qwen-14B,min_p,0.02,0.32,320,1000,results/english_pg19_predictions/audit.deepseek-qwen14b-distill.jsonl
1.0,deepseek-ai/DeepSeek-R1-Distill-Qwen-14B,min_p,0.03,0.284,284,1000,results/english_pg19_predictions/audit.deepseek-qwen14b-distill.jsonl
1.0,deepseek-ai/DeepSeek-R1-Distill-Qwen-14B,min_p,0.04,0.254,254,1000,results/english_pg19_predictions/audit.deepseek-qwen14b-distill.jsonl
1.0,deepseek-ai/DeepSeek-R1-Distill-Qwen-14B,min_p,0.05,0.236,236,1000,results/english_pg19_predictions/audit.deepseek-qwen14b-distill.jsonl
1.0,deepseek-ai/DeepSeek-R1-Distill-Qwen-14B,min_p,0.06,0.229,229,1000,results/english_pg19_predictions/audit.deepseek-qwen14b-distill.jsonl
1.0,deepseek-ai/DeepSeek-R1-Distill-Qwen-14B,min_p,0.07,0.221,221,1000,results/english_pg19_predictions/audit.deepseek-qwen14b-distill.jsonl
1.0,deepseek-ai/DeepSeek-R1-Distill-Qwen-14B,min_p,0.08,0.218,218,1000,results/english_pg19_predictions/audit.deepseek-qwen14b-distill.jsonl
1.0,deepseek-ai/DeepSeek-R1-Distill-Qwen-14B,min_p,0.09,0.213,213,1000,results/english_pg19_predictions/audit.deepseek-qwen14b-distill.jsonl
1.0,deepseek-ai/DeepSeek-R1-Distill-Qwen-14B,min_p,0.1,0.203,203,1000,results/english_pg19_predictions/audit.deepseek-qwen14b-distill.jsonl
1.0,google/gemma-2-9b,top_k,1.0,0.01,10,1000,results/english_pg19_predictions/audit.gemma2-9b-base.jsonl
1.0,google/gemma-2-9b,top_k,2.0,0.012,12,1000,results/english_pg19_predictions/audit.gemma2-9b-base.jsonl
1.0,google/gemma-2-9b,top_k,3.0,0.012,12,1000,results/english_pg19_predictions/audit.gemma2-9b-base.jsonl
1.0,google/gemma-2-9b,top_k,4.0,0.014,14,1000,results/english_pg19_predictions/audit.gemma2-9b-base.jsonl
1.0,google/gemma-2-9b,top_k,5.0,0.015,15,1000,results/english_pg19_predictions/audit.gemma2-9b-base.jsonl
1.0,google/gemma-2-9b,top_k,6.0,0.018,18,1000,results/english_pg19_predictions/audit.gemma2-9b-base.jsonl
1.0,google/gemma-2-9b,top_k,7.0,0.019,19,1000,results/english_pg19_predictions/audit.gemma2-9b-base.jsonl
1.0,google/gemma-2-9b,top_k,8.0,0.021,21,1000,results/english_pg19_predictions/audit.gemma2-9b-base.jsonl
1.0,google/gemma-2-9b,top_k,9.0,0.024,24,1000,results/english_pg19_predictions/audit.gemma2-9b-base.jsonl
1.0,google/gemma-2-9b,top_k,10.0,0.025,25,1000,results/english_pg19_predictions/audit.gemma2-9b-base.jsonl
1.0,google/gemma-2-9b,top_k,11.0,0.027,27,1000,results/english_pg19_predictions/audit.gemma2-9b-base.jsonl
1.0,google/gemma-2-9b,top_k,12.0,0.028,28,1000,results/english_pg19_predictions/audit.gemma2-9b-base.jsonl
1.0,google/gemma-2-9b,top_k,13.0,0.032,32,1000,results/english_pg19_predictions/audit.gemma2-9b-base.jsonl
1.0,google/gemma-2-9b,top_k,14.0,0.032,32,1000,results/english_pg19_predictions/audit.gemma2-9b-base.jsonl
1.0,google/gemma-2-9b,top_k,15.0,0.033,33,1000,results/english_pg19_predictions/audit.gemma2-9b-base.jsonl
1.0,google/gemma-2-9b,top_k,16.0,0.033,33,1000,results/english_pg19_predictions/audit.gemma2-9b-base.jsonl
1.0,google/gemma-2-9b,top_k,17.0,0.035,35,1000,results/english_pg19_predictions/audit.gemma2-9b-base.jsonl
1.0,google/gemma-2-9b,top_k,18.0,0.035,35,1000,results/english_pg19_predictions/audit.gemma2-9b-base.jsonl
1.0,google/gemma-2-9b,top_k,19.0,0.036,36,1000,results/english_pg19_predictions/audit.gemma2-9b-base.jsonl
1.0,google/gemma-2-9b,top_k,20.0,0.037,37,1000,results/english_pg19_predictions/audit.gemma2-9b-base.jsonl
1.0,google/gemma-2-9b,top_k,21.0,0.038,38,1000,results/english_pg19_predictions/audit.gemma2-9b-base.jsonl
1.0,google/gemma-2-9b,top_k,22.0,0.039,39,1000,results/english_pg19_predictions/audit.gemma2-9b-base.jsonl
1.0,google/gemma-2-9b,top_k,23.0,0.041,41,1000,results/english_pg19_predictions/audit.gemma2-9b-base.jsonl
1.0,google/gemma-2-9b,top_k,24.0,0.042,42,1000,results/english_pg19_predictions/audit.gemma2-9b-base.jsonl
1.0,google/gemma-2-9b,top_k,25.0,0.043,43,1000,results/english_pg19_predictions/audit.gemma2-9b-base.jsonl
1.0,google/gemma-2-9b,top_k,26.0,0.045,45,1000,results/english_pg19_predictions/audit.gemma2-9b-base.jsonl
1.0,google/gemma-2-9b,top_k,27.0,0.047,47,1000,results/english_pg19_predictions/audit.gemma2-9b-base.jsonl
1.0,google/gemma-2-9b,top_k,28.0,0.048,48,1000,results/english_pg19_predictions/audit.gemma2-9b-base.jsonl
1.0,google/gemma-2-9b,top_k,29.0,0.049,49,1000,results/english_pg19_predictions/audit.gemma2-9b-base.jsonl
1.0,google/gemma-2-9b,top_k,30.0,0.05,50,1000,results/english_pg19_predictions/audit.gemma2-9b-base.jsonl
1.0,google/gemma-2-9b,top_k,31.0,0.05,50,1000,results/english_pg19_predictions/audit.gemma2-9b-base.jsonl
1.0,google/gemma-2-9b,top_k,32.0,0.05,50,1000,results/english_pg19_predictions/audit.gemma2-9b-base.jsonl
1.0,google/gemma-2-9b,top_k,33.0,0.052,52,1000,results/english_pg19_predictions/audit.gemma2-9b-base.jsonl
1.0,google/gemma-2-9b,top_k,34.0,0.053,53,1000,results/english_pg19_predictions/audit.gemma2-9b-base.jsonl
1.0,google/gemma-2-9b,top_k,35.0,0.053,53,1000,results/english_pg19_predictions/audit.gemma2-9b-base.jsonl
1.0,google/gemma-2-9b,top_k,36.0,0.054,54,1000,results/english_pg19_predictions/audit.gemma2-9b-base.jsonl
1.0,google/gemma-2-9b,top_k,37.0,0.054,54,1000,results/english_pg19_predictions/audit.gemma2-9b-base.jsonl
1.0,google/gemma-2-9b,top_k,38.0,0.054,54,1000,results/english_pg19_predictions/audit.gemma2-9b-base.jsonl
1.0,google/gemma-2-9b,top_k,39.0,0.054,54,1000,results/english_pg19_predictions/audit.gemma2-9b-base.jsonl
1.0,google/gemma-2-9b,top_k,40.0,0.054,54,1000,results/english_pg19_predictions/audit.gemma2-9b-base.jsonl
1.0,google/gemma-2-9b,top_k,41.0,0.055,55,1000,results/english_pg19_predictions/audit.gemma2-9b-base.jsonl
1.0,google/gemma-2-9b,top_k,42.0,0.055,55,1000,results/english_pg19_predictions/audit.gemma2-9b-base.jsonl
1.0,google/gemma-2-9b,top_k,43.0,0.055,55,1000,results/english_pg19_predictions/audit.gemma2-9b-base.jsonl
1.0,google/gemma-2-9b,top_k,44.0,0.055,55,1000,results/english_pg19_predictions/audit.gemma2-9b-base.jsonl
1.0,google/gemma-2-9b,top_k,45.0,0.055,55,1000,results/english_pg19_predictions/audit.gemma2-9b-base.jsonl
1.0,google/gemma-2-9b,top_k,46.0,0.055,55,1000,results/english_pg19_predictions/audit.gemma2-9b-base.jsonl
1.0,google/gemma-2-9b,top_k,47.0,0.056,56,1000,results/english_pg19_predictions/audit.gemma2-9b-base.jsonl
1.0,google/gemma-2-9b,top_k,48.0,0.056,56,1000,results/english_pg19_predictions/audit.gemma2-9b-base.jsonl
1.0,google/gemma-2-9b,top_k,49.0,0.057,57,1000,results/english_pg19_predictions/audit.gemma2-9b-base.jsonl
1.0,google/gemma-2-9b,top_k,50.0,0.059,59,1000,results/english_pg19_predictions/audit.gemma2-9b-base.jsonl
1.0,google/gemma-2-9b,top_k,51.0,0.059,59,1000,results/english_pg19_predictions/audit.gemma2-9b-base.jsonl
1.0,google/gemma-2-9b,top_k,52.0,0.062,62,1000,results/english_pg19_predictions/audit.gemma2-9b-base.jsonl
1.0,google/gemma-2-9b,top_k,53.0,0.062,62,1000,results/english_pg19_predictions/audit.gemma2-9b-base.jsonl
1.0,google/gemma-2-9b,top_k,54.0,0.062,62,1000,results/english_pg19_predictions/audit.gemma2-9b-base.jsonl
1.0,google/gemma-2-9b,top_k,55.0,0.063,63,1000,results/english_pg19_predictions/audit.gemma2-9b-base.jsonl
1.0,google/gemma-2-9b,top_k,56.0,0.063,63,1000,results/english_pg19_predictions/audit.gemma2-9b-base.jsonl
1.0,google/gemma-2-9b,top_k,57.0,0.063,63,1000,results/english_pg19_predictions/audit.gemma2-9b-base.jsonl
1.0,google/gemma-2-9b,top_k,58.0,0.063,63,1000,results/english_pg19_predictions/audit.gemma2-9b-base.jsonl
1.0,google/gemma-2-9b,top_k,59.0,0.063,63,1000,results/english_pg19_predictions/audit.gemma2-9b-base.jsonl
1.0,google/gemma-2-9b,top_k,60.0,0.063,63,1000,results/english_pg19_predictions/audit.gemma2-9b-base.jsonl
1.0,google/gemma-2-9b,top_k,61.0,0.063,63,1000,results/english_pg19_predictions/audit.gemma2-9b-base.jsonl
1.0,google/gemma-2-9b,top_k,62.0,0.063,63,1000,results/english_pg19_predictions/audit.gemma2-9b-base.jsonl
1.0,google/gemma-2-9b,top_k,63.0,0.063,63,1000,results/english_pg19_predictions/audit.gemma2-9b-base.jsonl
1.0,google/gemma-2-9b,top_k,64.0,0.064,64,1000,results/english_pg19_predictions/audit.gemma2-9b-base.jsonl
1.0,google/gemma-2-9b,top_k,65.0,0.064,64,1000,results/english_pg19_predictions/audit.gemma2-9b-base.jsonl
1.0,google/gemma-2-9b,top_k,66.0,0.064,64,1000,results/english_pg19_predictions/audit.gemma2-9b-base.jsonl
1.0,google/gemma-2-9b,top_k,67.0,0.064,64,1000,results/english_pg19_predictions/audit.gemma2-9b-base.jsonl
1.0,google/gemma-2-9b,top_k,68.0,0.065,65,1000,results/english_pg19_predictions/audit.gemma2-9b-base.jsonl
1.0,google/gemma-2-9b,top_k,69.0,0.065,65,1000,results/english_pg19_predictions/audit.gemma2-9b-base.jsonl
1.0,google/gemma-2-9b,top_k,70.0,0.066,66,1000,results/english_pg19_predictions/audit.gemma2-9b-base.jsonl
1.0,google/gemma-2-9b,top_k,71.0,0.066,66,1000,results/english_pg19_predictions/audit.gemma2-9b-base.jsonl
1.0,google/gemma-2-9b,top_k,72.0,0.066,66,1000,results/english_pg19_predictions/audit.gemma2-9b-base.jsonl
1.0,google/gemma-2-9b,top_k,73.0,0.067,67,1000,results/english_pg19_predictions/audit.gemma2-9b-base.jsonl
1.0,google/gemma-2-9b,top_k,74.0,0.067,67,1000,results/english_pg19_predictions/audit.gemma2-9b-base.jsonl
1.0,google/gemma-2-9b,top_k,75.0,0.068,68,1000,results/english_pg19_predictions/audit.gemma2-9b-base.jsonl
1.0,google/gemma-2-9b,top_k,76.0,0.068,68,1000,results/english_pg19_predictions/audit.gemma2-9b-base.jsonl
1.0,google/gemma-2-9b,top_k,77.0,0.069,69,1000,results/english_pg19_predictions/audit.gemma2-9b-base.jsonl
1.0,google/gemma-2-9b,top_k,78.0,0.07,70,1000,results/english_pg19_predictions/audit.gemma2-9b-base.jsonl
1.0,google/gemma-2-9b,top_k,79.0,0.072,72,1000,results/english_pg19_predictions/audit.gemma2-9b-base.jsonl
1.0,google/gemma-2-9b,top_k,80.0,0.072,72,1000,results/english_pg19_predictions/audit.gemma2-9b-base.jsonl
1.0,google/gemma-2-9b,top_k,81.0,0.072,72,1000,results/english_pg19_predictions/audit.gemma2-9b-base.jsonl
1.0,google/gemma-2-9b,top_k,82.0,0.072,72,1000,results/english_pg19_predictions/audit.gemma2-9b-base.jsonl
1.0,google/gemma-2-9b,top_k,83.0,0.073,73,1000,results/english_pg19_predictions/audit.gemma2-9b-base.jsonl
1.0,google/gemma-2-9b,top_k,84.0,0.075,75,1000,results/english_pg19_predictions/audit.gemma2-9b-base.jsonl
1.0,google/gemma-2-9b,top_k,85.0,0.077,77,1000,results/english_pg19_predictions/audit.gemma2-9b-base.jsonl
1.0,google/gemma-2-9b,top_k,86.0,0.079,79,1000,results/english_pg19_predictions/audit.gemma2-9b-base.jsonl
1.0,google/gemma-2-9b,top_k,87.0,0.081,81,1000,results/english_pg19_predictions/audit.gemma2-9b-base.jsonl
1.0,google/gemma-2-9b,top_k,88.0,0.082,82,1000,results/english_pg19_predictions/audit.gemma2-9b-base.jsonl
1.0,google/gemma-2-9b,top_k,89.0,0.082,82,1000,results/english_pg19_predictions/audit.gemma2-9b-base.jsonl
1.0,google/gemma-2-9b,top_k,90.0,0.083,83,1000,results/english_pg19_predictions/audit.gemma2-9b-base.jsonl
1.0,google/gemma-2-9b,top_k,91.0,0.084,84,1000,results/english_pg19_predictions/audit.gemma2-9b-base.jsonl
1.0,google/gemma-2-9b,top_k,92.0,0.085,85,1000,results/english_pg19_predictions/audit.gemma2-9b-base.jsonl
1.0,google/gemma-2-9b,top_k,93.0,0.085,85,1000,results/english_pg19_predictions/audit.gemma2-9b-base.jsonl
1.0,google/gemma-2-9b,top_k,94.0,0.086,86,1000,results/english_pg19_predictions/audit.gemma2-9b-base.jsonl
1.0,google/gemma-2-9b,top_k,95.0,0.087,87,1000,results/english_pg19_predictions/audit.gemma2-9b-base.jsonl
1.0,google/gemma-2-9b,top_k,96.0,0.087,87,1000,results/english_pg19_predictions/audit.gemma2-9b-base.jsonl
1.0,google/gemma-2-9b,top_k,97.0,0.088,88,1000,results/english_pg19_predictions/audit.gemma2-9b-base.jsonl
1.0,google/gemma-2-9b,top_k,98.0,0.088,88,1000,results/english_pg19_predictions/audit.gemma2-9b-base.jsonl
1.0,google/gemma-2-9b,top_k,99.0,0.088,88,1000,results/english_pg19_predictions/audit.gemma2-9b-base.jsonl
1.0,google/gemma-2-9b,top_k,100.0,0.088,88,1000,results/english_pg19_predictions/audit.gemma2-9b-base.jsonl
1.0,google/gemma-2-9b,top_p,0.5,0.003,3,1000,results/english_pg19_predictions/audit.gemma2-9b-base.jsonl
1.0,google/gemma-2-9b,top_p,0.55,0.003,3,1000,results/english_pg19_predictions/audit.gemma2-9b-base.jsonl
1.0,google/gemma-2-9b,top_p,0.6,0.003,3,1000,results/english_pg19_predictions/audit.gemma2-9b-base.jsonl
1.0,google/gemma-2-9b,top_p,0.65,0.004,4,1000,results/english_pg19_predictions/audit.gemma2-9b-base.jsonl
1.0,google/gemma-2-9b,top_p,0.7,0.006,6,1000,results/english_pg19_predictions/audit.gemma2-9b-base.jsonl
1.0,google/gemma-2-9b,top_p,0.75,0.01,10,1000,results/english_pg19_predictions/audit.gemma2-9b-base.jsonl
1.0,google/gemma-2-9b,top_p,0.8,0.016,16,1000,results/english_pg19_predictions/audit.gemma2-9b-base.jsonl
1.0,google/gemma-2-9b,top_p,0.85,0.024,24,1000,results/english_pg19_predictions/audit.gemma2-9b-base.jsonl
1.0,google/gemma-2-9b,top_p,0.9,0.043,43,1000,results/english_pg19_predictions/audit.gemma2-9b-base.jsonl
1.0,google/gemma-2-9b,top_p,0.95,0.078,78,1000,results/english_pg19_predictions/audit.gemma2-9b-base.jsonl
1.0,google/gemma-2-9b,top_p,0.99,0.207,207,1000,results/english_pg19_predictions/audit.gemma2-9b-base.jsonl
1.0,google/gemma-2-9b,min_p,0.01,0.031,31,1000,results/english_pg19_predictions/audit.gemma2-9b-base.jsonl
1.0,google/gemma-2-9b,min_p,0.02,0.025,25,1000,results/english_pg19_predictions/audit.gemma2-9b-base.jsonl
1.0,google/gemma-2-9b,min_p,0.03,0.022,22,1000,results/english_pg19_predictions/audit.gemma2-9b-base.jsonl
1.0,google/gemma-2-9b,min_p,0.04,0.02,20,1000,results/english_pg19_predictions/audit.gemma2-9b-base.jsonl
1.0,google/gemma-2-9b,min_p,0.05,0.016,16,1000,results/english_pg19_predictions/audit.gemma2-9b-base.jsonl
1.0,google/gemma-2-9b,min_p,0.06,0.016,16,1000,results/english_pg19_predictions/audit.gemma2-9b-base.jsonl
1.0,google/gemma-2-9b,min_p,0.07,0.016,16,1000,results/english_pg19_predictions/audit.gemma2-9b-base.jsonl
1.0,google/gemma-2-9b,min_p,0.08,0.016,16,1000,results/english_pg19_predictions/audit.gemma2-9b-base.jsonl
1.0,google/gemma-2-9b,min_p,0.09,0.015,15,1000,results/english_pg19_predictions/audit.gemma2-9b-base.jsonl
1.0,google/gemma-2-9b,min_p,0.1,0.014,14,1000,results/english_pg19_predictions/audit.gemma2-9b-base.jsonl
1.0,google/gemma-2-9b-it,top_k,1.0,0.09,90,1000,results/english_pg19_predictions/audit.gemma2-9b-it.jsonl
1.0,google/gemma-2-9b-it,top_k,2.0,0.145,145,1000,results/english_pg19_predictions/audit.gemma2-9b-it.jsonl
1.0,google/gemma-2-9b-it,top_k,3.0,0.192,192,1000,results/english_pg19_predictions/audit.gemma2-9b-it.jsonl
1.0,google/gemma-2-9b-it,top_k,4.0,0.221,221,1000,results/english_pg19_predictions/audit.gemma2-9b-it.jsonl
1.0,google/gemma-2-9b-it,top_k,5.0,0.237,237,1000,results/english_pg19_predictions/audit.gemma2-9b-it.jsonl
1.0,google/gemma-2-9b-it,top_k,6.0,0.263,263,1000,results/english_pg19_predictions/audit.gemma2-9b-it.jsonl
1.0,google/gemma-2-9b-it,top_k,7.0,0.274,274,1000,results/english_pg19_predictions/audit.gemma2-9b-it.jsonl
1.0,google/gemma-2-9b-it,top_k,8.0,0.294,294,1000,results/english_pg19_predictions/audit.gemma2-9b-it.jsonl
1.0,google/gemma-2-9b-it,top_k,9.0,0.307,307,1000,results/english_pg19_predictions/audit.gemma2-9b-it.jsonl
1.0,google/gemma-2-9b-it,top_k,10.0,0.316,316,1000,results/english_pg19_predictions/audit.gemma2-9b-it.jsonl
1.0,google/gemma-2-9b-it,top_k,11.0,0.323,323,1000,results/english_pg19_predictions/audit.gemma2-9b-it.jsonl
1.0,google/gemma-2-9b-it,top_k,12.0,0.34,340,1000,results/english_pg19_predictions/audit.gemma2-9b-it.jsonl
1.0,google/gemma-2-9b-it,top_k,13.0,0.354,354,1000,results/english_pg19_predictions/audit.gemma2-9b-it.jsonl
1.0,google/gemma-2-9b-it,top_k,14.0,0.363,363,1000,results/english_pg19_predictions/audit.gemma2-9b-it.jsonl
1.0,google/gemma-2-9b-it,top_k,15.0,0.375,375,1000,results/english_pg19_predictions/audit.gemma2-9b-it.jsonl
1.0,google/gemma-2-9b-it,top_k,16.0,0.385,385,1000,results/english_pg19_predictions/audit.gemma2-9b-it.jsonl
1.0,google/gemma-2-9b-it,top_k,17.0,0.391,391,1000,results/english_pg19_predictions/audit.gemma2-9b-it.jsonl
1.0,google/gemma-2-9b-it,top_k,18.0,0.401,401,1000,results/english_pg19_predictions/audit.gemma2-9b-it.jsonl
1.0,google/gemma-2-9b-it,top_k,19.0,0.407,407,1000,results/english_pg19_predictions/audit.gemma2-9b-it.jsonl
1.0,google/gemma-2-9b-it,top_k,20.0,0.415,415,1000,results/english_pg19_predictions/audit.gemma2-9b-it.jsonl
1.0,google/gemma-2-9b-it,top_k,21.0,0.422,422,1000,results/english_pg19_predictions/audit.gemma2-9b-it.jsonl
1.0,google/gemma-2-9b-it,top_k,22.0,0.427,427,1000,results/english_pg19_predictions/audit.gemma2-9b-it.jsonl
1.0,google/gemma-2-9b-it,top_k,23.0,0.431,431,1000,results/english_pg19_predictions/audit.gemma2-9b-it.jsonl
1.0,google/gemma-2-9b-it,top_k,24.0,0.438,438,1000,results/english_pg19_predictions/audit.gemma2-9b-it.jsonl
1.0,google/gemma-2-9b-it,top_k,25.0,0.449,449,1000,results/english_pg19_predictions/audit.gemma2-9b-it.jsonl
1.0,google/gemma-2-9b-it,top_k,26.0,0.455,455,1000,results/english_pg19_predictions/audit.gemma2-9b-it.jsonl
1.0,google/gemma-2-9b-it,top_k,27.0,0.458,458,1000,results/english_pg19_predictions/audit.gemma2-9b-it.jsonl
1.0,google/gemma-2-9b-it,top_k,28.0,0.46,460,1000,results/english_pg19_predictions/audit.gemma2-9b-it.jsonl
1.0,google/gemma-2-9b-it,top_k,29.0,0.467,467,1000,results/english_pg19_predictions/audit.gemma2-9b-it.jsonl
1.0,google/gemma-2-9b-it,top_k,30.0,0.475,475,1000,results/english_pg19_predictions/audit.gemma2-9b-it.jsonl
1.0,google/gemma-2-9b-it,top_k,31.0,0.479,479,1000,results/english_pg19_predictions/audit.gemma2-9b-it.jsonl
1.0,google/gemma-2-9b-it,top_k,32.0,0.486,486,1000,results/english_pg19_predictions/audit.gemma2-9b-it.jsonl
1.0,google/gemma-2-9b-it,top_k,33.0,0.488,488,1000,results/english_pg19_predictions/audit.gemma2-9b-it.jsonl
1.0,google/gemma-2-9b-it,top_k,34.0,0.491,491,1000,results/english_pg19_predictions/audit.gemma2-9b-it.jsonl
1.0,google/gemma-2-9b-it,top_k,35.0,0.498,498,1000,results/english_pg19_predictions/audit.gemma2-9b-it.jsonl
1.0,google/gemma-2-9b-it,top_k,36.0,0.501,501,1000,results/english_pg19_predictions/audit.gemma2-9b-it.jsonl
1.0,google/gemma-2-9b-it,top_k,37.0,0.507,507,1000,results/english_pg19_predictions/audit.gemma2-9b-it.jsonl
1.0,google/gemma-2-9b-it,top_k,38.0,0.511,511,1000,results/english_pg19_predictions/audit.gemma2-9b-it.jsonl
1.0,google/gemma-2-9b-it,top_k,39.0,0.515,515,1000,results/english_pg19_predictions/audit.gemma2-9b-it.jsonl
1.0,google/gemma-2-9b-it,top_k,40.0,0.518,518,1000,results/english_pg19_predictions/audit.gemma2-9b-it.jsonl
1.0,google/gemma-2-9b-it,top_k,41.0,0.521,521,1000,results/english_pg19_predictions/audit.gemma2-9b-it.jsonl
1.0,google/gemma-2-9b-it,top_k,42.0,0.523,523,1000,results/english_pg19_predictions/audit.gemma2-9b-it.jsonl
1.0,google/gemma-2-9b-it,top_k,43.0,0.526,526,1000,results/english_pg19_predictions/audit.gemma2-9b-it.jsonl
1.0,google/gemma-2-9b-it,top_k,44.0,0.528,528,1000,results/english_pg19_predictions/audit.gemma2-9b-it.jsonl
1.0,google/gemma-2-9b-it,top_k,45.0,0.532,532,1000,results/english_pg19_predictions/audit.gemma2-9b-it.jsonl
1.0,google/gemma-2-9b-it,top_k,46.0,0.536,536,1000,results/english_pg19_predictions/audit.gemma2-9b-it.jsonl
1.0,google/gemma-2-9b-it,top_k,47.0,0.538,538,1000,results/english_pg19_predictions/audit.gemma2-9b-it.jsonl
1.0,google/gemma-2-9b-it,top_k,48.0,0.54,540,1000,results/english_pg19_predictions/audit.gemma2-9b-it.jsonl
1.0,google/gemma-2-9b-it,top_k,49.0,0.544,544,1000,results/english_pg19_predictions/audit.gemma2-9b-it.jsonl
1.0,google/gemma-2-9b-it,top_k,50.0,0.545,545,1000,results/english_pg19_predictions/audit.gemma2-9b-it.jsonl
1.0,google/gemma-2-9b-it,top_k,51.0,0.551,551,1000,results/english_pg19_predictions/audit.gemma2-9b-it.jsonl
1.0,google/gemma-2-9b-it,top_k,52.0,0.553,553,1000,results/english_pg19_predictions/audit.gemma2-9b-it.jsonl
1.0,google/gemma-2-9b-it,top_k,53.0,0.556,556,1000,results/english_pg19_predictions/audit.gemma2-9b-it.jsonl
1.0,google/gemma-2-9b-it,top_k,54.0,0.557,557,1000,results/english_pg19_predictions/audit.gemma2-9b-it.jsonl
1.0,google/gemma-2-9b-it,top_k,55.0,0.558,558,1000,results/english_pg19_predictions/audit.gemma2-9b-it.jsonl
1.0,google/gemma-2-9b-it,top_k,56.0,0.563,563,1000,results/english_pg19_predictions/audit.gemma2-9b-it.jsonl
1.0,google/gemma-2-9b-it,top_k,57.0,0.567,567,1000,results/english_pg19_predictions/audit.gemma2-9b-it.jsonl
1.0,google/gemma-2-9b-it,top_k,58.0,0.567,567,1000,results/english_pg19_predictions/audit.gemma2-9b-it.jsonl
1.0,google/gemma-2-9b-it,top_k,59.0,0.568,568,1000,results/english_pg19_predictions/audit.gemma2-9b-it.jsonl
1.0,google/gemma-2-9b-it,top_k,60.0,0.569,569,1000,results/english_pg19_predictions/audit.gemma2-9b-it.jsonl
1.0,google/gemma-2-9b-it,top_k,61.0,0.574,574,1000,results/english_pg19_predictions/audit.gemma2-9b-it.jsonl
1.0,google/gemma-2-9b-it,top_k,62.0,0.575,575,1000,results/english_pg19_predictions/audit.gemma2-9b-it.jsonl
1.0,google/gemma-2-9b-it,top_k,63.0,0.578,578,1000,results/english_pg19_predictions/audit.gemma2-9b-it.jsonl
1.0,google/gemma-2-9b-it,top_k,64.0,0.581,581,1000,results/english_pg19_predictions/audit.gemma2-9b-it.jsonl
1.0,google/gemma-2-9b-it,top_k,65.0,0.587,587,1000,results/english_pg19_predictions/audit.gemma2-9b-it.jsonl
1.0,google/gemma-2-9b-it,top_k,66.0,0.59,590,1000,results/english_pg19_predictions/audit.gemma2-9b-it.jsonl
1.0,google/gemma-2-9b-it,top_k,67.0,0.592,592,1000,results/english_pg19_predictions/audit.gemma2-9b-it.jsonl
1.0,google/gemma-2-9b-it,top_k,68.0,0.593,593,1000,results/english_pg19_predictions/audit.gemma2-9b-it.jsonl
1.0,google/gemma-2-9b-it,top_k,69.0,0.595,595,1000,results/english_pg19_predictions/audit.gemma2-9b-it.jsonl
1.0,google/gemma-2-9b-it,top_k,70.0,0.598,598,1000,results/english_pg19_predictions/audit.gemma2-9b-it.jsonl
1.0,google/gemma-2-9b-it,top_k,71.0,0.602,602,1000,results/english_pg19_predictions/audit.gemma2-9b-it.jsonl
1.0,google/gemma-2-9b-it,top_k,72.0,0.602,602,1000,results/english_pg19_predictions/audit.gemma2-9b-it.jsonl
1.0,google/gemma-2-9b-it,top_k,73.0,0.604,604,1000,results/english_pg19_predictions/audit.gemma2-9b-it.jsonl
1.0,google/gemma-2-9b-it,top_k,74.0,0.607,607,1000,results/english_pg19_predictions/audit.gemma2-9b-it.jsonl
1.0,google/gemma-2-9b-it,top_k,75.0,0.607,607,1000,results/english_pg19_predictions/audit.gemma2-9b-it.jsonl
1.0,google/gemma-2-9b-it,top_k,76.0,0.609,609,1000,results/english_pg19_predictions/audit.gemma2-9b-it.jsonl
1.0,google/gemma-2-9b-it,top_k,77.0,0.609,609,1000,results/english_pg19_predictions/audit.gemma2-9b-it.jsonl
1.0,google/gemma-2-9b-it,top_k,78.0,0.611,611,1000,results/english_pg19_predictions/audit.gemma2-9b-it.jsonl
1.0,google/gemma-2-9b-it,top_k,79.0,0.611,611,1000,results/english_pg19_predictions/audit.gemma2-9b-it.jsonl
1.0,google/gemma-2-9b-it,top_k,80.0,0.612,612,1000,results/english_pg19_predictions/audit.gemma2-9b-it.jsonl
1.0,google/gemma-2-9b-it,top_k,81.0,0.613,613,1000,results/english_pg19_predictions/audit.gemma2-9b-it.jsonl
1.0,google/gemma-2-9b-it,top_k,82.0,0.615,615,1000,results/english_pg19_predictions/audit.gemma2-9b-it.jsonl
1.0,google/gemma-2-9b-it,top_k,83.0,0.617,617,1000,results/english_pg19_predictions/audit.gemma2-9b-it.jsonl
1.0,google/gemma-2-9b-it,top_k,84.0,0.619,619,1000,results/english_pg19_predictions/audit.gemma2-9b-it.jsonl
1.0,google/gemma-2-9b-it,top_k,85.0,0.622,622,1000,results/english_pg19_predictions/audit.gemma2-9b-it.jsonl
1.0,google/gemma-2-9b-it,top_k,86.0,0.622,622,1000,results/english_pg19_predictions/audit.gemma2-9b-it.jsonl
1.0,google/gemma-2-9b-it,top_k,87.0,0.623,623,1000,results/english_pg19_predictions/audit.gemma2-9b-it.jsonl
1.0,google/gemma-2-9b-it,top_k,88.0,0.623,623,1000,results/english_pg19_predictions/audit.gemma2-9b-it.jsonl
1.0,google/gemma-2-9b-it,top_k,89.0,0.623,623,1000,results/english_pg19_predictions/audit.gemma2-9b-it.jsonl
1.0,google/gemma-2-9b-it,top_k,90.0,0.625,625,1000,results/english_pg19_predictions/audit.gemma2-9b-it.jsonl
1.0,google/gemma-2-9b-it,top_k,91.0,0.625,625,1000,results/english_pg19_predictions/audit.gemma2-9b-it.jsonl
1.0,google/gemma-2-9b-it,top_k,92.0,0.626,626,1000,results/english_pg19_predictions/audit.gemma2-9b-it.jsonl
1.0,google/gemma-2-9b-it,top_k,93.0,0.627,627,1000,results/english_pg19_predictions/audit.gemma2-9b-it.jsonl
1.0,google/gemma-2-9b-it,top_k,94.0,0.627,627,1000,results/english_pg19_predictions/audit.gemma2-9b-it.jsonl
1.0,google/gemma-2-9b-it,top_k,95.0,0.629,629,1000,results/english_pg19_predictions/audit.gemma2-9b-it.jsonl
1.0,google/gemma-2-9b-it,top_k,96.0,0.63,630,1000,results/english_pg19_predictions/audit.gemma2-9b-it.jsonl
1.0,google/gemma-2-9b-it,top_k,97.0,0.631,631,1000,results/english_pg19_predictions/audit.gemma2-9b-it.jsonl
1.0,google/gemma-2-9b-it,top_k,98.0,0.632,632,1000,results/english_pg19_predictions/audit.gemma2-9b-it.jsonl
1.0,google/gemma-2-9b-it,top_k,99.0,0.633,633,1000,results/english_pg19_predictions/audit.gemma2-9b-it.jsonl
1.0,google/gemma-2-9b-it,top_k,100.0,0.634,634,1000,results/english_pg19_predictions/audit.gemma2-9b-it.jsonl
1.0,google/gemma-2-9b-it,top_p,0.5,0.114,114,1000,results/english_pg19_predictions/audit.gemma2-9b-it.jsonl
1.0,google/gemma-2-9b-it,top_p,0.55,0.135,135,1000,results/english_pg19_predictions/audit.gemma2-9b-it.jsonl
1.0,google/gemma-2-9b-it,top_p,0.6,0.173,173,1000,results/english_pg19_predictions/audit.gemma2-9b-it.jsonl
1.0,google/gemma-2-9b-it,top_p,0.65,0.22,220,1000,results/english_pg19_predictions/audit.gemma2-9b-it.jsonl
1.0,google/gemma-2-9b-it,top_p,0.7,0.261,261,1000,results/english_pg19_predictions/audit.gemma2-9b-it.jsonl
1.0,google/gemma-2-9b-it,top_p,0.75,0.304,304,1000,results/english_pg19_predictions/audit.gemma2-9b-it.jsonl
1.0,google/gemma-2-9b-it,top_p,0.8,0.362,362,1000,results/english_pg19_predictions/audit.gemma2-9b-it.jsonl
1.0,google/gemma-2-9b-it,top_p,0.85,0.429,429,1000,results/english_pg19_predictions/audit.gemma2-9b-it.jsonl
1.0,google/gemma-2-9b-it,top_p,0.9,0.528,528,1000,results/english_pg19_predictions/audit.gemma2-9b-it.jsonl
1.0,google/gemma-2-9b-it,top_p,0.95,0.657,657,1000,results/english_pg19_predictions/audit.gemma2-9b-it.jsonl
1.0,google/gemma-2-9b-it,top_p,0.99,0.854,854,1000,results/english_pg19_predictions/audit.gemma2-9b-it.jsonl
1.0,google/gemma-2-9b-it,min_p,0.01,0.452,452,1000,results/english_pg19_predictions/audit.gemma2-9b-it.jsonl
1.0,google/gemma-2-9b-it,min_p,0.02,0.39,390,1000,results/english_pg19_predictions/audit.gemma2-9b-it.jsonl
1.0,google/gemma-2-9b-it,min_p,0.03,0.352,352,1000,results/english_pg19_predictions/audit.gemma2-9b-it.jsonl
1.0,google/gemma-2-9b-it,min_p,0.04,0.315,315,1000,results/english_pg19_predictions/audit.gemma2-9b-it.jsonl
1.0,google/gemma-2-9b-it,min_p,0.05,0.29,290,1000,results/english_pg19_predictions/audit.gemma2-9b-it.jsonl
1.0,google/gemma-2-9b-it,min_p,0.06,0.282,282,1000,results/english_pg19_predictions/audit.gemma2-9b-it.jsonl
1.0,google/gemma-2-9b-it,min_p,0.07,0.265,265,1000,results/english_pg19_predictions/audit.gemma2-9b-it.jsonl
1.0,google/gemma-2-9b-it,min_p,0.08,0.252,252,1000,results/english_pg19_predictions/audit.gemma2-9b-it.jsonl
1.0,google/gemma-2-9b-it,min_p,0.09,0.244,244,1000,results/english_pg19_predictions/audit.gemma2-9b-it.jsonl
1.0,google/gemma-2-9b-it,min_p,0.1,0.236,236,1000,results/english_pg19_predictions/audit.gemma2-9b-it.jsonl
1.0,google/gemma-3-12b-it,top_k,1.0,0.031,31,1000,results/english_pg19_predictions/audit.gemma3-12b-it.jsonl
1.0,google/gemma-3-12b-it,top_k,2.0,0.046,46,1000,results/english_pg19_predictions/audit.gemma3-12b-it.jsonl
1.0,google/gemma-3-12b-it,top_k,3.0,0.065,65,1000,results/english_pg19_predictions/audit.gemma3-12b-it.jsonl
1.0,google/gemma-3-12b-it,top_k,4.0,0.09,90,1000,results/english_pg19_predictions/audit.gemma3-12b-it.jsonl
1.0,google/gemma-3-12b-it,top_k,5.0,0.106,106,1000,results/english_pg19_predictions/audit.gemma3-12b-it.jsonl
1.0,google/gemma-3-12b-it,top_k,6.0,0.116,116,1000,results/english_pg19_predictions/audit.gemma3-12b-it.jsonl
1.0,google/gemma-3-12b-it,top_k,7.0,0.132,132,1000,results/english_pg19_predictions/audit.gemma3-12b-it.jsonl
1.0,google/gemma-3-12b-it,top_k,8.0,0.137,137,1000,results/english_pg19_predictions/audit.gemma3-12b-it.jsonl
1.0,google/gemma-3-12b-it,top_k,9.0,0.144,144,1000,results/english_pg19_predictions/audit.gemma3-12b-it.jsonl
1.0,google/gemma-3-12b-it,top_k,10.0,0.15,150,1000,results/english_pg19_predictions/audit.gemma3-12b-it.jsonl
1.0,google/gemma-3-12b-it,top_k,11.0,0.156,156,1000,results/english_pg19_predictions/audit.gemma3-12b-it.jsonl
1.0,google/gemma-3-12b-it,top_k,12.0,0.165,165,1000,results/english_pg19_predictions/audit.gemma3-12b-it.jsonl
1.0,google/gemma-3-12b-it,top_k,13.0,0.169,169,1000,results/english_pg19_predictions/audit.gemma3-12b-it.jsonl
1.0,google/gemma-3-12b-it,top_k,14.0,0.176,176,1000,results/english_pg19_predictions/audit.gemma3-12b-it.jsonl
1.0,google/gemma-3-12b-it,top_k,15.0,0.18,180,1000,results/english_pg19_predictions/audit.gemma3-12b-it.jsonl
1.0,google/gemma-3-12b-it,top_k,16.0,0.185,185,1000,results/english_pg19_predictions/audit.gemma3-12b-it.jsonl
1.0,google/gemma-3-12b-it,top_k,17.0,0.191,191,1000,results/english_pg19_predictions/audit.gemma3-12b-it.jsonl
1.0,google/gemma-3-12b-it,top_k,18.0,0.196,196,1000,results/english_pg19_predictions/audit.gemma3-12b-it.jsonl
1.0,google/gemma-3-12b-it,top_k,19.0,0.198,198,1000,results/english_pg19_predictions/audit.gemma3-12b-it.jsonl
1.0,google/gemma-3-12b-it,top_k,20.0,0.2,200,1000,results/english_pg19_predictions/audit.gemma3-12b-it.jsonl
1.0,google/gemma-3-12b-it,top_k,21.0,0.207,207,1000,results/english_pg19_predictions/audit.gemma3-12b-it.jsonl
1.0,google/gemma-3-12b-it,top_k,22.0,0.213,213,1000,results/english_pg19_predictions/audit.gemma3-12b-it.jsonl
1.0,google/gemma-3-12b-it,top_k,23.0,0.218,218,1000,results/english_pg19_predictions/audit.gemma3-12b-it.jsonl
1.0,google/gemma-3-12b-it,top_k,24.0,0.224,224,1000,results/english_pg19_predictions/audit.gemma3-12b-it.jsonl
1.0,google/gemma-3-12b-it,top_k,25.0,0.229,229,1000,results/english_pg19_predictions/audit.gemma3-12b-it.jsonl
1.0,google/gemma-3-12b-it,top_k,26.0,0.231,231,1000,results/english_pg19_predictions/audit.gemma3-12b-it.jsonl
1.0,google/gemma-3-12b-it,top_k,27.0,0.232,232,1000,results/english_pg19_predictions/audit.gemma3-12b-it.jsonl
1.0,google/gemma-3-12b-it,top_k,28.0,0.236,236,1000,results/english_pg19_predictions/audit.gemma3-12b-it.jsonl
1.0,google/gemma-3-12b-it,top_k,29.0,0.24,240,1000,results/english_pg19_predictions/audit.gemma3-12b-it.jsonl
1.0,google/gemma-3-12b-it,top_k,30.0,0.242,242,1000,results/english_pg19_predictions/audit.gemma3-12b-it.jsonl
1.0,google/gemma-3-12b-it,top_k,31.0,0.245,245,1000,results/english_pg19_predictions/audit.gemma3-12b-it.jsonl
1.0,google/gemma-3-12b-it,top_k,32.0,0.247,247,1000,results/english_pg19_predictions/audit.gemma3-12b-it.jsonl
1.0,google/gemma-3-12b-it,top_k,33.0,0.25,250,1000,results/english_pg19_predictions/audit.gemma3-12b-it.jsonl
1.0,google/gemma-3-12b-it,top_k,34.0,0.254,254,1000,results/english_pg19_predictions/audit.gemma3-12b-it.jsonl
1.0,google/gemma-3-12b-it,top_k,35.0,0.258,258,1000,results/english_pg19_predictions/audit.gemma3-12b-it.jsonl
1.0,google/gemma-3-12b-it,top_k,36.0,0.261,261,1000,results/english_pg19_predictions/audit.gemma3-12b-it.jsonl
1.0,google/gemma-3-12b-it,top_k,37.0,0.262,262,1000,results/english_pg19_predictions/audit.gemma3-12b-it.jsonl
1.0,google/gemma-3-12b-it,top_k,38.0,0.265,265,1000,results/english_pg19_predictions/audit.gemma3-12b-it.jsonl
1.0,google/gemma-3-12b-it,top_k,39.0,0.266,266,1000,results/english_pg19_predictions/audit.gemma3-12b-it.jsonl
1.0,google/gemma-3-12b-it,top_k,40.0,0.267,267,1000,results/english_pg19_predictions/audit.gemma3-12b-it.jsonl
1.0,google/gemma-3-12b-it,top_k,41.0,0.268,268,1000,results/english_pg19_predictions/audit.gemma3-12b-it.jsonl
1.0,google/gemma-3-12b-it,top_k,42.0,0.268,268,1000,results/english_pg19_predictions/audit.gemma3-12b-it.jsonl
1.0,google/gemma-3-12b-it,top_k,43.0,0.27,270,1000,results/english_pg19_predictions/audit.gemma3-12b-it.jsonl
1.0,google/gemma-3-12b-it,top_k,44.0,0.272,272,1000,results/english_pg19_predictions/audit.gemma3-12b-it.jsonl
1.0,google/gemma-3-12b-it,top_k,45.0,0.273,273,1000,results/english_pg19_predictions/audit.gemma3-12b-it.jsonl
1.0,google/gemma-3-12b-it,top_k,46.0,0.275,275,1000,results/english_pg19_predictions/audit.gemma3-12b-it.jsonl
1.0,google/gemma-3-12b-it,top_k,47.0,0.276,276,1000,results/english_pg19_predictions/audit.gemma3-12b-it.jsonl
1.0,google/gemma-3-12b-it,top_k,48.0,0.281,281,1000,results/english_pg19_predictions/audit.gemma3-12b-it.jsonl
1.0,google/gemma-3-12b-it,top_k,49.0,0.283,283,1000,results/english_pg19_predictions/audit.gemma3-12b-it.jsonl
1.0,google/gemma-3-12b-it,top_k,50.0,0.286,286,1000,results/english_pg19_predictions/audit.gemma3-12b-it.jsonl
1.0,google/gemma-3-12b-it,top_k,51.0,0.289,289,1000,results/english_pg19_predictions/audit.gemma3-12b-it.jsonl
1.0,google/gemma-3-12b-it,top_k,52.0,0.289,289,1000,results/english_pg19_predictions/audit.gemma3-12b-it.jsonl
1.0,google/gemma-3-12b-it,top_k,53.0,0.289,289,1000,results/english_pg19_predictions/audit.gemma3-12b-it.jsonl
1.0,google/gemma-3-12b-it,top_k,54.0,0.292,292,1000,results/english_pg19_predictions/audit.gemma3-12b-it.jsonl
1.0,google/gemma-3-12b-it,top_k,55.0,0.292,292,1000,results/english_pg19_predictions/audit.gemma3-12b-it.jsonl
1.0,google/gemma-3-12b-it,top_k,56.0,0.296,296,1000,results/english_pg19_predictions/audit.gemma3-12b-it.jsonl
1.0,google/gemma-3-12b-it,top_k,57.0,0.297,297,1000,results/english_pg19_predictions/audit.gemma3-12b-it.jsonl
1.0,google/gemma-3-12b-it,top_k,58.0,0.297,297,1000,results/english_pg19_predictions/audit.gemma3-12b-it.jsonl
1.0,google/gemma-3-12b-it,top_k,59.0,0.297,297,1000,results/english_pg19_predictions/audit.gemma3-12b-it.jsonl
1.0,google/gemma-3-12b-it,top_k,60.0,0.299,299,1000,results/english_pg19_predictions/audit.gemma3-12b-it.jsonl
1.0,google/gemma-3-12b-it,top_k,61.0,0.302,302,1000,results/english_pg19_predictions/audit.gemma3-12b-it.jsonl
1.0,google/gemma-3-12b-it,top_k,62.0,0.304,304,1000,results/english_pg19_predictions/audit.gemma3-12b-it.jsonl
1.0,google/gemma-3-12b-it,top_k,63.0,0.305,305,1000,results/english_pg19_predictions/audit.gemma3-12b-it.jsonl
1.0,google/gemma-3-12b-it,top_k,64.0,0.305,305,1000,results/english_pg19_predictions/audit.gemma3-12b-it.jsonl
1.0,google/gemma-3-12b-it,top_k,65.0,0.306,306,1000,results/english_pg19_predictions/audit.gemma3-12b-it.jsonl
1.0,google/gemma-3-12b-it,top_k,66.0,0.308,308,1000,results/english_pg19_predictions/audit.gemma3-12b-it.jsonl
1.0,google/gemma-3-12b-it,top_k,67.0,0.308,308,1000,results/english_pg19_predictions/audit.gemma3-12b-it.jsonl
1.0,google/gemma-3-12b-it,top_k,68.0,0.308,308,1000,results/english_pg19_predictions/audit.gemma3-12b-it.jsonl
1.0,google/gemma-3-12b-it,top_k,69.0,0.309,309,1000,results/english_pg19_predictions/audit.gemma3-12b-it.jsonl
1.0,google/gemma-3-12b-it,top_k,70.0,0.313,313,1000,results/english_pg19_predictions/audit.gemma3-12b-it.jsonl
1.0,google/gemma-3-12b-it,top_k,71.0,0.315,315,1000,results/english_pg19_predictions/audit.gemma3-12b-it.jsonl
1.0,google/gemma-3-12b-it,top_k,72.0,0.316,316,1000,results/english_pg19_predictions/audit.gemma3-12b-it.jsonl
1.0,google/gemma-3-12b-it,top_k,73.0,0.316,316,1000,results/english_pg19_predictions/audit.gemma3-12b-it.jsonl
1.0,google/gemma-3-12b-it,top_k,74.0,0.317,317,1000,results/english_pg19_predictions/audit.gemma3-12b-it.jsonl
1.0,google/gemma-3-12b-it,top_k,75.0,0.318,318,1000,results/english_pg19_predictions/audit.gemma3-12b-it.jsonl
1.0,google/gemma-3-12b-it,top_k,76.0,0.319,319,1000,results/english_pg19_predictions/audit.gemma3-12b-it.jsonl
1.0,google/gemma-3-12b-it,top_k,77.0,0.321,321,1000,results/english_pg19_predictions/audit.gemma3-12b-it.jsonl
1.0,google/gemma-3-12b-it,top_k,78.0,0.325,325,1000,results/english_pg19_predictions/audit.gemma3-12b-it.jsonl
1.0,google/gemma-3-12b-it,top_k,79.0,0.325,325,1000,results/english_pg19_predictions/audit.gemma3-12b-it.jsonl
1.0,google/gemma-3-12b-it,top_k,80.0,0.326,326,1000,results/english_pg19_predictions/audit.gemma3-12b-it.jsonl
1.0,google/gemma-3-12b-it,top_k,81.0,0.33,330,1000,results/english_pg19_predictions/audit.gemma3-12b-it.jsonl
1.0,google/gemma-3-12b-it,top_k,82.0,0.333,333,1000,results/english_pg19_predictions/audit.gemma3-12b-it.jsonl
1.0,google/gemma-3-12b-it,top_k,83.0,0.333,333,1000,results/english_pg19_predictions/audit.gemma3-12b-it.jsonl
1.0,google/gemma-3-12b-it,top_k,84.0,0.334,334,1000,results/english_pg19_predictions/audit.gemma3-12b-it.jsonl
1.0,google/gemma-3-12b-it,top_k,85.0,0.336,336,1000,results/english_pg19_predictions/audit.gemma3-12b-it.jsonl
1.0,google/gemma-3-12b-it,top_k,86.0,0.336,336,1000,results/english_pg19_predictions/audit.gemma3-12b-it.jsonl
1.0,google/gemma-3-12b-it,top_k,87.0,0.34,340,1000,results/english_pg19_predictions/audit.gemma3-12b-it.jsonl
1.0,google/gemma-3-12b-it,top_k,88.0,0.34,340,1000,results/english_pg19_predictions/audit.gemma3-12b-it.jsonl
1.0,google/gemma-3-12b-it,top_k,89.0,0.341,341,1000,results/english_pg19_predictions/audit.gemma3-12b-it.jsonl
1.0,google/gemma-3-12b-it,top_k,90.0,0.343,343,1000,results/english_pg19_predictions/audit.gemma3-12b-it.jsonl
1.0,google/gemma-3-12b-it,top_k,91.0,0.346,346,1000,results/english_pg19_predictions/audit.gemma3-12b-it.jsonl
1.0,google/gemma-3-12b-it,top_k,92.0,0.348,348,1000,results/english_pg19_predictions/audit.gemma3-12b-it.jsonl
1.0,google/gemma-3-12b-it,top_k,93.0,0.35,350,1000,results/english_pg19_predictions/audit.gemma3-12b-it.jsonl
1.0,google/gemma-3-12b-it,top_k,94.0,0.353,353,1000,results/english_pg19_predictions/audit.gemma3-12b-it.jsonl
1.0,google/gemma-3-12b-it,top_k,95.0,0.353,353,1000,results/english_pg19_predictions/audit.gemma3-12b-it.jsonl
1.0,google/gemma-3-12b-it,top_k,96.0,0.356,356,1000,results/english_pg19_predictions/audit.gemma3-12b-it.jsonl
1.0,google/gemma-3-12b-it,top_k,97.0,0.358,358,1000,results/english_pg19_predictions/audit.gemma3-12b-it.jsonl
1.0,google/gemma-3-12b-it,top_k,98.0,0.359,359,1000,results/english_pg19_predictions/audit.gemma3-12b-it.jsonl
1.0,google/gemma-3-12b-it,top_k,99.0,0.36,360,1000,results/english_pg19_predictions/audit.gemma3-12b-it.jsonl
1.0,google/gemma-3-12b-it,top_k,100.0,0.363,363,1000,results/english_pg19_predictions/audit.gemma3-12b-it.jsonl
1.0,google/gemma-3-12b-it,top_p,0.5,0.036,36,1000,results/english_pg19_predictions/audit.gemma3-12b-it.jsonl
1.0,google/gemma-3-12b-it,top_p,0.55,0.042,42,1000,results/english_pg19_predictions/audit.gemma3-12b-it.jsonl
1.0,google/gemma-3-12b-it,top_p,0.6,0.06,60,1000,results/english_pg19_predictions/audit.gemma3-12b-it.jsonl
1.0,google/gemma-3-12b-it,top_p,0.65,0.07,70,1000,results/english_pg19_predictions/audit.gemma3-12b-it.jsonl
1.0,google/gemma-3-12b-it,top_p,0.7,0.089,89,1000,results/english_pg19_predictions/audit.gemma3-12b-it.jsonl
1.0,google/gemma-3-12b-it,top_p,0.75,0.107,107,1000,results/english_pg19_predictions/audit.gemma3-12b-it.jsonl
1.0,google/gemma-3-12b-it,top_p,0.8,0.143,143,1000,results/english_pg19_predictions/audit.gemma3-12b-it.jsonl
1.0,google/gemma-3-12b-it,top_p,0.85,0.169,169,1000,results/english_pg19_predictions/audit.gemma3-12b-it.jsonl
1.0,google/gemma-3-12b-it,top_p,0.9,0.215,215,1000,results/english_pg19_predictions/audit.gemma3-12b-it.jsonl
1.0,google/gemma-3-12b-it,top_p,0.95,0.294,294,1000,results/english_pg19_predictions/audit.gemma3-12b-it.jsonl
1.0,google/gemma-3-12b-it,top_p,0.99,0.497,497,1000,results/english_pg19_predictions/audit.gemma3-12b-it.jsonl
1.0,google/gemma-3-12b-it,min_p,0.01,0.185,185,1000,results/english_pg19_predictions/audit.gemma3-12b-it.jsonl
1.0,google/gemma-3-12b-it,min_p,0.02,0.145,145,1000,results/english_pg19_predictions/audit.gemma3-12b-it.jsonl
1.0,google/gemma-3-12b-it,min_p,0.03,0.129,129,1000,results/english_pg19_predictions/audit.gemma3-12b-it.jsonl
1.0,google/gemma-3-12b-it,min_p,0.04,0.114,114,1000,results/english_pg19_predictions/audit.gemma3-12b-it.jsonl
1.0,google/gemma-3-12b-it,min_p,0.05,0.107,107,1000,results/english_pg19_predictions/audit.gemma3-12b-it.jsonl
1.0,google/gemma-3-12b-it,min_p,0.06,0.103,103,1000,results/english_pg19_predictions/audit.gemma3-12b-it.jsonl
1.0,google/gemma-3-12b-it,min_p,0.07,0.097,97,1000,results/english_pg19_predictions/audit.gemma3-12b-it.jsonl
1.0,google/gemma-3-12b-it,min_p,0.08,0.093,93,1000,results/english_pg19_predictions/audit.gemma3-12b-it.jsonl
1.0,google/gemma-3-12b-it,min_p,0.09,0.088,88,1000,results/english_pg19_predictions/audit.gemma3-12b-it.jsonl
1.0,google/gemma-3-12b-it,min_p,0.1,0.084,84,1000,results/english_pg19_predictions/audit.gemma3-12b-it.jsonl
1.0,google/gemma-3-12b-pt,top_k,1.0,0.022,22,1000,results/english_pg19_predictions/audit.gemma3-12b-base.jsonl
1.0,google/gemma-3-12b-pt,top_k,2.0,0.032,32,1000,results/english_pg19_predictions/audit.gemma3-12b-base.jsonl
1.0,google/gemma-3-12b-pt,top_k,3.0,0.04,40,1000,results/english_pg19_predictions/audit.gemma3-12b-base.jsonl
1.0,google/gemma-3-12b-pt,top_k,4.0,0.045,45,1000,results/english_pg19_predictions/audit.gemma3-12b-base.jsonl
1.0,google/gemma-3-12b-pt,top_k,5.0,0.05,50,1000,results/english_pg19_predictions/audit.gemma3-12b-base.jsonl
1.0,google/gemma-3-12b-pt,top_k,6.0,0.056,56,1000,results/english_pg19_predictions/audit.gemma3-12b-base.jsonl
1.0,google/gemma-3-12b-pt,top_k,7.0,0.058,58,1000,results/english_pg19_predictions/audit.gemma3-12b-base.jsonl
1.0,google/gemma-3-12b-pt,top_k,8.0,0.066,66,1000,results/english_pg19_predictions/audit.gemma3-12b-base.jsonl
1.0,google/gemma-3-12b-pt,top_k,9.0,0.072,72,1000,results/english_pg19_predictions/audit.gemma3-12b-base.jsonl
1.0,google/gemma-3-12b-pt,top_k,10.0,0.079,79,1000,results/english_pg19_predictions/audit.gemma3-12b-base.jsonl
1.0,google/gemma-3-12b-pt,top_k,11.0,0.085,85,1000,results/english_pg19_predictions/audit.gemma3-12b-base.jsonl
1.0,google/gemma-3-12b-pt,top_k,12.0,0.088,88,1000,results/english_pg19_predictions/audit.gemma3-12b-base.jsonl
1.0,google/gemma-3-12b-pt,top_k,13.0,0.093,93,1000,results/english_pg19_predictions/audit.gemma3-12b-base.jsonl
1.0,google/gemma-3-12b-pt,top_k,14.0,0.1,100,1000,results/english_pg19_predictions/audit.gemma3-12b-base.jsonl
1.0,google/gemma-3-12b-pt,top_k,15.0,0.103,103,1000,results/english_pg19_predictions/audit.gemma3-12b-base.jsonl
1.0,google/gemma-3-12b-pt,top_k,16.0,0.109,109,1000,results/english_pg19_predictions/audit.gemma3-12b-base.jsonl
1.0,google/gemma-3-12b-pt,top_k,17.0,0.112,112,1000,results/english_pg19_predictions/audit.gemma3-12b-base.jsonl
1.0,google/gemma-3-12b-pt,top_k,18.0,0.115,115,1000,results/english_pg19_predictions/audit.gemma3-12b-base.jsonl
1.0,google/gemma-3-12b-pt,top_k,19.0,0.118,118,1000,results/english_pg19_predictions/audit.gemma3-12b-base.jsonl
1.0,google/gemma-3-12b-pt,top_k,20.0,0.123,123,1000,results/english_pg19_predictions/audit.gemma3-12b-base.jsonl
1.0,google/gemma-3-12b-pt,top_k,21.0,0.126,126,1000,results/english_pg19_predictions/audit.gemma3-12b-base.jsonl
1.0,google/gemma-3-12b-pt,top_k,22.0,0.13,130,1000,results/english_pg19_predictions/audit.gemma3-12b-base.jsonl
1.0,google/gemma-3-12b-pt,top_k,23.0,0.134,134,1000,results/english_pg19_predictions/audit.gemma3-12b-base.jsonl
1.0,google/gemma-3-12b-pt,top_k,24.0,0.137,137,1000,results/english_pg19_predictions/audit.gemma3-12b-base.jsonl
1.0,google/gemma-3-12b-pt,top_k,25.0,0.138,138,1000,results/english_pg19_predictions/audit.gemma3-12b-base.jsonl
1.0,google/gemma-3-12b-pt,top_k,26.0,0.142,142,1000,results/english_pg19_predictions/audit.gemma3-12b-base.jsonl
1.0,google/gemma-3-12b-pt,top_k,27.0,0.145,145,1000,results/english_pg19_predictions/audit.gemma3-12b-base.jsonl
1.0,google/gemma-3-12b-pt,top_k,28.0,0.149,149,1000,results/english_pg19_predictions/audit.gemma3-12b-base.jsonl
1.0,google/gemma-3-12b-pt,top_k,29.0,0.15,150,1000,results/english_pg19_predictions/audit.gemma3-12b-base.jsonl
1.0,google/gemma-3-12b-pt,top_k,30.0,0.154,154,1000,results/english_pg19_predictions/audit.gemma3-12b-base.jsonl
1.0,google/gemma-3-12b-pt,top_k,31.0,0.155,155,1000,results/english_pg19_predictions/audit.gemma3-12b-base.jsonl
1.0,google/gemma-3-12b-pt,top_k,32.0,0.156,156,1000,results/english_pg19_predictions/audit.gemma3-12b-base.jsonl
1.0,google/gemma-3-12b-pt,top_k,33.0,0.158,158,1000,results/english_pg19_predictions/audit.gemma3-12b-base.jsonl
1.0,google/gemma-3-12b-pt,top_k,34.0,0.162,162,1000,results/english_pg19_predictions/audit.gemma3-12b-base.jsonl
1.0,google/gemma-3-12b-pt,top_k,35.0,0.164,164,1000,results/english_pg19_predictions/audit.gemma3-12b-base.jsonl
1.0,google/gemma-3-12b-pt,top_k,36.0,0.166,166,1000,results/english_pg19_predictions/audit.gemma3-12b-base.jsonl
1.0,google/gemma-3-12b-pt,top_k,37.0,0.169,169,1000,results/english_pg19_predictions/audit.gemma3-12b-base.jsonl
1.0,google/gemma-3-12b-pt,top_k,38.0,0.173,173,1000,results/english_pg19_predictions/audit.gemma3-12b-base.jsonl
1.0,google/gemma-3-12b-pt,top_k,39.0,0.174,174,1000,results/english_pg19_predictions/audit.gemma3-12b-base.jsonl
1.0,google/gemma-3-12b-pt,top_k,40.0,0.177,177,1000,results/english_pg19_predictions/audit.gemma3-12b-base.jsonl
1.0,google/gemma-3-12b-pt,top_k,41.0,0.182,182,1000,results/english_pg19_predictions/audit.gemma3-12b-base.jsonl
1.0,google/gemma-3-12b-pt,top_k,42.0,0.183,183,1000,results/english_pg19_predictions/audit.gemma3-12b-base.jsonl
1.0,google/gemma-3-12b-pt,top_k,43.0,0.187,187,1000,results/english_pg19_predictions/audit.gemma3-12b-base.jsonl
1.0,google/gemma-3-12b-pt,top_k,44.0,0.188,188,1000,results/english_pg19_predictions/audit.gemma3-12b-base.jsonl
1.0,google/gemma-3-12b-pt,top_k,45.0,0.192,192,1000,results/english_pg19_predictions/audit.gemma3-12b-base.jsonl
1.0,google/gemma-3-12b-pt,top_k,46.0,0.195,195,1000,results/english_pg19_predictions/audit.gemma3-12b-base.jsonl
1.0,google/gemma-3-12b-pt,top_k,47.0,0.195,195,1000,results/english_pg19_predictions/audit.gemma3-12b-base.jsonl
1.0,google/gemma-3-12b-pt,top_k,48.0,0.198,198,1000,results/english_pg19_predictions/audit.gemma3-12b-base.jsonl
1.0,google/gemma-3-12b-pt,top_k,49.0,0.2,200,1000,results/english_pg19_predictions/audit.gemma3-12b-base.jsonl
1.0,google/gemma-3-12b-pt,top_k,50.0,0.203,203,1000,results/english_pg19_predictions/audit.gemma3-12b-base.jsonl
1.0,google/gemma-3-12b-pt,top_k,51.0,0.204,204,1000,results/english_pg19_predictions/audit.gemma3-12b-base.jsonl
1.0,google/gemma-3-12b-pt,top_k,52.0,0.206,206,1000,results/english_pg19_predictions/audit.gemma3-12b-base.jsonl
1.0,google/gemma-3-12b-pt,top_k,53.0,0.209,209,1000,results/english_pg19_predictions/audit.gemma3-12b-base.jsonl
1.0,google/gemma-3-12b-pt,top_k,54.0,0.212,212,1000,results/english_pg19_predictions/audit.gemma3-12b-base.jsonl
1.0,google/gemma-3-12b-pt,top_k,55.0,0.214,214,1000,results/english_pg19_predictions/audit.gemma3-12b-base.jsonl
1.0,google/gemma-3-12b-pt,top_k,56.0,0.215,215,1000,results/english_pg19_predictions/audit.gemma3-12b-base.jsonl
1.0,google/gemma-3-12b-pt,top_k,57.0,0.221,221,1000,results/english_pg19_predictions/audit.gemma3-12b-base.jsonl
1.0,google/gemma-3-12b-pt,top_k,58.0,0.224,224,1000,results/english_pg19_predictions/audit.gemma3-12b-base.jsonl
1.0,google/gemma-3-12b-pt,top_k,59.0,0.227,227,1000,results/english_pg19_predictions/audit.gemma3-12b-base.jsonl
1.0,google/gemma-3-12b-pt,top_k,60.0,0.227,227,1000,results/english_pg19_predictions/audit.gemma3-12b-base.jsonl
1.0,google/gemma-3-12b-pt,top_k,61.0,0.229,229,1000,results/english_pg19_predictions/audit.gemma3-12b-base.jsonl
1.0,google/gemma-3-12b-pt,top_k,62.0,0.23,230,1000,results/english_pg19_predictions/audit.gemma3-12b-base.jsonl
1.0,google/gemma-3-12b-pt,top_k,63.0,0.232,232,1000,results/english_pg19_predictions/audit.gemma3-12b-base.jsonl
1.0,google/gemma-3-12b-pt,top_k,64.0,0.233,233,1000,results/english_pg19_predictions/audit.gemma3-12b-base.jsonl
1.0,google/gemma-3-12b-pt,top_k,65.0,0.237,237,1000,results/english_pg19_predictions/audit.gemma3-12b-base.jsonl
1.0,google/gemma-3-12b-pt,top_k,66.0,0.238,238,1000,results/english_pg19_predictions/audit.gemma3-12b-base.jsonl
1.0,google/gemma-3-12b-pt,top_k,67.0,0.238,238,1000,results/english_pg19_predictions/audit.gemma3-12b-base.jsonl
1.0,google/gemma-3-12b-pt,top_k,68.0,0.239,239,1000,results/english_pg19_predictions/audit.gemma3-12b-base.jsonl
1.0,google/gemma-3-12b-pt,top_k,69.0,0.239,239,1000,results/english_pg19_predictions/audit.gemma3-12b-base.jsonl
1.0,google/gemma-3-12b-pt,top_k,70.0,0.24,240,1000,results/english_pg19_predictions/audit.gemma3-12b-base.jsonl
1.0,google/gemma-3-12b-pt,top_k,71.0,0.241,241,1000,results/english_pg19_predictions/audit.gemma3-12b-base.jsonl
1.0,google/gemma-3-12b-pt,top_k,72.0,0.242,242,1000,results/english_pg19_predictions/audit.gemma3-12b-base.jsonl
1.0,google/gemma-3-12b-pt,top_k,73.0,0.244,244,1000,results/english_pg19_predictions/audit.gemma3-12b-base.jsonl
1.0,google/gemma-3-12b-pt,top_k,74.0,0.246,246,1000,results/english_pg19_predictions/audit.gemma3-12b-base.jsonl
1.0,google/gemma-3-12b-pt,top_k,75.0,0.246,246,1000,results/english_pg19_predictions/audit.gemma3-12b-base.jsonl
1.0,google/gemma-3-12b-pt,top_k,76.0,0.247,247,1000,results/english_pg19_predictions/audit.gemma3-12b-base.jsonl
1.0,google/gemma-3-12b-pt,top_k,77.0,0.25,250,1000,results/english_pg19_predictions/audit.gemma3-12b-base.jsonl
1.0,google/gemma-3-12b-pt,top_k,78.0,0.251,251,1000,results/english_pg19_predictions/audit.gemma3-12b-base.jsonl
1.0,google/gemma-3-12b-pt,top_k,79.0,0.251,251,1000,results/english_pg19_predictions/audit.gemma3-12b-base.jsonl
1.0,google/gemma-3-12b-pt,top_k,80.0,0.253,253,1000,results/english_pg19_predictions/audit.gemma3-12b-base.jsonl
1.0,google/gemma-3-12b-pt,top_k,81.0,0.256,256,1000,results/english_pg19_predictions/audit.gemma3-12b-base.jsonl
1.0,google/gemma-3-12b-pt,top_k,82.0,0.257,257,1000,results/english_pg19_predictions/audit.gemma3-12b-base.jsonl
1.0,google/gemma-3-12b-pt,top_k,83.0,0.259,259,1000,results/english_pg19_predictions/audit.gemma3-12b-base.jsonl
1.0,google/gemma-3-12b-pt,top_k,84.0,0.262,262,1000,results/english_pg19_predictions/audit.gemma3-12b-base.jsonl
1.0,google/gemma-3-12b-pt,top_k,85.0,0.264,264,1000,results/english_pg19_predictions/audit.gemma3-12b-base.jsonl
1.0,google/gemma-3-12b-pt,top_k,86.0,0.265,265,1000,results/english_pg19_predictions/audit.gemma3-12b-base.jsonl
1.0,google/gemma-3-12b-pt,top_k,87.0,0.265,265,1000,results/english_pg19_predictions/audit.gemma3-12b-base.jsonl
1.0,google/gemma-3-12b-pt,top_k,88.0,0.268,268,1000,results/english_pg19_predictions/audit.gemma3-12b-base.jsonl
1.0,google/gemma-3-12b-pt,top_k,89.0,0.268,268,1000,results/english_pg19_predictions/audit.gemma3-12b-base.jsonl
1.0,google/gemma-3-12b-pt,top_k,90.0,0.268,268,1000,results/english_pg19_predictions/audit.gemma3-12b-base.jsonl
1.0,google/gemma-3-12b-pt,top_k,91.0,0.269,269,1000,results/english_pg19_predictions/audit.gemma3-12b-base.jsonl
1.0,google/gemma-3-12b-pt,top_k,92.0,0.269,269,1000,results/english_pg19_predictions/audit.gemma3-12b-base.jsonl
1.0,google/gemma-3-12b-pt,top_k,93.0,0.269,269,1000,results/english_pg19_predictions/audit.gemma3-12b-base.jsonl
1.0,google/gemma-3-12b-pt,top_k,94.0,0.27,270,1000,results/english_pg19_predictions/audit.gemma3-12b-base.jsonl
1.0,google/gemma-3-12b-pt,top_k,95.0,0.271,271,1000,results/english_pg19_predictions/audit.gemma3-12b-base.jsonl
1.0,google/gemma-3-12b-pt,top_k,96.0,0.272,272,1000,results/english_pg19_predictions/audit.gemma3-12b-base.jsonl
1.0,google/gemma-3-12b-pt,top_k,97.0,0.276,276,1000,results/english_pg19_predictions/audit.gemma3-12b-base.jsonl
1.0,google/gemma-3-12b-pt,top_k,98.0,0.278,278,1000,results/english_pg19_predictions/audit.gemma3-12b-base.jsonl
1.0,google/gemma-3-12b-pt,top_k,99.0,0.278,278,1000,results/english_pg19_predictions/audit.gemma3-12b-base.jsonl
1.0,google/gemma-3-12b-pt,top_k,100.0,0.278,278,1000,results/english_pg19_predictions/audit.gemma3-12b-base.jsonl
1.0,google/gemma-3-12b-pt,top_p,0.5,0.023,23,1000,results/english_pg19_predictions/audit.gemma3-12b-base.jsonl
1.0,google/gemma-3-12b-pt,top_p,0.55,0.026,26,1000,results/english_pg19_predictions/audit.gemma3-12b-base.jsonl
1.0,google/gemma-3-12b-pt,top_p,0.6,0.031,31,1000,results/english_pg19_predictions/audit.gemma3-12b-base.jsonl
1.0,google/gemma-3-12b-pt,top_p,0.65,0.038,38,1000,results/english_pg19_predictions/audit.gemma3-12b-base.jsonl
1.0,google/gemma-3-12b-pt,top_p,0.7,0.054,54,1000,results/english_pg19_predictions/audit.gemma3-12b-base.jsonl
1.0,google/gemma-3-12b-pt,top_p,0.75,0.072,72,1000,results/english_pg19_predictions/audit.gemma3-12b-base.jsonl
1.0,google/gemma-3-12b-pt,top_p,0.8,0.099,99,1000,results/english_pg19_predictions/audit.gemma3-12b-base.jsonl
1.0,google/gemma-3-12b-pt,top_p,0.85,0.121,121,1000,results/english_pg19_predictions/audit.gemma3-12b-base.jsonl
1.0,google/gemma-3-12b-pt,top_p,0.9,0.177,177,1000,results/english_pg19_predictions/audit.gemma3-12b-base.jsonl
1.0,google/gemma-3-12b-pt,top_p,0.95,0.3,300,1000,results/english_pg19_predictions/audit.gemma3-12b-base.jsonl
1.0,google/gemma-3-12b-pt,top_p,0.99,0.601,601,1000,results/english_pg19_predictions/audit.gemma3-12b-base.jsonl
1.0,google/gemma-3-12b-pt,min_p,0.01,0.124,124,1000,results/english_pg19_predictions/audit.gemma3-12b-base.jsonl
1.0,google/gemma-3-12b-pt,min_p,0.02,0.1,100,1000,results/english_pg19_predictions/audit.gemma3-12b-base.jsonl
1.0,google/gemma-3-12b-pt,min_p,0.03,0.084,84,1000,results/english_pg19_predictions/audit.gemma3-12b-base.jsonl
1.0,google/gemma-3-12b-pt,min_p,0.04,0.072,72,1000,results/english_pg19_predictions/audit.gemma3-12b-base.jsonl
1.0,google/gemma-3-12b-pt,min_p,0.05,0.065,65,1000,results/english_pg19_predictions/audit.gemma3-12b-base.jsonl
1.0,google/gemma-3-12b-pt,min_p,0.06,0.063,63,1000,results/english_pg19_predictions/audit.gemma3-12b-base.jsonl
1.0,google/gemma-3-12b-pt,min_p,0.07,0.06,60,1000,results/english_pg19_predictions/audit.gemma3-12b-base.jsonl
1.0,google/gemma-3-12b-pt,min_p,0.08,0.059,59,1000,results/english_pg19_predictions/audit.gemma3-12b-base.jsonl
1.0,google/gemma-3-12b-pt,min_p,0.09,0.057,57,1000,results/english_pg19_predictions/audit.gemma3-12b-base.jsonl
1.0,google/gemma-3-12b-pt,min_p,0.1,0.052,52,1000,results/english_pg19_predictions/audit.gemma3-12b-base.jsonl
1.0,google/gemma-4-E4B,top_k,1.0,0.012,12,1000,results/english_pg19_predictions/audit.gemma4-e4b-base.jsonl
1.0,google/gemma-4-E4B,top_k,2.0,0.021,21,1000,results/english_pg19_predictions/audit.gemma4-e4b-base.jsonl
1.0,google/gemma-4-E4B,top_k,3.0,0.033,33,1000,results/english_pg19_predictions/audit.gemma4-e4b-base.jsonl
1.0,google/gemma-4-E4B,top_k,4.0,0.037,37,1000,results/english_pg19_predictions/audit.gemma4-e4b-base.jsonl
1.0,google/gemma-4-E4B,top_k,5.0,0.046,46,1000,results/english_pg19_predictions/audit.gemma4-e4b-base.jsonl
1.0,google/gemma-4-E4B,top_k,6.0,0.05,50,1000,results/english_pg19_predictions/audit.gemma4-e4b-base.jsonl
1.0,google/gemma-4-E4B,top_k,7.0,0.059,59,1000,results/english_pg19_predictions/audit.gemma4-e4b-base.jsonl
1.0,google/gemma-4-E4B,top_k,8.0,0.066,66,1000,results/english_pg19_predictions/audit.gemma4-e4b-base.jsonl
1.0,google/gemma-4-E4B,top_k,9.0,0.071,71,1000,results/english_pg19_predictions/audit.gemma4-e4b-base.jsonl
1.0,google/gemma-4-E4B,top_k,10.0,0.079,79,1000,results/english_pg19_predictions/audit.gemma4-e4b-base.jsonl
1.0,google/gemma-4-E4B,top_k,11.0,0.085,85,1000,results/english_pg19_predictions/audit.gemma4-e4b-base.jsonl
1.0,google/gemma-4-E4B,top_k,12.0,0.092,92,1000,results/english_pg19_predictions/audit.gemma4-e4b-base.jsonl
1.0,google/gemma-4-E4B,top_k,13.0,0.1,100,1000,results/english_pg19_predictions/audit.gemma4-e4b-base.jsonl
1.0,google/gemma-4-E4B,top_k,14.0,0.105,105,1000,results/english_pg19_predictions/audit.gemma4-e4b-base.jsonl
1.0,google/gemma-4-E4B,top_k,15.0,0.107,107,1000,results/english_pg19_predictions/audit.gemma4-e4b-base.jsonl
1.0,google/gemma-4-E4B,top_k,16.0,0.112,112,1000,results/english_pg19_predictions/audit.gemma4-e4b-base.jsonl
1.0,google/gemma-4-E4B,top_k,17.0,0.116,116,1000,results/english_pg19_predictions/audit.gemma4-e4b-base.jsonl
1.0,google/gemma-4-E4B,top_k,18.0,0.119,119,1000,results/english_pg19_predictions/audit.gemma4-e4b-base.jsonl
1.0,google/gemma-4-E4B,top_k,19.0,0.122,122,1000,results/english_pg19_predictions/audit.gemma4-e4b-base.jsonl
1.0,google/gemma-4-E4B,top_k,20.0,0.124,124,1000,results/english_pg19_predictions/audit.gemma4-e4b-base.jsonl
1.0,google/gemma-4-E4B,top_k,21.0,0.128,128,1000,results/english_pg19_predictions/audit.gemma4-e4b-base.jsonl
1.0,google/gemma-4-E4B,top_k,22.0,0.13,130,1000,results/english_pg19_predictions/audit.gemma4-e4b-base.jsonl
1.0,google/gemma-4-E4B,top_k,23.0,0.132,132,1000,results/english_pg19_predictions/audit.gemma4-e4b-base.jsonl
1.0,google/gemma-4-E4B,top_k,24.0,0.133,133,1000,results/english_pg19_predictions/audit.gemma4-e4b-base.jsonl
1.0,google/gemma-4-E4B,top_k,25.0,0.138,138,1000,results/english_pg19_predictions/audit.gemma4-e4b-base.jsonl
1.0,google/gemma-4-E4B,top_k,26.0,0.143,143,1000,results/english_pg19_predictions/audit.gemma4-e4b-base.jsonl
1.0,google/gemma-4-E4B,top_k,27.0,0.145,145,1000,results/english_pg19_predictions/audit.gemma4-e4b-base.jsonl
1.0,google/gemma-4-E4B,top_k,28.0,0.148,148,1000,results/english_pg19_predictions/audit.gemma4-e4b-base.jsonl
1.0,google/gemma-4-E4B,top_k,29.0,0.152,152,1000,results/english_pg19_predictions/audit.gemma4-e4b-base.jsonl
1.0,google/gemma-4-E4B,top_k,30.0,0.156,156,1000,results/english_pg19_predictions/audit.gemma4-e4b-base.jsonl
1.0,google/gemma-4-E4B,top_k,31.0,0.161,161,1000,results/english_pg19_predictions/audit.gemma4-e4b-base.jsonl
1.0,google/gemma-4-E4B,top_k,32.0,0.164,164,1000,results/english_pg19_predictions/audit.gemma4-e4b-base.jsonl
1.0,google/gemma-4-E4B,top_k,33.0,0.166,166,1000,results/english_pg19_predictions/audit.gemma4-e4b-base.jsonl
1.0,google/gemma-4-E4B,top_k,34.0,0.169,169,1000,results/english_pg19_predictions/audit.gemma4-e4b-base.jsonl
1.0,google/gemma-4-E4B,top_k,35.0,0.175,175,1000,results/english_pg19_predictions/audit.gemma4-e4b-base.jsonl
1.0,google/gemma-4-E4B,top_k,36.0,0.179,179,1000,results/english_pg19_predictions/audit.gemma4-e4b-base.jsonl
1.0,google/gemma-4-E4B,top_k,37.0,0.179,179,1000,results/english_pg19_predictions/audit.gemma4-e4b-base.jsonl
1.0,google/gemma-4-E4B,top_k,38.0,0.182,182,1000,results/english_pg19_predictions/audit.gemma4-e4b-base.jsonl
1.0,google/gemma-4-E4B,top_k,39.0,0.185,185,1000,results/english_pg19_predictions/audit.gemma4-e4b-base.jsonl
1.0,google/gemma-4-E4B,top_k,40.0,0.189,189,1000,results/english_pg19_predictions/audit.gemma4-e4b-base.jsonl
1.0,google/gemma-4-E4B,top_k,41.0,0.191,191,1000,results/english_pg19_predictions/audit.gemma4-e4b-base.jsonl
1.0,google/gemma-4-E4B,top_k,42.0,0.195,195,1000,results/english_pg19_predictions/audit.gemma4-e4b-base.jsonl
1.0,google/gemma-4-E4B,top_k,43.0,0.197,197,1000,results/english_pg19_predictions/audit.gemma4-e4b-base.jsonl
1.0,google/gemma-4-E4B,top_k,44.0,0.198,198,1000,results/english_pg19_predictions/audit.gemma4-e4b-base.jsonl
1.0,google/gemma-4-E4B,top_k,45.0,0.199,199,1000,results/english_pg19_predictions/audit.gemma4-e4b-base.jsonl
1.0,google/gemma-4-E4B,top_k,46.0,0.2,200,1000,results/english_pg19_predictions/audit.gemma4-e4b-base.jsonl
1.0,google/gemma-4-E4B,top_k,47.0,0.202,202,1000,results/english_pg19_predictions/audit.gemma4-e4b-base.jsonl
1.0,google/gemma-4-E4B,top_k,48.0,0.204,204,1000,results/english_pg19_predictions/audit.gemma4-e4b-base.jsonl
1.0,google/gemma-4-E4B,top_k,49.0,0.205,205,1000,results/english_pg19_predictions/audit.gemma4-e4b-base.jsonl
1.0,google/gemma-4-E4B,top_k,50.0,0.205,205,1000,results/english_pg19_predictions/audit.gemma4-e4b-base.jsonl
1.0,google/gemma-4-E4B,top_k,51.0,0.205,205,1000,results/english_pg19_predictions/audit.gemma4-e4b-base.jsonl
1.0,google/gemma-4-E4B,top_k,52.0,0.207,207,1000,results/english_pg19_predictions/audit.gemma4-e4b-base.jsonl
1.0,google/gemma-4-E4B,top_k,53.0,0.209,209,1000,results/english_pg19_predictions/audit.gemma4-e4b-base.jsonl
1.0,google/gemma-4-E4B,top_k,54.0,0.211,211,1000,results/english_pg19_predictions/audit.gemma4-e4b-base.jsonl
1.0,google/gemma-4-E4B,top_k,55.0,0.214,214,1000,results/english_pg19_predictions/audit.gemma4-e4b-base.jsonl
1.0,google/gemma-4-E4B,top_k,56.0,0.218,218,1000,results/english_pg19_predictions/audit.gemma4-e4b-base.jsonl
1.0,google/gemma-4-E4B,top_k,57.0,0.221,221,1000,results/english_pg19_predictions/audit.gemma4-e4b-base.jsonl
1.0,google/gemma-4-E4B,top_k,58.0,0.222,222,1000,results/english_pg19_predictions/audit.gemma4-e4b-base.jsonl
1.0,google/gemma-4-E4B,top_k,59.0,0.224,224,1000,results/english_pg19_predictions/audit.gemma4-e4b-base.jsonl
1.0,google/gemma-4-E4B,top_k,60.0,0.225,225,1000,results/english_pg19_predictions/audit.gemma4-e4b-base.jsonl
1.0,google/gemma-4-E4B,top_k,61.0,0.226,226,1000,results/english_pg19_predictions/audit.gemma4-e4b-base.jsonl
1.0,google/gemma-4-E4B,top_k,62.0,0.228,228,1000,results/english_pg19_predictions/audit.gemma4-e4b-base.jsonl
1.0,google/gemma-4-E4B,top_k,63.0,0.229,229,1000,results/english_pg19_predictions/audit.gemma4-e4b-base.jsonl
1.0,google/gemma-4-E4B,top_k,64.0,0.229,229,1000,results/english_pg19_predictions/audit.gemma4-e4b-base.jsonl
1.0,google/gemma-4-E4B,top_k,65.0,0.229,229,1000,results/english_pg19_predictions/audit.gemma4-e4b-base.jsonl
1.0,google/gemma-4-E4B,top_k,66.0,0.231,231,1000,results/english_pg19_predictions/audit.gemma4-e4b-base.jsonl
1.0,google/gemma-4-E4B,top_k,67.0,0.233,233,1000,results/english_pg19_predictions/audit.gemma4-e4b-base.jsonl
1.0,google/gemma-4-E4B,top_k,68.0,0.237,237,1000,results/english_pg19_predictions/audit.gemma4-e4b-base.jsonl
1.0,google/gemma-4-E4B,top_k,69.0,0.239,239,1000,results/english_pg19_predictions/audit.gemma4-e4b-base.jsonl
1.0,google/gemma-4-E4B,top_k,70.0,0.241,241,1000,results/english_pg19_predictions/audit.gemma4-e4b-base.jsonl
1.0,google/gemma-4-E4B,top_k,71.0,0.241,241,1000,results/english_pg19_predictions/audit.gemma4-e4b-base.jsonl
1.0,google/gemma-4-E4B,top_k,72.0,0.242,242,1000,results/english_pg19_predictions/audit.gemma4-e4b-base.jsonl
1.0,google/gemma-4-E4B,top_k,73.0,0.243,243,1000,results/english_pg19_predictions/audit.gemma4-e4b-base.jsonl
1.0,google/gemma-4-E4B,top_k,74.0,0.248,248,1000,results/english_pg19_predictions/audit.gemma4-e4b-base.jsonl
1.0,google/gemma-4-E4B,top_k,75.0,0.251,251,1000,results/english_pg19_predictions/audit.gemma4-e4b-base.jsonl
1.0,google/gemma-4-E4B,top_k,76.0,0.255,255,1000,results/english_pg19_predictions/audit.gemma4-e4b-base.jsonl
1.0,google/gemma-4-E4B,top_k,77.0,0.255,255,1000,results/english_pg19_predictions/audit.gemma4-e4b-base.jsonl
1.0,google/gemma-4-E4B,top_k,78.0,0.258,258,1000,results/english_pg19_predictions/audit.gemma4-e4b-base.jsonl
1.0,google/gemma-4-E4B,top_k,79.0,0.259,259,1000,results/english_pg19_predictions/audit.gemma4-e4b-base.jsonl
1.0,google/gemma-4-E4B,top_k,80.0,0.26,260,1000,results/english_pg19_predictions/audit.gemma4-e4b-base.jsonl
1.0,google/gemma-4-E4B,top_k,81.0,0.261,261,1000,results/english_pg19_predictions/audit.gemma4-e4b-base.jsonl
1.0,google/gemma-4-E4B,top_k,82.0,0.262,262,1000,results/english_pg19_predictions/audit.gemma4-e4b-base.jsonl
1.0,google/gemma-4-E4B,top_k,83.0,0.264,264,1000,results/english_pg19_predictions/audit.gemma4-e4b-base.jsonl
1.0,google/gemma-4-E4B,top_k,84.0,0.264,264,1000,results/english_pg19_predictions/audit.gemma4-e4b-base.jsonl
1.0,google/gemma-4-E4B,top_k,85.0,0.266,266,1000,results/english_pg19_predictions/audit.gemma4-e4b-base.jsonl
1.0,google/gemma-4-E4B,top_k,86.0,0.267,267,1000,results/english_pg19_predictions/audit.gemma4-e4b-base.jsonl
1.0,google/gemma-4-E4B,top_k,87.0,0.268,268,1000,results/english_pg19_predictions/audit.gemma4-e4b-base.jsonl
1.0,google/gemma-4-E4B,top_k,88.0,0.269,269,1000,results/english_pg19_predictions/audit.gemma4-e4b-base.jsonl
1.0,google/gemma-4-E4B,top_k,89.0,0.271,271,1000,results/english_pg19_predictions/audit.gemma4-e4b-base.jsonl
1.0,google/gemma-4-E4B,top_k,90.0,0.272,272,1000,results/english_pg19_predictions/audit.gemma4-e4b-base.jsonl
1.0,google/gemma-4-E4B,top_k,91.0,0.273,273,1000,results/english_pg19_predictions/audit.gemma4-e4b-base.jsonl
1.0,google/gemma-4-E4B,top_k,92.0,0.273,273,1000,results/english_pg19_predictions/audit.gemma4-e4b-base.jsonl
1.0,google/gemma-4-E4B,top_k,93.0,0.276,276,1000,results/english_pg19_predictions/audit.gemma4-e4b-base.jsonl
1.0,google/gemma-4-E4B,top_k,94.0,0.276,276,1000,results/english_pg19_predictions/audit.gemma4-e4b-base.jsonl
1.0,google/gemma-4-E4B,top_k,95.0,0.279,279,1000,results/english_pg19_predictions/audit.gemma4-e4b-base.jsonl
1.0,google/gemma-4-E4B,top_k,96.0,0.279,279,1000,results/english_pg19_predictions/audit.gemma4-e4b-base.jsonl
1.0,google/gemma-4-E4B,top_k,97.0,0.282,282,1000,results/english_pg19_predictions/audit.gemma4-e4b-base.jsonl
1.0,google/gemma-4-E4B,top_k,98.0,0.284,284,1000,results/english_pg19_predictions/audit.gemma4-e4b-base.jsonl
1.0,google/gemma-4-E4B,top_k,99.0,0.285,285,1000,results/english_pg19_predictions/audit.gemma4-e4b-base.jsonl
1.0,google/gemma-4-E4B,top_k,100.0,0.286,286,1000,results/english_pg19_predictions/audit.gemma4-e4b-base.jsonl
1.0,google/gemma-4-E4B,top_p,0.5,0.023,23,1000,results/english_pg19_predictions/audit.gemma4-e4b-base.jsonl
1.0,google/gemma-4-E4B,top_p,0.55,0.024,24,1000,results/english_pg19_predictions/audit.gemma4-e4b-base.jsonl
1.0,google/gemma-4-E4B,top_p,0.6,0.028,28,1000,results/english_pg19_predictions/audit.gemma4-e4b-base.jsonl
1.0,google/gemma-4-E4B,top_p,0.65,0.041,41,1000,results/english_pg19_predictions/audit.gemma4-e4b-base.jsonl
1.0,google/gemma-4-E4B,top_p,0.7,0.051,51,1000,results/english_pg19_predictions/audit.gemma4-e4b-base.jsonl
1.0,google/gemma-4-E4B,top_p,0.75,0.071,71,1000,results/english_pg19_predictions/audit.gemma4-e4b-base.jsonl
1.0,google/gemma-4-E4B,top_p,0.8,0.09,90,1000,results/english_pg19_predictions/audit.gemma4-e4b-base.jsonl
1.0,google/gemma-4-E4B,top_p,0.85,0.123,123,1000,results/english_pg19_predictions/audit.gemma4-e4b-base.jsonl
1.0,google/gemma-4-E4B,top_p,0.9,0.18,180,1000,results/english_pg19_predictions/audit.gemma4-e4b-base.jsonl
1.0,google/gemma-4-E4B,top_p,0.95,0.262,262,1000,results/english_pg19_predictions/audit.gemma4-e4b-base.jsonl
1.0,google/gemma-4-E4B,top_p,0.99,0.489,489,1000,results/english_pg19_predictions/audit.gemma4-e4b-base.jsonl
1.0,google/gemma-4-E4B,min_p,0.01,0.132,132,1000,results/english_pg19_predictions/audit.gemma4-e4b-base.jsonl
1.0,google/gemma-4-E4B,min_p,0.02,0.108,108,1000,results/english_pg19_predictions/audit.gemma4-e4b-base.jsonl
1.0,google/gemma-4-E4B,min_p,0.03,0.089,89,1000,results/english_pg19_predictions/audit.gemma4-e4b-base.jsonl
1.0,google/gemma-4-E4B,min_p,0.04,0.073,73,1000,results/english_pg19_predictions/audit.gemma4-e4b-base.jsonl
1.0,google/gemma-4-E4B,min_p,0.05,0.067,67,1000,results/english_pg19_predictions/audit.gemma4-e4b-base.jsonl
1.0,google/gemma-4-E4B,min_p,0.06,0.064,64,1000,results/english_pg19_predictions/audit.gemma4-e4b-base.jsonl
1.0,google/gemma-4-E4B,min_p,0.07,0.062,62,1000,results/english_pg19_predictions/audit.gemma4-e4b-base.jsonl
1.0,google/gemma-4-E4B,min_p,0.08,0.054,54,1000,results/english_pg19_predictions/audit.gemma4-e4b-base.jsonl
1.0,google/gemma-4-E4B,min_p,0.09,0.05,50,1000,results/english_pg19_predictions/audit.gemma4-e4b-base.jsonl
1.0,google/gemma-4-E4B,min_p,0.1,0.048,48,1000,results/english_pg19_predictions/audit.gemma4-e4b-base.jsonl
1.0,google/gemma-4-E4B-it,top_k,1.0,0.014,14,1000,results/english_pg19_predictions/audit.gemma4-e4b-it.jsonl
1.0,google/gemma-4-E4B-it,top_k,2.0,0.017,17,1000,results/english_pg19_predictions/audit.gemma4-e4b-it.jsonl
1.0,google/gemma-4-E4B-it,top_k,3.0,0.027,27,1000,results/english_pg19_predictions/audit.gemma4-e4b-it.jsonl
1.0,google/gemma-4-E4B-it,top_k,4.0,0.033,33,1000,results/english_pg19_predictions/audit.gemma4-e4b-it.jsonl
1.0,google/gemma-4-E4B-it,top_k,5.0,0.035,35,1000,results/english_pg19_predictions/audit.gemma4-e4b-it.jsonl
1.0,google/gemma-4-E4B-it,top_k,6.0,0.036,36,1000,results/english_pg19_predictions/audit.gemma4-e4b-it.jsonl
1.0,google/gemma-4-E4B-it,top_k,7.0,0.042,42,1000,results/english_pg19_predictions/audit.gemma4-e4b-it.jsonl
1.0,google/gemma-4-E4B-it,top_k,8.0,0.045,45,1000,results/english_pg19_predictions/audit.gemma4-e4b-it.jsonl
1.0,google/gemma-4-E4B-it,top_k,9.0,0.047,47,1000,results/english_pg19_predictions/audit.gemma4-e4b-it.jsonl
1.0,google/gemma-4-E4B-it,top_k,10.0,0.047,47,1000,results/english_pg19_predictions/audit.gemma4-e4b-it.jsonl
1.0,google/gemma-4-E4B-it,top_k,11.0,0.05,50,1000,results/english_pg19_predictions/audit.gemma4-e4b-it.jsonl
1.0,google/gemma-4-E4B-it,top_k,12.0,0.053,53,1000,results/english_pg19_predictions/audit.gemma4-e4b-it.jsonl
1.0,google/gemma-4-E4B-it,top_k,13.0,0.056,56,1000,results/english_pg19_predictions/audit.gemma4-e4b-it.jsonl
1.0,google/gemma-4-E4B-it,top_k,14.0,0.056,56,1000,results/english_pg19_predictions/audit.gemma4-e4b-it.jsonl
1.0,google/gemma-4-E4B-it,top_k,15.0,0.059,59,1000,results/english_pg19_predictions/audit.gemma4-e4b-it.jsonl
1.0,google/gemma-4-E4B-it,top_k,16.0,0.06,60,1000,results/english_pg19_predictions/audit.gemma4-e4b-it.jsonl
1.0,google/gemma-4-E4B-it,top_k,17.0,0.062,62,1000,results/english_pg19_predictions/audit.gemma4-e4b-it.jsonl
1.0,google/gemma-4-E4B-it,top_k,18.0,0.064,64,1000,results/english_pg19_predictions/audit.gemma4-e4b-it.jsonl
1.0,google/gemma-4-E4B-it,top_k,19.0,0.066,66,1000,results/english_pg19_predictions/audit.gemma4-e4b-it.jsonl
1.0,google/gemma-4-E4B-it,top_k,20.0,0.068,68,1000,results/english_pg19_predictions/audit.gemma4-e4b-it.jsonl
1.0,google/gemma-4-E4B-it,top_k,21.0,0.072,72,1000,results/english_pg19_predictions/audit.gemma4-e4b-it.jsonl
1.0,google/gemma-4-E4B-it,top_k,22.0,0.075,75,1000,results/english_pg19_predictions/audit.gemma4-e4b-it.jsonl
1.0,google/gemma-4-E4B-it,top_k,23.0,0.077,77,1000,results/english_pg19_predictions/audit.gemma4-e4b-it.jsonl
1.0,google/gemma-4-E4B-it,top_k,24.0,0.077,77,1000,results/english_pg19_predictions/audit.gemma4-e4b-it.jsonl
1.0,google/gemma-4-E4B-it,top_k,25.0,0.079,79,1000,results/english_pg19_predictions/audit.gemma4-e4b-it.jsonl
1.0,google/gemma-4-E4B-it,top_k,26.0,0.079,79,1000,results/english_pg19_predictions/audit.gemma4-e4b-it.jsonl
1.0,google/gemma-4-E4B-it,top_k,27.0,0.081,81,1000,results/english_pg19_predictions/audit.gemma4-e4b-it.jsonl
1.0,google/gemma-4-E4B-it,top_k,28.0,0.083,83,1000,results/english_pg19_predictions/audit.gemma4-e4b-it.jsonl
1.0,google/gemma-4-E4B-it,top_k,29.0,0.086,86,1000,results/english_pg19_predictions/audit.gemma4-e4b-it.jsonl
1.0,google/gemma-4-E4B-it,top_k,30.0,0.087,87,1000,results/english_pg19_predictions/audit.gemma4-e4b-it.jsonl
1.0,google/gemma-4-E4B-it,top_k,31.0,0.089,89,1000,results/english_pg19_predictions/audit.gemma4-e4b-it.jsonl
1.0,google/gemma-4-E4B-it,top_k,32.0,0.09,90,1000,results/english_pg19_predictions/audit.gemma4-e4b-it.jsonl
1.0,google/gemma-4-E4B-it,top_k,33.0,0.093,93,1000,results/english_pg19_predictions/audit.gemma4-e4b-it.jsonl
1.0,google/gemma-4-E4B-it,top_k,34.0,0.093,93,1000,results/english_pg19_predictions/audit.gemma4-e4b-it.jsonl
1.0,google/gemma-4-E4B-it,top_k,35.0,0.094,94,1000,results/english_pg19_predictions/audit.gemma4-e4b-it.jsonl
1.0,google/gemma-4-E4B-it,top_k,36.0,0.096,96,1000,results/english_pg19_predictions/audit.gemma4-e4b-it.jsonl
1.0,google/gemma-4-E4B-it,top_k,37.0,0.097,97,1000,results/english_pg19_predictions/audit.gemma4-e4b-it.jsonl
1.0,google/gemma-4-E4B-it,top_k,38.0,0.098,98,1000,results/english_pg19_predictions/audit.gemma4-e4b-it.jsonl
1.0,google/gemma-4-E4B-it,top_k,39.0,0.098,98,1000,results/english_pg19_predictions/audit.gemma4-e4b-it.jsonl
1.0,google/gemma-4-E4B-it,top_k,40.0,0.1,100,1000,results/english_pg19_predictions/audit.gemma4-e4b-it.jsonl
1.0,google/gemma-4-E4B-it,top_k,41.0,0.101,101,1000,results/english_pg19_predictions/audit.gemma4-e4b-it.jsonl
1.0,google/gemma-4-E4B-it,top_k,42.0,0.102,102,1000,results/english_pg19_predictions/audit.gemma4-e4b-it.jsonl
1.0,google/gemma-4-E4B-it,top_k,43.0,0.103,103,1000,results/english_pg19_predictions/audit.gemma4-e4b-it.jsonl
1.0,google/gemma-4-E4B-it,top_k,44.0,0.104,104,1000,results/english_pg19_predictions/audit.gemma4-e4b-it.jsonl
1.0,google/gemma-4-E4B-it,top_k,45.0,0.105,105,1000,results/english_pg19_predictions/audit.gemma4-e4b-it.jsonl
1.0,google/gemma-4-E4B-it,top_k,46.0,0.106,106,1000,results/english_pg19_predictions/audit.gemma4-e4b-it.jsonl
1.0,google/gemma-4-E4B-it,top_k,47.0,0.108,108,1000,results/english_pg19_predictions/audit.gemma4-e4b-it.jsonl
1.0,google/gemma-4-E4B-it,top_k,48.0,0.11,110,1000,results/english_pg19_predictions/audit.gemma4-e4b-it.jsonl
1.0,google/gemma-4-E4B-it,top_k,49.0,0.111,111,1000,results/english_pg19_predictions/audit.gemma4-e4b-it.jsonl
1.0,google/gemma-4-E4B-it,top_k,50.0,0.112,112,1000,results/english_pg19_predictions/audit.gemma4-e4b-it.jsonl
1.0,google/gemma-4-E4B-it,top_k,51.0,0.112,112,1000,results/english_pg19_predictions/audit.gemma4-e4b-it.jsonl
1.0,google/gemma-4-E4B-it,top_k,52.0,0.112,112,1000,results/english_pg19_predictions/audit.gemma4-e4b-it.jsonl
1.0,google/gemma-4-E4B-it,top_k,53.0,0.112,112,1000,results/english_pg19_predictions/audit.gemma4-e4b-it.jsonl
1.0,google/gemma-4-E4B-it,top_k,54.0,0.113,113,1000,results/english_pg19_predictions/audit.gemma4-e4b-it.jsonl
1.0,google/gemma-4-E4B-it,top_k,55.0,0.114,114,1000,results/english_pg19_predictions/audit.gemma4-e4b-it.jsonl
1.0,google/gemma-4-E4B-it,top_k,56.0,0.115,115,1000,results/english_pg19_predictions/audit.gemma4-e4b-it.jsonl
1.0,google/gemma-4-E4B-it,top_k,57.0,0.116,116,1000,results/english_pg19_predictions/audit.gemma4-e4b-it.jsonl
1.0,google/gemma-4-E4B-it,top_k,58.0,0.116,116,1000,results/english_pg19_predictions/audit.gemma4-e4b-it.jsonl
1.0,google/gemma-4-E4B-it,top_k,59.0,0.117,117,1000,results/english_pg19_predictions/audit.gemma4-e4b-it.jsonl
1.0,google/gemma-4-E4B-it,top_k,60.0,0.117,117,1000,results/english_pg19_predictions/audit.gemma4-e4b-it.jsonl
1.0,google/gemma-4-E4B-it,top_k,61.0,0.118,118,1000,results/english_pg19_predictions/audit.gemma4-e4b-it.jsonl
1.0,google/gemma-4-E4B-it,top_k,62.0,0.119,119,1000,results/english_pg19_predictions/audit.gemma4-e4b-it.jsonl
1.0,google/gemma-4-E4B-it,top_k,63.0,0.121,121,1000,results/english_pg19_predictions/audit.gemma4-e4b-it.jsonl
1.0,google/gemma-4-E4B-it,top_k,64.0,0.123,123,1000,results/english_pg19_predictions/audit.gemma4-e4b-it.jsonl
1.0,google/gemma-4-E4B-it,top_k,65.0,0.124,124,1000,results/english_pg19_predictions/audit.gemma4-e4b-it.jsonl
1.0,google/gemma-4-E4B-it,top_k,66.0,0.125,125,1000,results/english_pg19_predictions/audit.gemma4-e4b-it.jsonl
1.0,google/gemma-4-E4B-it,top_k,67.0,0.126,126,1000,results/english_pg19_predictions/audit.gemma4-e4b-it.jsonl
1.0,google/gemma-4-E4B-it,top_k,68.0,0.126,126,1000,results/english_pg19_predictions/audit.gemma4-e4b-it.jsonl
1.0,google/gemma-4-E4B-it,top_k,69.0,0.126,126,1000,results/english_pg19_predictions/audit.gemma4-e4b-it.jsonl
1.0,google/gemma-4-E4B-it,top_k,70.0,0.126,126,1000,results/english_pg19_predictions/audit.gemma4-e4b-it.jsonl
1.0,google/gemma-4-E4B-it,top_k,71.0,0.127,127,1000,results/english_pg19_predictions/audit.gemma4-e4b-it.jsonl
1.0,google/gemma-4-E4B-it,top_k,72.0,0.128,128,1000,results/english_pg19_predictions/audit.gemma4-e4b-it.jsonl
1.0,google/gemma-4-E4B-it,top_k,73.0,0.129,129,1000,results/english_pg19_predictions/audit.gemma4-e4b-it.jsonl
1.0,google/gemma-4-E4B-it,top_k,74.0,0.129,129,1000,results/english_pg19_predictions/audit.gemma4-e4b-it.jsonl
1.0,google/gemma-4-E4B-it,top_k,75.0,0.13,130,1000,results/english_pg19_predictions/audit.gemma4-e4b-it.jsonl
1.0,google/gemma-4-E4B-it,top_k,76.0,0.131,131,1000,results/english_pg19_predictions/audit.gemma4-e4b-it.jsonl
1.0,google/gemma-4-E4B-it,top_k,77.0,0.132,132,1000,results/english_pg19_predictions/audit.gemma4-e4b-it.jsonl
1.0,google/gemma-4-E4B-it,top_k,78.0,0.132,132,1000,results/english_pg19_predictions/audit.gemma4-e4b-it.jsonl
1.0,google/gemma-4-E4B-it,top_k,79.0,0.132,132,1000,results/english_pg19_predictions/audit.gemma4-e4b-it.jsonl
1.0,google/gemma-4-E4B-it,top_k,80.0,0.132,132,1000,results/english_pg19_predictions/audit.gemma4-e4b-it.jsonl
1.0,google/gemma-4-E4B-it,top_k,81.0,0.133,133,1000,results/english_pg19_predictions/audit.gemma4-e4b-it.jsonl
1.0,google/gemma-4-E4B-it,top_k,82.0,0.133,133,1000,results/english_pg19_predictions/audit.gemma4-e4b-it.jsonl
1.0,google/gemma-4-E4B-it,top_k,83.0,0.133,133,1000,results/english_pg19_predictions/audit.gemma4-e4b-it.jsonl
1.0,google/gemma-4-E4B-it,top_k,84.0,0.134,134,1000,results/english_pg19_predictions/audit.gemma4-e4b-it.jsonl
1.0,google/gemma-4-E4B-it,top_k,85.0,0.134,134,1000,results/english_pg19_predictions/audit.gemma4-e4b-it.jsonl
1.0,google/gemma-4-E4B-it,top_k,86.0,0.135,135,1000,results/english_pg19_predictions/audit.gemma4-e4b-it.jsonl
1.0,google/gemma-4-E4B-it,top_k,87.0,0.137,137,1000,results/english_pg19_predictions/audit.gemma4-e4b-it.jsonl
1.0,google/gemma-4-E4B-it,top_k,88.0,0.138,138,1000,results/english_pg19_predictions/audit.gemma4-e4b-it.jsonl
1.0,google/gemma-4-E4B-it,top_k,89.0,0.139,139,1000,results/english_pg19_predictions/audit.gemma4-e4b-it.jsonl
1.0,google/gemma-4-E4B-it,top_k,90.0,0.14,140,1000,results/english_pg19_predictions/audit.gemma4-e4b-it.jsonl
1.0,google/gemma-4-E4B-it,top_k,91.0,0.143,143,1000,results/english_pg19_predictions/audit.gemma4-e4b-it.jsonl
1.0,google/gemma-4-E4B-it,top_k,92.0,0.143,143,1000,results/english_pg19_predictions/audit.gemma4-e4b-it.jsonl
1.0,google/gemma-4-E4B-it,top_k,93.0,0.143,143,1000,results/english_pg19_predictions/audit.gemma4-e4b-it.jsonl
1.0,google/gemma-4-E4B-it,top_k,94.0,0.143,143,1000,results/english_pg19_predictions/audit.gemma4-e4b-it.jsonl
1.0,google/gemma-4-E4B-it,top_k,95.0,0.145,145,1000,results/english_pg19_predictions/audit.gemma4-e4b-it.jsonl
1.0,google/gemma-4-E4B-it,top_k,96.0,0.145,145,1000,results/english_pg19_predictions/audit.gemma4-e4b-it.jsonl
1.0,google/gemma-4-E4B-it,top_k,97.0,0.146,146,1000,results/english_pg19_predictions/audit.gemma4-e4b-it.jsonl
1.0,google/gemma-4-E4B-it,top_k,98.0,0.146,146,1000,results/english_pg19_predictions/audit.gemma4-e4b-it.jsonl
1.0,google/gemma-4-E4B-it,top_k,99.0,0.147,147,1000,results/english_pg19_predictions/audit.gemma4-e4b-it.jsonl
1.0,google/gemma-4-E4B-it,top_k,100.0,0.147,147,1000,results/english_pg19_predictions/audit.gemma4-e4b-it.jsonl
1.0,google/gemma-4-E4B-it,top_p,0.5,0.004,4,1000,results/english_pg19_predictions/audit.gemma4-e4b-it.jsonl
1.0,google/gemma-4-E4B-it,top_p,0.55,0.004,4,1000,results/english_pg19_predictions/audit.gemma4-e4b-it.jsonl
1.0,google/gemma-4-E4B-it,top_p,0.6,0.006,6,1000,results/english_pg19_predictions/audit.gemma4-e4b-it.jsonl
1.0,google/gemma-4-E4B-it,top_p,0.65,0.009,9,1000,results/english_pg19_predictions/audit.gemma4-e4b-it.jsonl
1.0,google/gemma-4-E4B-it,top_p,0.7,0.012,12,1000,results/english_pg19_predictions/audit.gemma4-e4b-it.jsonl
1.0,google/gemma-4-E4B-it,top_p,0.75,0.019,19,1000,results/english_pg19_predictions/audit.gemma4-e4b-it.jsonl
1.0,google/gemma-4-E4B-it,top_p,0.8,0.025,25,1000,results/english_pg19_predictions/audit.gemma4-e4b-it.jsonl
1.0,google/gemma-4-E4B-it,top_p,0.85,0.034,34,1000,results/english_pg19_predictions/audit.gemma4-e4b-it.jsonl
1.0,google/gemma-4-E4B-it,top_p,0.9,0.043,43,1000,results/english_pg19_predictions/audit.gemma4-e4b-it.jsonl
1.0,google/gemma-4-E4B-it,top_p,0.95,0.071,71,1000,results/english_pg19_predictions/audit.gemma4-e4b-it.jsonl
1.0,google/gemma-4-E4B-it,top_p,0.99,0.167,167,1000,results/english_pg19_predictions/audit.gemma4-e4b-it.jsonl
1.0,google/gemma-4-E4B-it,min_p,0.01,0.057,57,1000,results/english_pg19_predictions/audit.gemma4-e4b-it.jsonl
1.0,google/gemma-4-E4B-it,min_p,0.02,0.05,50,1000,results/english_pg19_predictions/audit.gemma4-e4b-it.jsonl
1.0,google/gemma-4-E4B-it,min_p,0.03,0.041,41,1000,results/english_pg19_predictions/audit.gemma4-e4b-it.jsonl
1.0,google/gemma-4-E4B-it,min_p,0.04,0.036,36,1000,results/english_pg19_predictions/audit.gemma4-e4b-it.jsonl
1.0,google/gemma-4-E4B-it,min_p,0.05,0.035,35,1000,results/english_pg19_predictions/audit.gemma4-e4b-it.jsonl
1.0,google/gemma-4-E4B-it,min_p,0.06,0.033,33,1000,results/english_pg19_predictions/audit.gemma4-e4b-it.jsonl
1.0,google/gemma-4-E4B-it,min_p,0.07,0.033,33,1000,results/english_pg19_predictions/audit.gemma4-e4b-it.jsonl
1.0,google/gemma-4-E4B-it,min_p,0.08,0.032,32,1000,results/english_pg19_predictions/audit.gemma4-e4b-it.jsonl
1.0,google/gemma-4-E4B-it,min_p,0.09,0.031,31,1000,results/english_pg19_predictions/audit.gemma4-e4b-it.jsonl
1.0,google/gemma-4-E4B-it,min_p,0.1,0.03,30,1000,results/english_pg19_predictions/audit.gemma4-e4b-it.jsonl
1.0,meta-llama/Llama-3.1-8B,top_k,1.0,0.115,115,1000,results/english_pg19_predictions/audit.llama31-8b-base.jsonl
1.0,meta-llama/Llama-3.1-8B,top_k,2.0,0.183,183,1000,results/english_pg19_predictions/audit.llama31-8b-base.jsonl
1.0,meta-llama/Llama-3.1-8B,top_k,3.0,0.235,235,1000,results/english_pg19_predictions/audit.llama31-8b-base.jsonl
1.0,meta-llama/Llama-3.1-8B,top_k,4.0,0.274,274,1000,results/english_pg19_predictions/audit.llama31-8b-base.jsonl
1.0,meta-llama/Llama-3.1-8B,top_k,5.0,0.304,304,1000,results/english_pg19_predictions/audit.llama31-8b-base.jsonl
1.0,meta-llama/Llama-3.1-8B,top_k,6.0,0.322,322,1000,results/english_pg19_predictions/audit.llama31-8b-base.jsonl
1.0,meta-llama/Llama-3.1-8B,top_k,7.0,0.342,342,1000,results/english_pg19_predictions/audit.llama31-8b-base.jsonl
1.0,meta-llama/Llama-3.1-8B,top_k,8.0,0.357,357,1000,results/english_pg19_predictions/audit.llama31-8b-base.jsonl
1.0,meta-llama/Llama-3.1-8B,top_k,9.0,0.375,375,1000,results/english_pg19_predictions/audit.llama31-8b-base.jsonl
1.0,meta-llama/Llama-3.1-8B,top_k,10.0,0.397,397,1000,results/english_pg19_predictions/audit.llama31-8b-base.jsonl
1.0,meta-llama/Llama-3.1-8B,top_k,11.0,0.411,411,1000,results/english_pg19_predictions/audit.llama31-8b-base.jsonl
1.0,meta-llama/Llama-3.1-8B,top_k,12.0,0.424,424,1000,results/english_pg19_predictions/audit.llama31-8b-base.jsonl
1.0,meta-llama/Llama-3.1-8B,top_k,13.0,0.439,439,1000,results/english_pg19_predictions/audit.llama31-8b-base.jsonl
1.0,meta-llama/Llama-3.1-8B,top_k,14.0,0.444,444,1000,results/english_pg19_predictions/audit.llama31-8b-base.jsonl
1.0,meta-llama/Llama-3.1-8B,top_k,15.0,0.453,453,1000,results/english_pg19_predictions/audit.llama31-8b-base.jsonl
1.0,meta-llama/Llama-3.1-8B,top_k,16.0,0.458,458,1000,results/english_pg19_predictions/audit.llama31-8b-base.jsonl
1.0,meta-llama/Llama-3.1-8B,top_k,17.0,0.465,465,1000,results/english_pg19_predictions/audit.llama31-8b-base.jsonl
1.0,meta-llama/Llama-3.1-8B,top_k,18.0,0.481,481,1000,results/english_pg19_predictions/audit.llama31-8b-base.jsonl
1.0,meta-llama/Llama-3.1-8B,top_k,19.0,0.488,488,1000,results/english_pg19_predictions/audit.llama31-8b-base.jsonl
1.0,meta-llama/Llama-3.1-8B,top_k,20.0,0.498,498,1000,results/english_pg19_predictions/audit.llama31-8b-base.jsonl
1.0,meta-llama/Llama-3.1-8B,top_k,21.0,0.503,503,1000,results/english_pg19_predictions/audit.llama31-8b-base.jsonl
1.0,meta-llama/Llama-3.1-8B,top_k,22.0,0.511,511,1000,results/english_pg19_predictions/audit.llama31-8b-base.jsonl
1.0,meta-llama/Llama-3.1-8B,top_k,23.0,0.513,513,1000,results/english_pg19_predictions/audit.llama31-8b-base.jsonl
1.0,meta-llama/Llama-3.1-8B,top_k,24.0,0.521,521,1000,results/english_pg19_predictions/audit.llama31-8b-base.jsonl
1.0,meta-llama/Llama-3.1-8B,top_k,25.0,0.527,527,1000,results/english_pg19_predictions/audit.llama31-8b-base.jsonl
1.0,meta-llama/Llama-3.1-8B,top_k,26.0,0.531,531,1000,results/english_pg19_predictions/audit.llama31-8b-base.jsonl
1.0,meta-llama/Llama-3.1-8B,top_k,27.0,0.536,536,1000,results/english_pg19_predictions/audit.llama31-8b-base.jsonl
1.0,meta-llama/Llama-3.1-8B,top_k,28.0,0.54,540,1000,results/english_pg19_predictions/audit.llama31-8b-base.jsonl
1.0,meta-llama/Llama-3.1-8B,top_k,29.0,0.545,545,1000,results/english_pg19_predictions/audit.llama31-8b-base.jsonl
1.0,meta-llama/Llama-3.1-8B,top_k,30.0,0.554,554,1000,results/english_pg19_predictions/audit.llama31-8b-base.jsonl
1.0,meta-llama/Llama-3.1-8B,top_k,31.0,0.556,556,1000,results/english_pg19_predictions/audit.llama31-8b-base.jsonl
1.0,meta-llama/Llama-3.1-8B,top_k,32.0,0.56,560,1000,results/english_pg19_predictions/audit.llama31-8b-base.jsonl
1.0,meta-llama/Llama-3.1-8B,top_k,33.0,0.563,563,1000,results/english_pg19_predictions/audit.llama31-8b-base.jsonl
1.0,meta-llama/Llama-3.1-8B,top_k,34.0,0.568,568,1000,results/english_pg19_predictions/audit.llama31-8b-base.jsonl
1.0,meta-llama/Llama-3.1-8B,top_k,35.0,0.572,572,1000,results/english_pg19_predictions/audit.llama31-8b-base.jsonl
1.0,meta-llama/Llama-3.1-8B,top_k,36.0,0.575,575,1000,results/english_pg19_predictions/audit.llama31-8b-base.jsonl
1.0,meta-llama/Llama-3.1-8B,top_k,37.0,0.578,578,1000,results/english_pg19_predictions/audit.llama31-8b-base.jsonl
1.0,meta-llama/Llama-3.1-8B,top_k,38.0,0.581,581,1000,results/english_pg19_predictions/audit.llama31-8b-base.jsonl
1.0,meta-llama/Llama-3.1-8B,top_k,39.0,0.587,587,1000,results/english_pg19_predictions/audit.llama31-8b-base.jsonl
1.0,meta-llama/Llama-3.1-8B,top_k,40.0,0.59,590,1000,results/english_pg19_predictions/audit.llama31-8b-base.jsonl
1.0,meta-llama/Llama-3.1-8B,top_k,41.0,0.596,596,1000,results/english_pg19_predictions/audit.llama31-8b-base.jsonl
1.0,meta-llama/Llama-3.1-8B,top_k,42.0,0.599,599,1000,results/english_pg19_predictions/audit.llama31-8b-base.jsonl
1.0,meta-llama/Llama-3.1-8B,top_k,43.0,0.602,602,1000,results/english_pg19_predictions/audit.llama31-8b-base.jsonl
1.0,meta-llama/Llama-3.1-8B,top_k,44.0,0.606,606,1000,results/english_pg19_predictions/audit.llama31-8b-base.jsonl
1.0,meta-llama/Llama-3.1-8B,top_k,45.0,0.609,609,1000,results/english_pg19_predictions/audit.llama31-8b-base.jsonl
1.0,meta-llama/Llama-3.1-8B,top_k,46.0,0.611,611,1000,results/english_pg19_predictions/audit.llama31-8b-base.jsonl
1.0,meta-llama/Llama-3.1-8B,top_k,47.0,0.613,613,1000,results/english_pg19_predictions/audit.llama31-8b-base.jsonl
1.0,meta-llama/Llama-3.1-8B,top_k,48.0,0.618,618,1000,results/english_pg19_predictions/audit.llama31-8b-base.jsonl
1.0,meta-llama/Llama-3.1-8B,top_k,49.0,0.619,619,1000,results/english_pg19_predictions/audit.llama31-8b-base.jsonl
1.0,meta-llama/Llama-3.1-8B,top_k,50.0,0.623,623,1000,results/english_pg19_predictions/audit.llama31-8b-base.jsonl
1.0,meta-llama/Llama-3.1-8B,top_k,51.0,0.627,627,1000,results/english_pg19_predictions/audit.llama31-8b-base.jsonl
1.0,meta-llama/Llama-3.1-8B,top_k,52.0,0.632,632,1000,results/english_pg19_predictions/audit.llama31-8b-base.jsonl
1.0,meta-llama/Llama-3.1-8B,top_k,53.0,0.635,635,1000,results/english_pg19_predictions/audit.llama31-8b-base.jsonl
1.0,meta-llama/Llama-3.1-8B,top_k,54.0,0.639,639,1000,results/english_pg19_predictions/audit.llama31-8b-base.jsonl
1.0,meta-llama/Llama-3.1-8B,top_k,55.0,0.64,640,1000,results/english_pg19_predictions/audit.llama31-8b-base.jsonl
1.0,meta-llama/Llama-3.1-8B,top_k,56.0,0.641,641,1000,results/english_pg19_predictions/audit.llama31-8b-base.jsonl
1.0,meta-llama/Llama-3.1-8B,top_k,57.0,0.644,644,1000,results/english_pg19_predictions/audit.llama31-8b-base.jsonl
1.0,meta-llama/Llama-3.1-8B,top_k,58.0,0.644,644,1000,results/english_pg19_predictions/audit.llama31-8b-base.jsonl
1.0,meta-llama/Llama-3.1-8B,top_k,59.0,0.645,645,1000,results/english_pg19_predictions/audit.llama31-8b-base.jsonl
1.0,meta-llama/Llama-3.1-8B,top_k,60.0,0.647,647,1000,results/english_pg19_predictions/audit.llama31-8b-base.jsonl
1.0,meta-llama/Llama-3.1-8B,top_k,61.0,0.648,648,1000,results/english_pg19_predictions/audit.llama31-8b-base.jsonl
1.0,meta-llama/Llama-3.1-8B,top_k,62.0,0.649,649,1000,results/english_pg19_predictions/audit.llama31-8b-base.jsonl
1.0,meta-llama/Llama-3.1-8B,top_k,63.0,0.65,650,1000,results/english_pg19_predictions/audit.llama31-8b-base.jsonl
1.0,meta-llama/Llama-3.1-8B,top_k,64.0,0.651,651,1000,results/english_pg19_predictions/audit.llama31-8b-base.jsonl
1.0,meta-llama/Llama-3.1-8B,top_k,65.0,0.652,652,1000,results/english_pg19_predictions/audit.llama31-8b-base.jsonl
1.0,meta-llama/Llama-3.1-8B,top_k,66.0,0.653,653,1000,results/english_pg19_predictions/audit.llama31-8b-base.jsonl
1.0,meta-llama/Llama-3.1-8B,top_k,67.0,0.654,654,1000,results/english_pg19_predictions/audit.llama31-8b-base.jsonl
1.0,meta-llama/Llama-3.1-8B,top_k,68.0,0.654,654,1000,results/english_pg19_predictions/audit.llama31-8b-base.jsonl
1.0,meta-llama/Llama-3.1-8B,top_k,69.0,0.659,659,1000,results/english_pg19_predictions/audit.llama31-8b-base.jsonl
1.0,meta-llama/Llama-3.1-8B,top_k,70.0,0.659,659,1000,results/english_pg19_predictions/audit.llama31-8b-base.jsonl
1.0,meta-llama/Llama-3.1-8B,top_k,71.0,0.663,663,1000,results/english_pg19_predictions/audit.llama31-8b-base.jsonl
1.0,meta-llama/Llama-3.1-8B,top_k,72.0,0.664,664,1000,results/english_pg19_predictions/audit.llama31-8b-base.jsonl
1.0,meta-llama/Llama-3.1-8B,top_k,73.0,0.668,668,1000,results/english_pg19_predictions/audit.llama31-8b-base.jsonl
1.0,meta-llama/Llama-3.1-8B,top_k,74.0,0.668,668,1000,results/english_pg19_predictions/audit.llama31-8b-base.jsonl
1.0,meta-llama/Llama-3.1-8B,top_k,75.0,0.669,669,1000,results/english_pg19_predictions/audit.llama31-8b-base.jsonl
1.0,meta-llama/Llama-3.1-8B,top_k,76.0,0.672,672,1000,results/english_pg19_predictions/audit.llama31-8b-base.jsonl
1.0,meta-llama/Llama-3.1-8B,top_k,77.0,0.676,676,1000,results/english_pg19_predictions/audit.llama31-8b-base.jsonl
1.0,meta-llama/Llama-3.1-8B,top_k,78.0,0.676,676,1000,results/english_pg19_predictions/audit.llama31-8b-base.jsonl
1.0,meta-llama/Llama-3.1-8B,top_k,79.0,0.676,676,1000,results/english_pg19_predictions/audit.llama31-8b-base.jsonl
1.0,meta-llama/Llama-3.1-8B,top_k,80.0,0.678,678,1000,results/english_pg19_predictions/audit.llama31-8b-base.jsonl
1.0,meta-llama/Llama-3.1-8B,top_k,81.0,0.682,682,1000,results/english_pg19_predictions/audit.llama31-8b-base.jsonl
1.0,meta-llama/Llama-3.1-8B,top_k,82.0,0.683,683,1000,results/english_pg19_predictions/audit.llama31-8b-base.jsonl
1.0,meta-llama/Llama-3.1-8B,top_k,83.0,0.685,685,1000,results/english_pg19_predictions/audit.llama31-8b-base.jsonl
1.0,meta-llama/Llama-3.1-8B,top_k,84.0,0.687,687,1000,results/english_pg19_predictions/audit.llama31-8b-base.jsonl
1.0,meta-llama/Llama-3.1-8B,top_k,85.0,0.688,688,1000,results/english_pg19_predictions/audit.llama31-8b-base.jsonl
1.0,meta-llama/Llama-3.1-8B,top_k,86.0,0.69,690,1000,results/english_pg19_predictions/audit.llama31-8b-base.jsonl
1.0,meta-llama/Llama-3.1-8B,top_k,87.0,0.691,691,1000,results/english_pg19_predictions/audit.llama31-8b-base.jsonl
1.0,meta-llama/Llama-3.1-8B,top_k,88.0,0.696,696,1000,results/english_pg19_predictions/audit.llama31-8b-base.jsonl
1.0,meta-llama/Llama-3.1-8B,top_k,89.0,0.697,697,1000,results/english_pg19_predictions/audit.llama31-8b-base.jsonl
1.0,meta-llama/Llama-3.1-8B,top_k,90.0,0.698,698,1000,results/english_pg19_predictions/audit.llama31-8b-base.jsonl
1.0,meta-llama/Llama-3.1-8B,top_k,91.0,0.699,699,1000,results/english_pg19_predictions/audit.llama31-8b-base.jsonl
1.0,meta-llama/Llama-3.1-8B,top_k,92.0,0.703,703,1000,results/english_pg19_predictions/audit.llama31-8b-base.jsonl
1.0,meta-llama/Llama-3.1-8B,top_k,93.0,0.706,706,1000,results/english_pg19_predictions/audit.llama31-8b-base.jsonl
1.0,meta-llama/Llama-3.1-8B,top_k,94.0,0.708,708,1000,results/english_pg19_predictions/audit.llama31-8b-base.jsonl
1.0,meta-llama/Llama-3.1-8B,top_k,95.0,0.713,713,1000,results/english_pg19_predictions/audit.llama31-8b-base.jsonl
1.0,meta-llama/Llama-3.1-8B,top_k,96.0,0.715,715,1000,results/english_pg19_predictions/audit.llama31-8b-base.jsonl
1.0,meta-llama/Llama-3.1-8B,top_k,97.0,0.718,718,1000,results/english_pg19_predictions/audit.llama31-8b-base.jsonl
1.0,meta-llama/Llama-3.1-8B,top_k,98.0,0.719,719,1000,results/english_pg19_predictions/audit.llama31-8b-base.jsonl
1.0,meta-llama/Llama-3.1-8B,top_k,99.0,0.72,720,1000,results/english_pg19_predictions/audit.llama31-8b-base.jsonl
1.0,meta-llama/Llama-3.1-8B,top_k,100.0,0.721,721,1000,results/english_pg19_predictions/audit.llama31-8b-base.jsonl
1.0,meta-llama/Llama-3.1-8B,top_p,0.5,0.154,154,1000,results/english_pg19_predictions/audit.llama31-8b-base.jsonl
1.0,meta-llama/Llama-3.1-8B,top_p,0.55,0.182,182,1000,results/english_pg19_predictions/audit.llama31-8b-base.jsonl
1.0,meta-llama/Llama-3.1-8B,top_p,0.6,0.211,211,1000,results/english_pg19_predictions/audit.llama31-8b-base.jsonl
1.0,meta-llama/Llama-3.1-8B,top_p,0.65,0.239,239,1000,results/english_pg19_predictions/audit.llama31-8b-base.jsonl
1.0,meta-llama/Llama-3.1-8B,top_p,0.7,0.278,278,1000,results/english_pg19_predictions/audit.llama31-8b-base.jsonl
1.0,meta-llama/Llama-3.1-8B,top_p,0.75,0.315,315,1000,results/english_pg19_predictions/audit.llama31-8b-base.jsonl
1.0,meta-llama/Llama-3.1-8B,top_p,0.8,0.358,358,1000,results/english_pg19_predictions/audit.llama31-8b-base.jsonl
1.0,meta-llama/Llama-3.1-8B,top_p,0.85,0.41,410,1000,results/english_pg19_predictions/audit.llama31-8b-base.jsonl
1.0,meta-llama/Llama-3.1-8B,top_p,0.9,0.485,485,1000,results/english_pg19_predictions/audit.llama31-8b-base.jsonl
1.0,meta-llama/Llama-3.1-8B,top_p,0.95,0.578,578,1000,results/english_pg19_predictions/audit.llama31-8b-base.jsonl
1.0,meta-llama/Llama-3.1-8B,top_p,0.99,0.732,732,1000,results/english_pg19_predictions/audit.llama31-8b-base.jsonl
1.0,meta-llama/Llama-3.1-8B,min_p,0.01,0.581,581,1000,results/english_pg19_predictions/audit.llama31-8b-base.jsonl
1.0,meta-llama/Llama-3.1-8B,min_p,0.02,0.519,519,1000,results/english_pg19_predictions/audit.llama31-8b-base.jsonl
1.0,meta-llama/Llama-3.1-8B,min_p,0.03,0.474,474,1000,results/english_pg19_predictions/audit.llama31-8b-base.jsonl
1.0,meta-llama/Llama-3.1-8B,min_p,0.04,0.442,442,1000,results/english_pg19_predictions/audit.llama31-8b-base.jsonl
1.0,meta-llama/Llama-3.1-8B,min_p,0.05,0.408,408,1000,results/english_pg19_predictions/audit.llama31-8b-base.jsonl
1.0,meta-llama/Llama-3.1-8B,min_p,0.06,0.394,394,1000,results/english_pg19_predictions/audit.llama31-8b-base.jsonl
1.0,meta-llama/Llama-3.1-8B,min_p,0.07,0.377,377,1000,results/english_pg19_predictions/audit.llama31-8b-base.jsonl
1.0,meta-llama/Llama-3.1-8B,min_p,0.08,0.368,368,1000,results/english_pg19_predictions/audit.llama31-8b-base.jsonl
1.0,meta-llama/Llama-3.1-8B,min_p,0.09,0.353,353,1000,results/english_pg19_predictions/audit.llama31-8b-base.jsonl
1.0,meta-llama/Llama-3.1-8B,min_p,0.1,0.345,345,1000,results/english_pg19_predictions/audit.llama31-8b-base.jsonl
1.0,meta-llama/Llama-3.1-8B-Instruct,top_k,1.0,0.112,112,1000,results/english_pg19_predictions/audit.llama31-8b-instruct.jsonl
1.0,meta-llama/Llama-3.1-8B-Instruct,top_k,2.0,0.162,162,1000,results/english_pg19_predictions/audit.llama31-8b-instruct.jsonl
1.0,meta-llama/Llama-3.1-8B-Instruct,top_k,3.0,0.21,210,1000,results/english_pg19_predictions/audit.llama31-8b-instruct.jsonl
1.0,meta-llama/Llama-3.1-8B-Instruct,top_k,4.0,0.241,241,1000,results/english_pg19_predictions/audit.llama31-8b-instruct.jsonl
1.0,meta-llama/Llama-3.1-8B-Instruct,top_k,5.0,0.272,272,1000,results/english_pg19_predictions/audit.llama31-8b-instruct.jsonl
1.0,meta-llama/Llama-3.1-8B-Instruct,top_k,6.0,0.299,299,1000,results/english_pg19_predictions/audit.llama31-8b-instruct.jsonl
1.0,meta-llama/Llama-3.1-8B-Instruct,top_k,7.0,0.321,321,1000,results/english_pg19_predictions/audit.llama31-8b-instruct.jsonl
1.0,meta-llama/Llama-3.1-8B-Instruct,top_k,8.0,0.333,333,1000,results/english_pg19_predictions/audit.llama31-8b-instruct.jsonl
1.0,meta-llama/Llama-3.1-8B-Instruct,top_k,9.0,0.35,350,1000,results/english_pg19_predictions/audit.llama31-8b-instruct.jsonl
1.0,meta-llama/Llama-3.1-8B-Instruct,top_k,10.0,0.363,363,1000,results/english_pg19_predictions/audit.llama31-8b-instruct.jsonl
1.0,meta-llama/Llama-3.1-8B-Instruct,top_k,11.0,0.375,375,1000,results/english_pg19_predictions/audit.llama31-8b-instruct.jsonl
1.0,meta-llama/Llama-3.1-8B-Instruct,top_k,12.0,0.386,386,1000,results/english_pg19_predictions/audit.llama31-8b-instruct.jsonl
1.0,meta-llama/Llama-3.1-8B-Instruct,top_k,13.0,0.391,391,1000,results/english_pg19_predictions/audit.llama31-8b-instruct.jsonl
1.0,meta-llama/Llama-3.1-8B-Instruct,top_k,14.0,0.398,398,1000,results/english_pg19_predictions/audit.llama31-8b-instruct.jsonl
1.0,meta-llama/Llama-3.1-8B-Instruct,top_k,15.0,0.408,408,1000,results/english_pg19_predictions/audit.llama31-8b-instruct.jsonl
1.0,meta-llama/Llama-3.1-8B-Instruct,top_k,16.0,0.415,415,1000,results/english_pg19_predictions/audit.llama31-8b-instruct.jsonl
1.0,meta-llama/Llama-3.1-8B-Instruct,top_k,17.0,0.425,425,1000,results/english_pg19_predictions/audit.llama31-8b-instruct.jsonl
1.0,meta-llama/Llama-3.1-8B-Instruct,top_k,18.0,0.434,434,1000,results/english_pg19_predictions/audit.llama31-8b-instruct.jsonl
1.0,meta-llama/Llama-3.1-8B-Instruct,top_k,19.0,0.439,439,1000,results/english_pg19_predictions/audit.llama31-8b-instruct.jsonl
1.0,meta-llama/Llama-3.1-8B-Instruct,top_k,20.0,0.45,450,1000,results/english_pg19_predictions/audit.llama31-8b-instruct.jsonl
1.0,meta-llama/Llama-3.1-8B-Instruct,top_k,21.0,0.461,461,1000,results/english_pg19_predictions/audit.llama31-8b-instruct.jsonl
1.0,meta-llama/Llama-3.1-8B-Instruct,top_k,22.0,0.473,473,1000,results/english_pg19_predictions/audit.llama31-8b-instruct.jsonl
1.0,meta-llama/Llama-3.1-8B-Instruct,top_k,23.0,0.477,477,1000,results/english_pg19_predictions/audit.llama31-8b-instruct.jsonl
1.0,meta-llama/Llama-3.1-8B-Instruct,top_k,24.0,0.481,481,1000,results/english_pg19_predictions/audit.llama31-8b-instruct.jsonl
1.0,meta-llama/Llama-3.1-8B-Instruct,top_k,25.0,0.487,487,1000,results/english_pg19_predictions/audit.llama31-8b-instruct.jsonl
1.0,meta-llama/Llama-3.1-8B-Instruct,top_k,26.0,0.496,496,1000,results/english_pg19_predictions/audit.llama31-8b-instruct.jsonl
1.0,meta-llama/Llama-3.1-8B-Instruct,top_k,27.0,0.5,500,1000,results/english_pg19_predictions/audit.llama31-8b-instruct.jsonl
1.0,meta-llama/Llama-3.1-8B-Instruct,top_k,28.0,0.504,504,1000,results/english_pg19_predictions/audit.llama31-8b-instruct.jsonl
1.0,meta-llama/Llama-3.1-8B-Instruct,top_k,29.0,0.51,510,1000,results/english_pg19_predictions/audit.llama31-8b-instruct.jsonl
1.0,meta-llama/Llama-3.1-8B-Instruct,top_k,30.0,0.517,517,1000,results/english_pg19_predictions/audit.llama31-8b-instruct.jsonl
1.0,meta-llama/Llama-3.1-8B-Instruct,top_k,31.0,0.524,524,1000,results/english_pg19_predictions/audit.llama31-8b-instruct.jsonl
1.0,meta-llama/Llama-3.1-8B-Instruct,top_k,32.0,0.532,532,1000,results/english_pg19_predictions/audit.llama31-8b-instruct.jsonl
1.0,meta-llama/Llama-3.1-8B-Instruct,top_k,33.0,0.542,542,1000,results/english_pg19_predictions/audit.llama31-8b-instruct.jsonl
1.0,meta-llama/Llama-3.1-8B-Instruct,top_k,34.0,0.546,546,1000,results/english_pg19_predictions/audit.llama31-8b-instruct.jsonl
1.0,meta-llama/Llama-3.1-8B-Instruct,top_k,35.0,0.55,550,1000,results/english_pg19_predictions/audit.llama31-8b-instruct.jsonl
1.0,meta-llama/Llama-3.1-8B-Instruct,top_k,36.0,0.554,554,1000,results/english_pg19_predictions/audit.llama31-8b-instruct.jsonl
1.0,meta-llama/Llama-3.1-8B-Instruct,top_k,37.0,0.558,558,1000,results/english_pg19_predictions/audit.llama31-8b-instruct.jsonl
1.0,meta-llama/Llama-3.1-8B-Instruct,top_k,38.0,0.561,561,1000,results/english_pg19_predictions/audit.llama31-8b-instruct.jsonl
1.0,meta-llama/Llama-3.1-8B-Instruct,top_k,39.0,0.565,565,1000,results/english_pg19_predictions/audit.llama31-8b-instruct.jsonl
1.0,meta-llama/Llama-3.1-8B-Instruct,top_k,40.0,0.568,568,1000,results/english_pg19_predictions/audit.llama31-8b-instruct.jsonl
1.0,meta-llama/Llama-3.1-8B-Instruct,top_k,41.0,0.572,572,1000,results/english_pg19_predictions/audit.llama31-8b-instruct.jsonl
1.0,meta-llama/Llama-3.1-8B-Instruct,top_k,42.0,0.572,572,1000,results/english_pg19_predictions/audit.llama31-8b-instruct.jsonl
1.0,meta-llama/Llama-3.1-8B-Instruct,top_k,43.0,0.574,574,1000,results/english_pg19_predictions/audit.llama31-8b-instruct.jsonl
1.0,meta-llama/Llama-3.1-8B-Instruct,top_k,44.0,0.581,581,1000,results/english_pg19_predictions/audit.llama31-8b-instruct.jsonl
1.0,meta-llama/Llama-3.1-8B-Instruct,top_k,45.0,0.583,583,1000,results/english_pg19_predictions/audit.llama31-8b-instruct.jsonl
1.0,meta-llama/Llama-3.1-8B-Instruct,top_k,46.0,0.583,583,1000,results/english_pg19_predictions/audit.llama31-8b-instruct.jsonl
1.0,meta-llama/Llama-3.1-8B-Instruct,top_k,47.0,0.589,589,1000,results/english_pg19_predictions/audit.llama31-8b-instruct.jsonl
1.0,meta-llama/Llama-3.1-8B-Instruct,top_k,48.0,0.591,591,1000,results/english_pg19_predictions/audit.llama31-8b-instruct.jsonl
1.0,meta-llama/Llama-3.1-8B-Instruct,top_k,49.0,0.593,593,1000,results/english_pg19_predictions/audit.llama31-8b-instruct.jsonl
1.0,meta-llama/Llama-3.1-8B-Instruct,top_k,50.0,0.596,596,1000,results/english_pg19_predictions/audit.llama31-8b-instruct.jsonl
1.0,meta-llama/Llama-3.1-8B-Instruct,top_k,51.0,0.597,597,1000,results/english_pg19_predictions/audit.llama31-8b-instruct.jsonl
1.0,meta-llama/Llama-3.1-8B-Instruct,top_k,52.0,0.601,601,1000,results/english_pg19_predictions/audit.llama31-8b-instruct.jsonl
1.0,meta-llama/Llama-3.1-8B-Instruct,top_k,53.0,0.602,602,1000,results/english_pg19_predictions/audit.llama31-8b-instruct.jsonl
1.0,meta-llama/Llama-3.1-8B-Instruct,top_k,54.0,0.607,607,1000,results/english_pg19_predictions/audit.llama31-8b-instruct.jsonl
1.0,meta-llama/Llama-3.1-8B-Instruct,top_k,55.0,0.608,608,1000,results/english_pg19_predictions/audit.llama31-8b-instruct.jsonl
1.0,meta-llama/Llama-3.1-8B-Instruct,top_k,56.0,0.611,611,1000,results/english_pg19_predictions/audit.llama31-8b-instruct.jsonl
1.0,meta-llama/Llama-3.1-8B-Instruct,top_k,57.0,0.611,611,1000,results/english_pg19_predictions/audit.llama31-8b-instruct.jsonl
1.0,meta-llama/Llama-3.1-8B-Instruct,top_k,58.0,0.611,611,1000,results/english_pg19_predictions/audit.llama31-8b-instruct.jsonl
1.0,meta-llama/Llama-3.1-8B-Instruct,top_k,59.0,0.617,617,1000,results/english_pg19_predictions/audit.llama31-8b-instruct.jsonl
1.0,meta-llama/Llama-3.1-8B-Instruct,top_k,60.0,0.62,620,1000,results/english_pg19_predictions/audit.llama31-8b-instruct.jsonl
1.0,meta-llama/Llama-3.1-8B-Instruct,top_k,61.0,0.622,622,1000,results/english_pg19_predictions/audit.llama31-8b-instruct.jsonl
1.0,meta-llama/Llama-3.1-8B-Instruct,top_k,62.0,0.624,624,1000,results/english_pg19_predictions/audit.llama31-8b-instruct.jsonl
1.0,meta-llama/Llama-3.1-8B-Instruct,top_k,63.0,0.624,624,1000,results/english_pg19_predictions/audit.llama31-8b-instruct.jsonl
1.0,meta-llama/Llama-3.1-8B-Instruct,top_k,64.0,0.627,627,1000,results/english_pg19_predictions/audit.llama31-8b-instruct.jsonl
1.0,meta-llama/Llama-3.1-8B-Instruct,top_k,65.0,0.633,633,1000,results/english_pg19_predictions/audit.llama31-8b-instruct.jsonl
1.0,meta-llama/Llama-3.1-8B-Instruct,top_k,66.0,0.637,637,1000,results/english_pg19_predictions/audit.llama31-8b-instruct.jsonl
1.0,meta-llama/Llama-3.1-8B-Instruct,top_k,67.0,0.642,642,1000,results/english_pg19_predictions/audit.llama31-8b-instruct.jsonl
1.0,meta-llama/Llama-3.1-8B-Instruct,top_k,68.0,0.645,645,1000,results/english_pg19_predictions/audit.llama31-8b-instruct.jsonl
1.0,meta-llama/Llama-3.1-8B-Instruct,top_k,69.0,0.645,645,1000,results/english_pg19_predictions/audit.llama31-8b-instruct.jsonl
1.0,meta-llama/Llama-3.1-8B-Instruct,top_k,70.0,0.646,646,1000,results/english_pg19_predictions/audit.llama31-8b-instruct.jsonl
1.0,meta-llama/Llama-3.1-8B-Instruct,top_k,71.0,0.648,648,1000,results/english_pg19_predictions/audit.llama31-8b-instruct.jsonl
1.0,meta-llama/Llama-3.1-8B-Instruct,top_k,72.0,0.65,650,1000,results/english_pg19_predictions/audit.llama31-8b-instruct.jsonl
1.0,meta-llama/Llama-3.1-8B-Instruct,top_k,73.0,0.651,651,1000,results/english_pg19_predictions/audit.llama31-8b-instruct.jsonl
1.0,meta-llama/Llama-3.1-8B-Instruct,top_k,74.0,0.653,653,1000,results/english_pg19_predictions/audit.llama31-8b-instruct.jsonl
1.0,meta-llama/Llama-3.1-8B-Instruct,top_k,75.0,0.653,653,1000,results/english_pg19_predictions/audit.llama31-8b-instruct.jsonl
1.0,meta-llama/Llama-3.1-8B-Instruct,top_k,76.0,0.653,653,1000,results/english_pg19_predictions/audit.llama31-8b-instruct.jsonl
1.0,meta-llama/Llama-3.1-8B-Instruct,top_k,77.0,0.656,656,1000,results/english_pg19_predictions/audit.llama31-8b-instruct.jsonl
1.0,meta-llama/Llama-3.1-8B-Instruct,top_k,78.0,0.657,657,1000,results/english_pg19_predictions/audit.llama31-8b-instruct.jsonl
1.0,meta-llama/Llama-3.1-8B-Instruct,top_k,79.0,0.658,658,1000,results/english_pg19_predictions/audit.llama31-8b-instruct.jsonl
1.0,meta-llama/Llama-3.1-8B-Instruct,top_k,80.0,0.658,658,1000,results/english_pg19_predictions/audit.llama31-8b-instruct.jsonl
1.0,meta-llama/Llama-3.1-8B-Instruct,top_k,81.0,0.661,661,1000,results/english_pg19_predictions/audit.llama31-8b-instruct.jsonl
1.0,meta-llama/Llama-3.1-8B-Instruct,top_k,82.0,0.662,662,1000,results/english_pg19_predictions/audit.llama31-8b-instruct.jsonl
1.0,meta-llama/Llama-3.1-8B-Instruct,top_k,83.0,0.663,663,1000,results/english_pg19_predictions/audit.llama31-8b-instruct.jsonl
1.0,meta-llama/Llama-3.1-8B-Instruct,top_k,84.0,0.665,665,1000,results/english_pg19_predictions/audit.llama31-8b-instruct.jsonl
1.0,meta-llama/Llama-3.1-8B-Instruct,top_k,85.0,0.665,665,1000,results/english_pg19_predictions/audit.llama31-8b-instruct.jsonl
1.0,meta-llama/Llama-3.1-8B-Instruct,top_k,86.0,0.665,665,1000,results/english_pg19_predictions/audit.llama31-8b-instruct.jsonl
1.0,meta-llama/Llama-3.1-8B-Instruct,top_k,87.0,0.668,668,1000,results/english_pg19_predictions/audit.llama31-8b-instruct.jsonl
1.0,meta-llama/Llama-3.1-8B-Instruct,top_k,88.0,0.668,668,1000,results/english_pg19_predictions/audit.llama31-8b-instruct.jsonl
1.0,meta-llama/Llama-3.1-8B-Instruct,top_k,89.0,0.668,668,1000,results/english_pg19_predictions/audit.llama31-8b-instruct.jsonl
1.0,meta-llama/Llama-3.1-8B-Instruct,top_k,90.0,0.669,669,1000,results/english_pg19_predictions/audit.llama31-8b-instruct.jsonl
1.0,meta-llama/Llama-3.1-8B-Instruct,top_k,91.0,0.671,671,1000,results/english_pg19_predictions/audit.llama31-8b-instruct.jsonl
1.0,meta-llama/Llama-3.1-8B-Instruct,top_k,92.0,0.673,673,1000,results/english_pg19_predictions/audit.llama31-8b-instruct.jsonl
1.0,meta-llama/Llama-3.1-8B-Instruct,top_k,93.0,0.675,675,1000,results/english_pg19_predictions/audit.llama31-8b-instruct.jsonl
1.0,meta-llama/Llama-3.1-8B-Instruct,top_k,94.0,0.675,675,1000,results/english_pg19_predictions/audit.llama31-8b-instruct.jsonl
1.0,meta-llama/Llama-3.1-8B-Instruct,top_k,95.0,0.675,675,1000,results/english_pg19_predictions/audit.llama31-8b-instruct.jsonl
1.0,meta-llama/Llama-3.1-8B-Instruct,top_k,96.0,0.676,676,1000,results/english_pg19_predictions/audit.llama31-8b-instruct.jsonl
1.0,meta-llama/Llama-3.1-8B-Instruct,top_k,97.0,0.676,676,1000,results/english_pg19_predictions/audit.llama31-8b-instruct.jsonl
1.0,meta-llama/Llama-3.1-8B-Instruct,top_k,98.0,0.679,679,1000,results/english_pg19_predictions/audit.llama31-8b-instruct.jsonl
1.0,meta-llama/Llama-3.1-8B-Instruct,top_k,99.0,0.684,684,1000,results/english_pg19_predictions/audit.llama31-8b-instruct.jsonl
1.0,meta-llama/Llama-3.1-8B-Instruct,top_k,100.0,0.684,684,1000,results/english_pg19_predictions/audit.llama31-8b-instruct.jsonl
1.0,meta-llama/Llama-3.1-8B-Instruct,top_p,0.5,0.135,135,1000,results/english_pg19_predictions/audit.llama31-8b-instruct.jsonl
1.0,meta-llama/Llama-3.1-8B-Instruct,top_p,0.55,0.156,156,1000,results/english_pg19_predictions/audit.llama31-8b-instruct.jsonl
1.0,meta-llama/Llama-3.1-8B-Instruct,top_p,0.6,0.195,195,1000,results/english_pg19_predictions/audit.llama31-8b-instruct.jsonl
1.0,meta-llama/Llama-3.1-8B-Instruct,top_p,0.65,0.226,226,1000,results/english_pg19_predictions/audit.llama31-8b-instruct.jsonl
1.0,meta-llama/Llama-3.1-8B-Instruct,top_p,0.7,0.265,265,1000,results/english_pg19_predictions/audit.llama31-8b-instruct.jsonl
1.0,meta-llama/Llama-3.1-8B-Instruct,top_p,0.75,0.298,298,1000,results/english_pg19_predictions/audit.llama31-8b-instruct.jsonl
1.0,meta-llama/Llama-3.1-8B-Instruct,top_p,0.8,0.345,345,1000,results/english_pg19_predictions/audit.llama31-8b-instruct.jsonl
1.0,meta-llama/Llama-3.1-8B-Instruct,top_p,0.85,0.391,391,1000,results/english_pg19_predictions/audit.llama31-8b-instruct.jsonl
1.0,meta-llama/Llama-3.1-8B-Instruct,top_p,0.9,0.47,470,1000,results/english_pg19_predictions/audit.llama31-8b-instruct.jsonl
1.0,meta-llama/Llama-3.1-8B-Instruct,top_p,0.95,0.563,563,1000,results/english_pg19_predictions/audit.llama31-8b-instruct.jsonl
1.0,meta-llama/Llama-3.1-8B-Instruct,top_p,0.99,0.717,717,1000,results/english_pg19_predictions/audit.llama31-8b-instruct.jsonl
1.0,meta-llama/Llama-3.1-8B-Instruct,min_p,0.01,0.541,541,1000,results/english_pg19_predictions/audit.llama31-8b-instruct.jsonl
1.0,meta-llama/Llama-3.1-8B-Instruct,min_p,0.02,0.468,468,1000,results/english_pg19_predictions/audit.llama31-8b-instruct.jsonl
1.0,meta-llama/Llama-3.1-8B-Instruct,min_p,0.03,0.426,426,1000,results/english_pg19_predictions/audit.llama31-8b-instruct.jsonl
1.0,meta-llama/Llama-3.1-8B-Instruct,min_p,0.04,0.389,389,1000,results/english_pg19_predictions/audit.llama31-8b-instruct.jsonl
1.0,meta-llama/Llama-3.1-8B-Instruct,min_p,0.05,0.364,364,1000,results/english_pg19_predictions/audit.llama31-8b-instruct.jsonl
1.0,meta-llama/Llama-3.1-8B-Instruct,min_p,0.06,0.349,349,1000,results/english_pg19_predictions/audit.llama31-8b-instruct.jsonl
1.0,meta-llama/Llama-3.1-8B-Instruct,min_p,0.07,0.336,336,1000,results/english_pg19_predictions/audit.llama31-8b-instruct.jsonl
1.0,meta-llama/Llama-3.1-8B-Instruct,min_p,0.08,0.317,317,1000,results/english_pg19_predictions/audit.llama31-8b-instruct.jsonl
1.0,meta-llama/Llama-3.1-8B-Instruct,min_p,0.09,0.306,306,1000,results/english_pg19_predictions/audit.llama31-8b-instruct.jsonl
1.0,meta-llama/Llama-3.1-8B-Instruct,min_p,0.1,0.293,293,1000,results/english_pg19_predictions/audit.llama31-8b-instruct.jsonl
1.0,mistralai/Mistral-7B-Instruct-v0.3,top_k,1.0,0.107,107,1000,results/english_pg19_predictions/audit.mistral7b-v03-instruct.jsonl
1.0,mistralai/Mistral-7B-Instruct-v0.3,top_k,2.0,0.179,179,1000,results/english_pg19_predictions/audit.mistral7b-v03-instruct.jsonl
1.0,mistralai/Mistral-7B-Instruct-v0.3,top_k,3.0,0.224,224,1000,results/english_pg19_predictions/audit.mistral7b-v03-instruct.jsonl
1.0,mistralai/Mistral-7B-Instruct-v0.3,top_k,4.0,0.262,262,1000,results/english_pg19_predictions/audit.mistral7b-v03-instruct.jsonl
1.0,mistralai/Mistral-7B-Instruct-v0.3,top_k,5.0,0.29,290,1000,results/english_pg19_predictions/audit.mistral7b-v03-instruct.jsonl
1.0,mistralai/Mistral-7B-Instruct-v0.3,top_k,6.0,0.322,322,1000,results/english_pg19_predictions/audit.mistral7b-v03-instruct.jsonl
1.0,mistralai/Mistral-7B-Instruct-v0.3,top_k,7.0,0.346,346,1000,results/english_pg19_predictions/audit.mistral7b-v03-instruct.jsonl
1.0,mistralai/Mistral-7B-Instruct-v0.3,top_k,8.0,0.364,364,1000,results/english_pg19_predictions/audit.mistral7b-v03-instruct.jsonl
1.0,mistralai/Mistral-7B-Instruct-v0.3,top_k,9.0,0.38,380,1000,results/english_pg19_predictions/audit.mistral7b-v03-instruct.jsonl
1.0,mistralai/Mistral-7B-Instruct-v0.3,top_k,10.0,0.395,395,1000,results/english_pg19_predictions/audit.mistral7b-v03-instruct.jsonl
1.0,mistralai/Mistral-7B-Instruct-v0.3,top_k,11.0,0.406,406,1000,results/english_pg19_predictions/audit.mistral7b-v03-instruct.jsonl
1.0,mistralai/Mistral-7B-Instruct-v0.3,top_k,12.0,0.418,418,1000,results/english_pg19_predictions/audit.mistral7b-v03-instruct.jsonl
1.0,mistralai/Mistral-7B-Instruct-v0.3,top_k,13.0,0.426,426,1000,results/english_pg19_predictions/audit.mistral7b-v03-instruct.jsonl
1.0,mistralai/Mistral-7B-Instruct-v0.3,top_k,14.0,0.434,434,1000,results/english_pg19_predictions/audit.mistral7b-v03-instruct.jsonl
1.0,mistralai/Mistral-7B-Instruct-v0.3,top_k,15.0,0.446,446,1000,results/english_pg19_predictions/audit.mistral7b-v03-instruct.jsonl
1.0,mistralai/Mistral-7B-Instruct-v0.3,top_k,16.0,0.452,452,1000,results/english_pg19_predictions/audit.mistral7b-v03-instruct.jsonl
1.0,mistralai/Mistral-7B-Instruct-v0.3,top_k,17.0,0.463,463,1000,results/english_pg19_predictions/audit.mistral7b-v03-instruct.jsonl
1.0,mistralai/Mistral-7B-Instruct-v0.3,top_k,18.0,0.473,473,1000,results/english_pg19_predictions/audit.mistral7b-v03-instruct.jsonl
1.0,mistralai/Mistral-7B-Instruct-v0.3,top_k,19.0,0.487,487,1000,results/english_pg19_predictions/audit.mistral7b-v03-instruct.jsonl
1.0,mistralai/Mistral-7B-Instruct-v0.3,top_k,20.0,0.49,490,1000,results/english_pg19_predictions/audit.mistral7b-v03-instruct.jsonl
1.0,mistralai/Mistral-7B-Instruct-v0.3,top_k,21.0,0.495,495,1000,results/english_pg19_predictions/audit.mistral7b-v03-instruct.jsonl
1.0,mistralai/Mistral-7B-Instruct-v0.3,top_k,22.0,0.505,505,1000,results/english_pg19_predictions/audit.mistral7b-v03-instruct.jsonl
1.0,mistralai/Mistral-7B-Instruct-v0.3,top_k,23.0,0.509,509,1000,results/english_pg19_predictions/audit.mistral7b-v03-instruct.jsonl
1.0,mistralai/Mistral-7B-Instruct-v0.3,top_k,24.0,0.514,514,1000,results/english_pg19_predictions/audit.mistral7b-v03-instruct.jsonl
1.0,mistralai/Mistral-7B-Instruct-v0.3,top_k,25.0,0.52,520,1000,results/english_pg19_predictions/audit.mistral7b-v03-instruct.jsonl
1.0,mistralai/Mistral-7B-Instruct-v0.3,top_k,26.0,0.524,524,1000,results/english_pg19_predictions/audit.mistral7b-v03-instruct.jsonl
1.0,mistralai/Mistral-7B-Instruct-v0.3,top_k,27.0,0.532,532,1000,results/english_pg19_predictions/audit.mistral7b-v03-instruct.jsonl
1.0,mistralai/Mistral-7B-Instruct-v0.3,top_k,28.0,0.534,534,1000,results/english_pg19_predictions/audit.mistral7b-v03-instruct.jsonl
1.0,mistralai/Mistral-7B-Instruct-v0.3,top_k,29.0,0.54,540,1000,results/english_pg19_predictions/audit.mistral7b-v03-instruct.jsonl
1.0,mistralai/Mistral-7B-Instruct-v0.3,top_k,30.0,0.546,546,1000,results/english_pg19_predictions/audit.mistral7b-v03-instruct.jsonl
1.0,mistralai/Mistral-7B-Instruct-v0.3,top_k,31.0,0.551,551,1000,results/english_pg19_predictions/audit.mistral7b-v03-instruct.jsonl
1.0,mistralai/Mistral-7B-Instruct-v0.3,top_k,32.0,0.556,556,1000,results/english_pg19_predictions/audit.mistral7b-v03-instruct.jsonl
1.0,mistralai/Mistral-7B-Instruct-v0.3,top_k,33.0,0.562,562,1000,results/english_pg19_predictions/audit.mistral7b-v03-instruct.jsonl
1.0,mistralai/Mistral-7B-Instruct-v0.3,top_k,34.0,0.565,565,1000,results/english_pg19_predictions/audit.mistral7b-v03-instruct.jsonl
1.0,mistralai/Mistral-7B-Instruct-v0.3,top_k,35.0,0.569,569,1000,results/english_pg19_predictions/audit.mistral7b-v03-instruct.jsonl
1.0,mistralai/Mistral-7B-Instruct-v0.3,top_k,36.0,0.572,572,1000,results/english_pg19_predictions/audit.mistral7b-v03-instruct.jsonl
1.0,mistralai/Mistral-7B-Instruct-v0.3,top_k,37.0,0.572,572,1000,results/english_pg19_predictions/audit.mistral7b-v03-instruct.jsonl
1.0,mistralai/Mistral-7B-Instruct-v0.3,top_k,38.0,0.576,576,1000,results/english_pg19_predictions/audit.mistral7b-v03-instruct.jsonl
1.0,mistralai/Mistral-7B-Instruct-v0.3,top_k,39.0,0.583,583,1000,results/english_pg19_predictions/audit.mistral7b-v03-instruct.jsonl
1.0,mistralai/Mistral-7B-Instruct-v0.3,top_k,40.0,0.587,587,1000,results/english_pg19_predictions/audit.mistral7b-v03-instruct.jsonl
1.0,mistralai/Mistral-7B-Instruct-v0.3,top_k,41.0,0.589,589,1000,results/english_pg19_predictions/audit.mistral7b-v03-instruct.jsonl
1.0,mistralai/Mistral-7B-Instruct-v0.3,top_k,42.0,0.592,592,1000,results/english_pg19_predictions/audit.mistral7b-v03-instruct.jsonl
1.0,mistralai/Mistral-7B-Instruct-v0.3,top_k,43.0,0.596,596,1000,results/english_pg19_predictions/audit.mistral7b-v03-instruct.jsonl
1.0,mistralai/Mistral-7B-Instruct-v0.3,top_k,44.0,0.6,600,1000,results/english_pg19_predictions/audit.mistral7b-v03-instruct.jsonl
1.0,mistralai/Mistral-7B-Instruct-v0.3,top_k,45.0,0.602,602,1000,results/english_pg19_predictions/audit.mistral7b-v03-instruct.jsonl
1.0,mistralai/Mistral-7B-Instruct-v0.3,top_k,46.0,0.607,607,1000,results/english_pg19_predictions/audit.mistral7b-v03-instruct.jsonl
1.0,mistralai/Mistral-7B-Instruct-v0.3,top_k,47.0,0.612,612,1000,results/english_pg19_predictions/audit.mistral7b-v03-instruct.jsonl
1.0,mistralai/Mistral-7B-Instruct-v0.3,top_k,48.0,0.612,612,1000,results/english_pg19_predictions/audit.mistral7b-v03-instruct.jsonl
1.0,mistralai/Mistral-7B-Instruct-v0.3,top_k,49.0,0.613,613,1000,results/english_pg19_predictions/audit.mistral7b-v03-instruct.jsonl
1.0,mistralai/Mistral-7B-Instruct-v0.3,top_k,50.0,0.614,614,1000,results/english_pg19_predictions/audit.mistral7b-v03-instruct.jsonl
1.0,mistralai/Mistral-7B-Instruct-v0.3,top_k,51.0,0.618,618,1000,results/english_pg19_predictions/audit.mistral7b-v03-instruct.jsonl
1.0,mistralai/Mistral-7B-Instruct-v0.3,top_k,52.0,0.621,621,1000,results/english_pg19_predictions/audit.mistral7b-v03-instruct.jsonl
1.0,mistralai/Mistral-7B-Instruct-v0.3,top_k,53.0,0.623,623,1000,results/english_pg19_predictions/audit.mistral7b-v03-instruct.jsonl
1.0,mistralai/Mistral-7B-Instruct-v0.3,top_k,54.0,0.625,625,1000,results/english_pg19_predictions/audit.mistral7b-v03-instruct.jsonl
1.0,mistralai/Mistral-7B-Instruct-v0.3,top_k,55.0,0.629,629,1000,results/english_pg19_predictions/audit.mistral7b-v03-instruct.jsonl
1.0,mistralai/Mistral-7B-Instruct-v0.3,top_k,56.0,0.63,630,1000,results/english_pg19_predictions/audit.mistral7b-v03-instruct.jsonl
1.0,mistralai/Mistral-7B-Instruct-v0.3,top_k,57.0,0.634,634,1000,results/english_pg19_predictions/audit.mistral7b-v03-instruct.jsonl
1.0,mistralai/Mistral-7B-Instruct-v0.3,top_k,58.0,0.637,637,1000,results/english_pg19_predictions/audit.mistral7b-v03-instruct.jsonl
1.0,mistralai/Mistral-7B-Instruct-v0.3,top_k,59.0,0.642,642,1000,results/english_pg19_predictions/audit.mistral7b-v03-instruct.jsonl
1.0,mistralai/Mistral-7B-Instruct-v0.3,top_k,60.0,0.647,647,1000,results/english_pg19_predictions/audit.mistral7b-v03-instruct.jsonl
1.0,mistralai/Mistral-7B-Instruct-v0.3,top_k,61.0,0.65,650,1000,results/english_pg19_predictions/audit.mistral7b-v03-instruct.jsonl
1.0,mistralai/Mistral-7B-Instruct-v0.3,top_k,62.0,0.651,651,1000,results/english_pg19_predictions/audit.mistral7b-v03-instruct.jsonl
1.0,mistralai/Mistral-7B-Instruct-v0.3,top_k,63.0,0.652,652,1000,results/english_pg19_predictions/audit.mistral7b-v03-instruct.jsonl
1.0,mistralai/Mistral-7B-Instruct-v0.3,top_k,64.0,0.654,654,1000,results/english_pg19_predictions/audit.mistral7b-v03-instruct.jsonl
1.0,mistralai/Mistral-7B-Instruct-v0.3,top_k,65.0,0.656,656,1000,results/english_pg19_predictions/audit.mistral7b-v03-instruct.jsonl
1.0,mistralai/Mistral-7B-Instruct-v0.3,top_k,66.0,0.66,660,1000,results/english_pg19_predictions/audit.mistral7b-v03-instruct.jsonl
1.0,mistralai/Mistral-7B-Instruct-v0.3,top_k,67.0,0.666,666,1000,results/english_pg19_predictions/audit.mistral7b-v03-instruct.jsonl
1.0,mistralai/Mistral-7B-Instruct-v0.3,top_k,68.0,0.667,667,1000,results/english_pg19_predictions/audit.mistral7b-v03-instruct.jsonl
1.0,mistralai/Mistral-7B-Instruct-v0.3,top_k,69.0,0.668,668,1000,results/english_pg19_predictions/audit.mistral7b-v03-instruct.jsonl
1.0,mistralai/Mistral-7B-Instruct-v0.3,top_k,70.0,0.67,670,1000,results/english_pg19_predictions/audit.mistral7b-v03-instruct.jsonl
1.0,mistralai/Mistral-7B-Instruct-v0.3,top_k,71.0,0.673,673,1000,results/english_pg19_predictions/audit.mistral7b-v03-instruct.jsonl
1.0,mistralai/Mistral-7B-Instruct-v0.3,top_k,72.0,0.674,674,1000,results/english_pg19_predictions/audit.mistral7b-v03-instruct.jsonl
1.0,mistralai/Mistral-7B-Instruct-v0.3,top_k,73.0,0.676,676,1000,results/english_pg19_predictions/audit.mistral7b-v03-instruct.jsonl
1.0,mistralai/Mistral-7B-Instruct-v0.3,top_k,74.0,0.678,678,1000,results/english_pg19_predictions/audit.mistral7b-v03-instruct.jsonl
1.0,mistralai/Mistral-7B-Instruct-v0.3,top_k,75.0,0.679,679,1000,results/english_pg19_predictions/audit.mistral7b-v03-instruct.jsonl
1.0,mistralai/Mistral-7B-Instruct-v0.3,top_k,76.0,0.682,682,1000,results/english_pg19_predictions/audit.mistral7b-v03-instruct.jsonl
1.0,mistralai/Mistral-7B-Instruct-v0.3,top_k,77.0,0.685,685,1000,results/english_pg19_predictions/audit.mistral7b-v03-instruct.jsonl
1.0,mistralai/Mistral-7B-Instruct-v0.3,top_k,78.0,0.686,686,1000,results/english_pg19_predictions/audit.mistral7b-v03-instruct.jsonl
1.0,mistralai/Mistral-7B-Instruct-v0.3,top_k,79.0,0.687,687,1000,results/english_pg19_predictions/audit.mistral7b-v03-instruct.jsonl
1.0,mistralai/Mistral-7B-Instruct-v0.3,top_k,80.0,0.688,688,1000,results/english_pg19_predictions/audit.mistral7b-v03-instruct.jsonl
1.0,mistralai/Mistral-7B-Instruct-v0.3,top_k,81.0,0.69,690,1000,results/english_pg19_predictions/audit.mistral7b-v03-instruct.jsonl
1.0,mistralai/Mistral-7B-Instruct-v0.3,top_k,82.0,0.692,692,1000,results/english_pg19_predictions/audit.mistral7b-v03-instruct.jsonl
1.0,mistralai/Mistral-7B-Instruct-v0.3,top_k,83.0,0.696,696,1000,results/english_pg19_predictions/audit.mistral7b-v03-instruct.jsonl
1.0,mistralai/Mistral-7B-Instruct-v0.3,top_k,84.0,0.699,699,1000,results/english_pg19_predictions/audit.mistral7b-v03-instruct.jsonl
1.0,mistralai/Mistral-7B-Instruct-v0.3,top_k,85.0,0.703,703,1000,results/english_pg19_predictions/audit.mistral7b-v03-instruct.jsonl
1.0,mistralai/Mistral-7B-Instruct-v0.3,top_k,86.0,0.704,704,1000,results/english_pg19_predictions/audit.mistral7b-v03-instruct.jsonl
1.0,mistralai/Mistral-7B-Instruct-v0.3,top_k,87.0,0.706,706,1000,results/english_pg19_predictions/audit.mistral7b-v03-instruct.jsonl
1.0,mistralai/Mistral-7B-Instruct-v0.3,top_k,88.0,0.706,706,1000,results/english_pg19_predictions/audit.mistral7b-v03-instruct.jsonl
1.0,mistralai/Mistral-7B-Instruct-v0.3,top_k,89.0,0.707,707,1000,results/english_pg19_predictions/audit.mistral7b-v03-instruct.jsonl
1.0,mistralai/Mistral-7B-Instruct-v0.3,top_k,90.0,0.709,709,1000,results/english_pg19_predictions/audit.mistral7b-v03-instruct.jsonl
1.0,mistralai/Mistral-7B-Instruct-v0.3,top_k,91.0,0.714,714,1000,results/english_pg19_predictions/audit.mistral7b-v03-instruct.jsonl
1.0,mistralai/Mistral-7B-Instruct-v0.3,top_k,92.0,0.716,716,1000,results/english_pg19_predictions/audit.mistral7b-v03-instruct.jsonl
1.0,mistralai/Mistral-7B-Instruct-v0.3,top_k,93.0,0.719,719,1000,results/english_pg19_predictions/audit.mistral7b-v03-instruct.jsonl
1.0,mistralai/Mistral-7B-Instruct-v0.3,top_k,94.0,0.721,721,1000,results/english_pg19_predictions/audit.mistral7b-v03-instruct.jsonl
1.0,mistralai/Mistral-7B-Instruct-v0.3,top_k,95.0,0.721,721,1000,results/english_pg19_predictions/audit.mistral7b-v03-instruct.jsonl
1.0,mistralai/Mistral-7B-Instruct-v0.3,top_k,96.0,0.722,722,1000,results/english_pg19_predictions/audit.mistral7b-v03-instruct.jsonl
1.0,mistralai/Mistral-7B-Instruct-v0.3,top_k,97.0,0.722,722,1000,results/english_pg19_predictions/audit.mistral7b-v03-instruct.jsonl
1.0,mistralai/Mistral-7B-Instruct-v0.3,top_k,98.0,0.724,724,1000,results/english_pg19_predictions/audit.mistral7b-v03-instruct.jsonl
1.0,mistralai/Mistral-7B-Instruct-v0.3,top_k,99.0,0.728,728,1000,results/english_pg19_predictions/audit.mistral7b-v03-instruct.jsonl
1.0,mistralai/Mistral-7B-Instruct-v0.3,top_k,100.0,0.729,729,1000,results/english_pg19_predictions/audit.mistral7b-v03-instruct.jsonl
1.0,mistralai/Mistral-7B-Instruct-v0.3,top_p,0.5,0.018,18,1000,results/english_pg19_predictions/audit.mistral7b-v03-instruct.jsonl
1.0,mistralai/Mistral-7B-Instruct-v0.3,top_p,0.55,0.023,23,1000,results/english_pg19_predictions/audit.mistral7b-v03-instruct.jsonl
1.0,mistralai/Mistral-7B-Instruct-v0.3,top_p,0.6,0.036,36,1000,results/english_pg19_predictions/audit.mistral7b-v03-instruct.jsonl
1.0,mistralai/Mistral-7B-Instruct-v0.3,top_p,0.65,0.045,45,1000,results/english_pg19_predictions/audit.mistral7b-v03-instruct.jsonl
1.0,mistralai/Mistral-7B-Instruct-v0.3,top_p,0.7,0.051,51,1000,results/english_pg19_predictions/audit.mistral7b-v03-instruct.jsonl
1.0,mistralai/Mistral-7B-Instruct-v0.3,top_p,0.75,0.063,63,1000,results/english_pg19_predictions/audit.mistral7b-v03-instruct.jsonl
1.0,mistralai/Mistral-7B-Instruct-v0.3,top_p,0.8,0.08,80,1000,results/english_pg19_predictions/audit.mistral7b-v03-instruct.jsonl
1.0,mistralai/Mistral-7B-Instruct-v0.3,top_p,0.85,0.103,103,1000,results/english_pg19_predictions/audit.mistral7b-v03-instruct.jsonl
1.0,mistralai/Mistral-7B-Instruct-v0.3,top_p,0.9,0.148,148,1000,results/english_pg19_predictions/audit.mistral7b-v03-instruct.jsonl
1.0,mistralai/Mistral-7B-Instruct-v0.3,top_p,0.95,0.237,237,1000,results/english_pg19_predictions/audit.mistral7b-v03-instruct.jsonl
1.0,mistralai/Mistral-7B-Instruct-v0.3,top_p,0.99,0.424,424,1000,results/english_pg19_predictions/audit.mistral7b-v03-instruct.jsonl
1.0,mistralai/Mistral-7B-Instruct-v0.3,min_p,0.01,0.55,550,1000,results/english_pg19_predictions/audit.mistral7b-v03-instruct.jsonl
1.0,mistralai/Mistral-7B-Instruct-v0.3,min_p,0.02,0.484,484,1000,results/english_pg19_predictions/audit.mistral7b-v03-instruct.jsonl
1.0,mistralai/Mistral-7B-Instruct-v0.3,min_p,0.03,0.447,447,1000,results/english_pg19_predictions/audit.mistral7b-v03-instruct.jsonl
1.0,mistralai/Mistral-7B-Instruct-v0.3,min_p,0.04,0.424,424,1000,results/english_pg19_predictions/audit.mistral7b-v03-instruct.jsonl
1.0,mistralai/Mistral-7B-Instruct-v0.3,min_p,0.05,0.399,399,1000,results/english_pg19_predictions/audit.mistral7b-v03-instruct.jsonl
1.0,mistralai/Mistral-7B-Instruct-v0.3,min_p,0.06,0.38,380,1000,results/english_pg19_predictions/audit.mistral7b-v03-instruct.jsonl
1.0,mistralai/Mistral-7B-Instruct-v0.3,min_p,0.07,0.363,363,1000,results/english_pg19_predictions/audit.mistral7b-v03-instruct.jsonl
1.0,mistralai/Mistral-7B-Instruct-v0.3,min_p,0.08,0.342,342,1000,results/english_pg19_predictions/audit.mistral7b-v03-instruct.jsonl
1.0,mistralai/Mistral-7B-Instruct-v0.3,min_p,0.09,0.328,328,1000,results/english_pg19_predictions/audit.mistral7b-v03-instruct.jsonl
1.0,mistralai/Mistral-7B-Instruct-v0.3,min_p,0.1,0.32,320,1000,results/english_pg19_predictions/audit.mistral7b-v03-instruct.jsonl
1.0,mistralai/Mistral-7B-v0.3,top_k,1.0,0.102,102,1000,results/english_pg19_predictions/audit.mistral7b-v03-base.jsonl
1.0,mistralai/Mistral-7B-v0.3,top_k,2.0,0.177,177,1000,results/english_pg19_predictions/audit.mistral7b-v03-base.jsonl
1.0,mistralai/Mistral-7B-v0.3,top_k,3.0,0.221,221,1000,results/english_pg19_predictions/audit.mistral7b-v03-base.jsonl
1.0,mistralai/Mistral-7B-v0.3,top_k,4.0,0.266,266,1000,results/english_pg19_predictions/audit.mistral7b-v03-base.jsonl
1.0,mistralai/Mistral-7B-v0.3,top_k,5.0,0.287,287,1000,results/english_pg19_predictions/audit.mistral7b-v03-base.jsonl
1.0,mistralai/Mistral-7B-v0.3,top_k,6.0,0.311,311,1000,results/english_pg19_predictions/audit.mistral7b-v03-base.jsonl
1.0,mistralai/Mistral-7B-v0.3,top_k,7.0,0.331,331,1000,results/english_pg19_predictions/audit.mistral7b-v03-base.jsonl
1.0,mistralai/Mistral-7B-v0.3,top_k,8.0,0.359,359,1000,results/english_pg19_predictions/audit.mistral7b-v03-base.jsonl
1.0,mistralai/Mistral-7B-v0.3,top_k,9.0,0.382,382,1000,results/english_pg19_predictions/audit.mistral7b-v03-base.jsonl
1.0,mistralai/Mistral-7B-v0.3,top_k,10.0,0.395,395,1000,results/english_pg19_predictions/audit.mistral7b-v03-base.jsonl
1.0,mistralai/Mistral-7B-v0.3,top_k,11.0,0.407,407,1000,results/english_pg19_predictions/audit.mistral7b-v03-base.jsonl
1.0,mistralai/Mistral-7B-v0.3,top_k,12.0,0.41,410,1000,results/english_pg19_predictions/audit.mistral7b-v03-base.jsonl
1.0,mistralai/Mistral-7B-v0.3,top_k,13.0,0.419,419,1000,results/english_pg19_predictions/audit.mistral7b-v03-base.jsonl
1.0,mistralai/Mistral-7B-v0.3,top_k,14.0,0.433,433,1000,results/english_pg19_predictions/audit.mistral7b-v03-base.jsonl
1.0,mistralai/Mistral-7B-v0.3,top_k,15.0,0.44,440,1000,results/english_pg19_predictions/audit.mistral7b-v03-base.jsonl
1.0,mistralai/Mistral-7B-v0.3,top_k,16.0,0.454,454,1000,results/english_pg19_predictions/audit.mistral7b-v03-base.jsonl
1.0,mistralai/Mistral-7B-v0.3,top_k,17.0,0.46,460,1000,results/english_pg19_predictions/audit.mistral7b-v03-base.jsonl
1.0,mistralai/Mistral-7B-v0.3,top_k,18.0,0.469,469,1000,results/english_pg19_predictions/audit.mistral7b-v03-base.jsonl
1.0,mistralai/Mistral-7B-v0.3,top_k,19.0,0.477,477,1000,results/english_pg19_predictions/audit.mistral7b-v03-base.jsonl
1.0,mistralai/Mistral-7B-v0.3,top_k,20.0,0.488,488,1000,results/english_pg19_predictions/audit.mistral7b-v03-base.jsonl
1.0,mistralai/Mistral-7B-v0.3,top_k,21.0,0.495,495,1000,results/english_pg19_predictions/audit.mistral7b-v03-base.jsonl
1.0,mistralai/Mistral-7B-v0.3,top_k,22.0,0.499,499,1000,results/english_pg19_predictions/audit.mistral7b-v03-base.jsonl
1.0,mistralai/Mistral-7B-v0.3,top_k,23.0,0.504,504,1000,results/english_pg19_predictions/audit.mistral7b-v03-base.jsonl
1.0,mistralai/Mistral-7B-v0.3,top_k,24.0,0.509,509,1000,results/english_pg19_predictions/audit.mistral7b-v03-base.jsonl
1.0,mistralai/Mistral-7B-v0.3,top_k,25.0,0.515,515,1000,results/english_pg19_predictions/audit.mistral7b-v03-base.jsonl
1.0,mistralai/Mistral-7B-v0.3,top_k,26.0,0.519,519,1000,results/english_pg19_predictions/audit.mistral7b-v03-base.jsonl
1.0,mistralai/Mistral-7B-v0.3,top_k,27.0,0.524,524,1000,results/english_pg19_predictions/audit.mistral7b-v03-base.jsonl
1.0,mistralai/Mistral-7B-v0.3,top_k,28.0,0.528,528,1000,results/english_pg19_predictions/audit.mistral7b-v03-base.jsonl
1.0,mistralai/Mistral-7B-v0.3,top_k,29.0,0.534,534,1000,results/english_pg19_predictions/audit.mistral7b-v03-base.jsonl
1.0,mistralai/Mistral-7B-v0.3,top_k,30.0,0.544,544,1000,results/english_pg19_predictions/audit.mistral7b-v03-base.jsonl
1.0,mistralai/Mistral-7B-v0.3,top_k,31.0,0.547,547,1000,results/english_pg19_predictions/audit.mistral7b-v03-base.jsonl
1.0,mistralai/Mistral-7B-v0.3,top_k,32.0,0.549,549,1000,results/english_pg19_predictions/audit.mistral7b-v03-base.jsonl
1.0,mistralai/Mistral-7B-v0.3,top_k,33.0,0.556,556,1000,results/english_pg19_predictions/audit.mistral7b-v03-base.jsonl
1.0,mistralai/Mistral-7B-v0.3,top_k,34.0,0.566,566,1000,results/english_pg19_predictions/audit.mistral7b-v03-base.jsonl
1.0,mistralai/Mistral-7B-v0.3,top_k,35.0,0.571,571,1000,results/english_pg19_predictions/audit.mistral7b-v03-base.jsonl
1.0,mistralai/Mistral-7B-v0.3,top_k,36.0,0.572,572,1000,results/english_pg19_predictions/audit.mistral7b-v03-base.jsonl
1.0,mistralai/Mistral-7B-v0.3,top_k,37.0,0.575,575,1000,results/english_pg19_predictions/audit.mistral7b-v03-base.jsonl
1.0,mistralai/Mistral-7B-v0.3,top_k,38.0,0.576,576,1000,results/english_pg19_predictions/audit.mistral7b-v03-base.jsonl
1.0,mistralai/Mistral-7B-v0.3,top_k,39.0,0.577,577,1000,results/english_pg19_predictions/audit.mistral7b-v03-base.jsonl
1.0,mistralai/Mistral-7B-v0.3,top_k,40.0,0.579,579,1000,results/english_pg19_predictions/audit.mistral7b-v03-base.jsonl
1.0,mistralai/Mistral-7B-v0.3,top_k,41.0,0.583,583,1000,results/english_pg19_predictions/audit.mistral7b-v03-base.jsonl
1.0,mistralai/Mistral-7B-v0.3,top_k,42.0,0.584,584,1000,results/english_pg19_predictions/audit.mistral7b-v03-base.jsonl
1.0,mistralai/Mistral-7B-v0.3,top_k,43.0,0.587,587,1000,results/english_pg19_predictions/audit.mistral7b-v03-base.jsonl
1.0,mistralai/Mistral-7B-v0.3,top_k,44.0,0.591,591,1000,results/english_pg19_predictions/audit.mistral7b-v03-base.jsonl
1.0,mistralai/Mistral-7B-v0.3,top_k,45.0,0.597,597,1000,results/english_pg19_predictions/audit.mistral7b-v03-base.jsonl
1.0,mistralai/Mistral-7B-v0.3,top_k,46.0,0.602,602,1000,results/english_pg19_predictions/audit.mistral7b-v03-base.jsonl
1.0,mistralai/Mistral-7B-v0.3,top_k,47.0,0.604,604,1000,results/english_pg19_predictions/audit.mistral7b-v03-base.jsonl
1.0,mistralai/Mistral-7B-v0.3,top_k,48.0,0.608,608,1000,results/english_pg19_predictions/audit.mistral7b-v03-base.jsonl
1.0,mistralai/Mistral-7B-v0.3,top_k,49.0,0.612,612,1000,results/english_pg19_predictions/audit.mistral7b-v03-base.jsonl
1.0,mistralai/Mistral-7B-v0.3,top_k,50.0,0.622,622,1000,results/english_pg19_predictions/audit.mistral7b-v03-base.jsonl
1.0,mistralai/Mistral-7B-v0.3,top_k,51.0,0.626,626,1000,results/english_pg19_predictions/audit.mistral7b-v03-base.jsonl
1.0,mistralai/Mistral-7B-v0.3,top_k,52.0,0.628,628,1000,results/english_pg19_predictions/audit.mistral7b-v03-base.jsonl
1.0,mistralai/Mistral-7B-v0.3,top_k,53.0,0.63,630,1000,results/english_pg19_predictions/audit.mistral7b-v03-base.jsonl
1.0,mistralai/Mistral-7B-v0.3,top_k,54.0,0.632,632,1000,results/english_pg19_predictions/audit.mistral7b-v03-base.jsonl
1.0,mistralai/Mistral-7B-v0.3,top_k,55.0,0.633,633,1000,results/english_pg19_predictions/audit.mistral7b-v03-base.jsonl
1.0,mistralai/Mistral-7B-v0.3,top_k,56.0,0.637,637,1000,results/english_pg19_predictions/audit.mistral7b-v03-base.jsonl
1.0,mistralai/Mistral-7B-v0.3,top_k,57.0,0.637,637,1000,results/english_pg19_predictions/audit.mistral7b-v03-base.jsonl
1.0,mistralai/Mistral-7B-v0.3,top_k,58.0,0.639,639,1000,results/english_pg19_predictions/audit.mistral7b-v03-base.jsonl
1.0,mistralai/Mistral-7B-v0.3,top_k,59.0,0.64,640,1000,results/english_pg19_predictions/audit.mistral7b-v03-base.jsonl
1.0,mistralai/Mistral-7B-v0.3,top_k,60.0,0.641,641,1000,results/english_pg19_predictions/audit.mistral7b-v03-base.jsonl
1.0,mistralai/Mistral-7B-v0.3,top_k,61.0,0.644,644,1000,results/english_pg19_predictions/audit.mistral7b-v03-base.jsonl
1.0,mistralai/Mistral-7B-v0.3,top_k,62.0,0.648,648,1000,results/english_pg19_predictions/audit.mistral7b-v03-base.jsonl
1.0,mistralai/Mistral-7B-v0.3,top_k,63.0,0.649,649,1000,results/english_pg19_predictions/audit.mistral7b-v03-base.jsonl
1.0,mistralai/Mistral-7B-v0.3,top_k,64.0,0.653,653,1000,results/english_pg19_predictions/audit.mistral7b-v03-base.jsonl
1.0,mistralai/Mistral-7B-v0.3,top_k,65.0,0.656,656,1000,results/english_pg19_predictions/audit.mistral7b-v03-base.jsonl
1.0,mistralai/Mistral-7B-v0.3,top_k,66.0,0.657,657,1000,results/english_pg19_predictions/audit.mistral7b-v03-base.jsonl
1.0,mistralai/Mistral-7B-v0.3,top_k,67.0,0.659,659,1000,results/english_pg19_predictions/audit.mistral7b-v03-base.jsonl
1.0,mistralai/Mistral-7B-v0.3,top_k,68.0,0.661,661,1000,results/english_pg19_predictions/audit.mistral7b-v03-base.jsonl
1.0,mistralai/Mistral-7B-v0.3,top_k,69.0,0.663,663,1000,results/english_pg19_predictions/audit.mistral7b-v03-base.jsonl
1.0,mistralai/Mistral-7B-v0.3,top_k,70.0,0.665,665,1000,results/english_pg19_predictions/audit.mistral7b-v03-base.jsonl
1.0,mistralai/Mistral-7B-v0.3,top_k,71.0,0.667,667,1000,results/english_pg19_predictions/audit.mistral7b-v03-base.jsonl
1.0,mistralai/Mistral-7B-v0.3,top_k,72.0,0.671,671,1000,results/english_pg19_predictions/audit.mistral7b-v03-base.jsonl
1.0,mistralai/Mistral-7B-v0.3,top_k,73.0,0.672,672,1000,results/english_pg19_predictions/audit.mistral7b-v03-base.jsonl
1.0,mistralai/Mistral-7B-v0.3,top_k,74.0,0.674,674,1000,results/english_pg19_predictions/audit.mistral7b-v03-base.jsonl
1.0,mistralai/Mistral-7B-v0.3,top_k,75.0,0.676,676,1000,results/english_pg19_predictions/audit.mistral7b-v03-base.jsonl
1.0,mistralai/Mistral-7B-v0.3,top_k,76.0,0.679,679,1000,results/english_pg19_predictions/audit.mistral7b-v03-base.jsonl
1.0,mistralai/Mistral-7B-v0.3,top_k,77.0,0.682,682,1000,results/english_pg19_predictions/audit.mistral7b-v03-base.jsonl
1.0,mistralai/Mistral-7B-v0.3,top_k,78.0,0.682,682,1000,results/english_pg19_predictions/audit.mistral7b-v03-base.jsonl
1.0,mistralai/Mistral-7B-v0.3,top_k,79.0,0.684,684,1000,results/english_pg19_predictions/audit.mistral7b-v03-base.jsonl
1.0,mistralai/Mistral-7B-v0.3,top_k,80.0,0.685,685,1000,results/english_pg19_predictions/audit.mistral7b-v03-base.jsonl
1.0,mistralai/Mistral-7B-v0.3,top_k,81.0,0.687,687,1000,results/english_pg19_predictions/audit.mistral7b-v03-base.jsonl
1.0,mistralai/Mistral-7B-v0.3,top_k,82.0,0.689,689,1000,results/english_pg19_predictions/audit.mistral7b-v03-base.jsonl
1.0,mistralai/Mistral-7B-v0.3,top_k,83.0,0.689,689,1000,results/english_pg19_predictions/audit.mistral7b-v03-base.jsonl
1.0,mistralai/Mistral-7B-v0.3,top_k,84.0,0.692,692,1000,results/english_pg19_predictions/audit.mistral7b-v03-base.jsonl
1.0,mistralai/Mistral-7B-v0.3,top_k,85.0,0.692,692,1000,results/english_pg19_predictions/audit.mistral7b-v03-base.jsonl
1.0,mistralai/Mistral-7B-v0.3,top_k,86.0,0.694,694,1000,results/english_pg19_predictions/audit.mistral7b-v03-base.jsonl
1.0,mistralai/Mistral-7B-v0.3,top_k,87.0,0.697,697,1000,results/english_pg19_predictions/audit.mistral7b-v03-base.jsonl
1.0,mistralai/Mistral-7B-v0.3,top_k,88.0,0.7,700,1000,results/english_pg19_predictions/audit.mistral7b-v03-base.jsonl
1.0,mistralai/Mistral-7B-v0.3,top_k,89.0,0.702,702,1000,results/english_pg19_predictions/audit.mistral7b-v03-base.jsonl
1.0,mistralai/Mistral-7B-v0.3,top_k,90.0,0.702,702,1000,results/english_pg19_predictions/audit.mistral7b-v03-base.jsonl
1.0,mistralai/Mistral-7B-v0.3,top_k,91.0,0.703,703,1000,results/english_pg19_predictions/audit.mistral7b-v03-base.jsonl
1.0,mistralai/Mistral-7B-v0.3,top_k,92.0,0.705,705,1000,results/english_pg19_predictions/audit.mistral7b-v03-base.jsonl
1.0,mistralai/Mistral-7B-v0.3,top_k,93.0,0.707,707,1000,results/english_pg19_predictions/audit.mistral7b-v03-base.jsonl
1.0,mistralai/Mistral-7B-v0.3,top_k,94.0,0.71,710,1000,results/english_pg19_predictions/audit.mistral7b-v03-base.jsonl
1.0,mistralai/Mistral-7B-v0.3,top_k,95.0,0.715,715,1000,results/english_pg19_predictions/audit.mistral7b-v03-base.jsonl
1.0,mistralai/Mistral-7B-v0.3,top_k,96.0,0.716,716,1000,results/english_pg19_predictions/audit.mistral7b-v03-base.jsonl
1.0,mistralai/Mistral-7B-v0.3,top_k,97.0,0.717,717,1000,results/english_pg19_predictions/audit.mistral7b-v03-base.jsonl
1.0,mistralai/Mistral-7B-v0.3,top_k,98.0,0.718,718,1000,results/english_pg19_predictions/audit.mistral7b-v03-base.jsonl
1.0,mistralai/Mistral-7B-v0.3,top_k,99.0,0.719,719,1000,results/english_pg19_predictions/audit.mistral7b-v03-base.jsonl
1.0,mistralai/Mistral-7B-v0.3,top_k,100.0,0.721,721,1000,results/english_pg19_predictions/audit.mistral7b-v03-base.jsonl
1.0,mistralai/Mistral-7B-v0.3,top_p,0.5,0.028,28,1000,results/english_pg19_predictions/audit.mistral7b-v03-base.jsonl
1.0,mistralai/Mistral-7B-v0.3,top_p,0.55,0.032,32,1000,results/english_pg19_predictions/audit.mistral7b-v03-base.jsonl
1.0,mistralai/Mistral-7B-v0.3,top_p,0.6,0.039,39,1000,results/english_pg19_predictions/audit.mistral7b-v03-base.jsonl
1.0,mistralai/Mistral-7B-v0.3,top_p,0.65,0.05,50,1000,results/english_pg19_predictions/audit.mistral7b-v03-base.jsonl
1.0,mistralai/Mistral-7B-v0.3,top_p,0.7,0.06,60,1000,results/english_pg19_predictions/audit.mistral7b-v03-base.jsonl
1.0,mistralai/Mistral-7B-v0.3,top_p,0.75,0.074,74,1000,results/english_pg19_predictions/audit.mistral7b-v03-base.jsonl
1.0,mistralai/Mistral-7B-v0.3,top_p,0.8,0.088,88,1000,results/english_pg19_predictions/audit.mistral7b-v03-base.jsonl
1.0,mistralai/Mistral-7B-v0.3,top_p,0.85,0.122,122,1000,results/english_pg19_predictions/audit.mistral7b-v03-base.jsonl
1.0,mistralai/Mistral-7B-v0.3,top_p,0.9,0.173,173,1000,results/english_pg19_predictions/audit.mistral7b-v03-base.jsonl
1.0,mistralai/Mistral-7B-v0.3,top_p,0.95,0.261,261,1000,results/english_pg19_predictions/audit.mistral7b-v03-base.jsonl
1.0,mistralai/Mistral-7B-v0.3,top_p,0.99,0.455,455,1000,results/english_pg19_predictions/audit.mistral7b-v03-base.jsonl
1.0,mistralai/Mistral-7B-v0.3,min_p,0.01,0.575,575,1000,results/english_pg19_predictions/audit.mistral7b-v03-base.jsonl
1.0,mistralai/Mistral-7B-v0.3,min_p,0.02,0.501,501,1000,results/english_pg19_predictions/audit.mistral7b-v03-base.jsonl
1.0,mistralai/Mistral-7B-v0.3,min_p,0.03,0.457,457,1000,results/english_pg19_predictions/audit.mistral7b-v03-base.jsonl
1.0,mistralai/Mistral-7B-v0.3,min_p,0.04,0.426,426,1000,results/english_pg19_predictions/audit.mistral7b-v03-base.jsonl
1.0,mistralai/Mistral-7B-v0.3,min_p,0.05,0.401,401,1000,results/english_pg19_predictions/audit.mistral7b-v03-base.jsonl
1.0,mistralai/Mistral-7B-v0.3,min_p,0.06,0.39,390,1000,results/english_pg19_predictions/audit.mistral7b-v03-base.jsonl
1.0,mistralai/Mistral-7B-v0.3,min_p,0.07,0.37,370,1000,results/english_pg19_predictions/audit.mistral7b-v03-base.jsonl
1.0,mistralai/Mistral-7B-v0.3,min_p,0.08,0.357,357,1000,results/english_pg19_predictions/audit.mistral7b-v03-base.jsonl
1.0,mistralai/Mistral-7B-v0.3,min_p,0.09,0.342,342,1000,results/english_pg19_predictions/audit.mistral7b-v03-base.jsonl
1.0,mistralai/Mistral-7B-v0.3,min_p,0.1,0.326,326,1000,results/english_pg19_predictions/audit.mistral7b-v03-base.jsonl
