temperature,model,decoder,parameter,word_any_wcs,word_all_wcs,covered_words_any,covered_words_all,total_words,covered_contexts,total_contexts,audit_path
0.7,Qwen/Qwen2.5-14B,top_k,1.0,0.54,0.0,54,0,100,105,1000,/home/jovyan/WCS-repo/results/spanish_pd_books/t0p7/audit.qwen25-14b-base.jsonl
0.7,Qwen/Qwen2.5-14B,top_k,2.0,0.63,0.0,63,0,100,161,1000,/home/jovyan/WCS-repo/results/spanish_pd_books/t0p7/audit.qwen25-14b-base.jsonl
0.7,Qwen/Qwen2.5-14B,top_k,3.0,0.66,0.0,66,0,100,195,1000,/home/jovyan/WCS-repo/results/spanish_pd_books/t0p7/audit.qwen25-14b-base.jsonl
0.7,Qwen/Qwen2.5-14B,top_k,4.0,0.73,0.0,73,0,100,221,1000,/home/jovyan/WCS-repo/results/spanish_pd_books/t0p7/audit.qwen25-14b-base.jsonl
0.7,Qwen/Qwen2.5-14B,top_k,5.0,0.78,0.0,78,0,100,244,1000,/home/jovyan/WCS-repo/results/spanish_pd_books/t0p7/audit.qwen25-14b-base.jsonl
0.7,Qwen/Qwen2.5-14B,top_k,6.0,0.84,0.0,84,0,100,272,1000,/home/jovyan/WCS-repo/results/spanish_pd_books/t0p7/audit.qwen25-14b-base.jsonl
0.7,Qwen/Qwen2.5-14B,top_k,7.0,0.87,0.0,87,0,100,291,1000,/home/jovyan/WCS-repo/results/spanish_pd_books/t0p7/audit.qwen25-14b-base.jsonl
0.7,Qwen/Qwen2.5-14B,top_k,8.0,0.88,0.0,88,0,100,308,1000,/home/jovyan/WCS-repo/results/spanish_pd_books/t0p7/audit.qwen25-14b-base.jsonl
0.7,Qwen/Qwen2.5-14B,top_k,9.0,0.9,0.0,90,0,100,320,1000,/home/jovyan/WCS-repo/results/spanish_pd_books/t0p7/audit.qwen25-14b-base.jsonl
0.7,Qwen/Qwen2.5-14B,top_k,10.0,0.92,0.0,92,0,100,333,1000,/home/jovyan/WCS-repo/results/spanish_pd_books/t0p7/audit.qwen25-14b-base.jsonl
0.7,Qwen/Qwen2.5-14B,top_k,11.0,0.93,0.0,93,0,100,345,1000,/home/jovyan/WCS-repo/results/spanish_pd_books/t0p7/audit.qwen25-14b-base.jsonl
0.7,Qwen/Qwen2.5-14B,top_k,12.0,0.93,0.0,93,0,100,357,1000,/home/jovyan/WCS-repo/results/spanish_pd_books/t0p7/audit.qwen25-14b-base.jsonl
0.7,Qwen/Qwen2.5-14B,top_k,13.0,0.93,0.0,93,0,100,367,1000,/home/jovyan/WCS-repo/results/spanish_pd_books/t0p7/audit.qwen25-14b-base.jsonl
0.7,Qwen/Qwen2.5-14B,top_k,14.0,0.93,0.0,93,0,100,375,1000,/home/jovyan/WCS-repo/results/spanish_pd_books/t0p7/audit.qwen25-14b-base.jsonl
0.7,Qwen/Qwen2.5-14B,top_k,15.0,0.93,0.0,93,0,100,386,1000,/home/jovyan/WCS-repo/results/spanish_pd_books/t0p7/audit.qwen25-14b-base.jsonl
0.7,Qwen/Qwen2.5-14B,top_k,16.0,0.94,0.0,94,0,100,399,1000,/home/jovyan/WCS-repo/results/spanish_pd_books/t0p7/audit.qwen25-14b-base.jsonl
0.7,Qwen/Qwen2.5-14B,top_k,17.0,0.94,0.0,94,0,100,406,1000,/home/jovyan/WCS-repo/results/spanish_pd_books/t0p7/audit.qwen25-14b-base.jsonl
0.7,Qwen/Qwen2.5-14B,top_k,18.0,0.94,0.0,94,0,100,418,1000,/home/jovyan/WCS-repo/results/spanish_pd_books/t0p7/audit.qwen25-14b-base.jsonl
0.7,Qwen/Qwen2.5-14B,top_k,19.0,0.94,0.0,94,0,100,428,1000,/home/jovyan/WCS-repo/results/spanish_pd_books/t0p7/audit.qwen25-14b-base.jsonl
0.7,Qwen/Qwen2.5-14B,top_k,20.0,0.94,0.0,94,0,100,435,1000,/home/jovyan/WCS-repo/results/spanish_pd_books/t0p7/audit.qwen25-14b-base.jsonl
0.7,Qwen/Qwen2.5-14B,top_p,0.5,0.01,0.0,1,0,100,1,1000,/home/jovyan/WCS-repo/results/spanish_pd_books/t0p7/audit.qwen25-14b-base.jsonl
0.7,Qwen/Qwen2.5-14B,top_p,0.55,0.01,0.0,1,0,100,1,1000,/home/jovyan/WCS-repo/results/spanish_pd_books/t0p7/audit.qwen25-14b-base.jsonl
0.7,Qwen/Qwen2.5-14B,top_p,0.6,0.01,0.0,1,0,100,1,1000,/home/jovyan/WCS-repo/results/spanish_pd_books/t0p7/audit.qwen25-14b-base.jsonl
0.7,Qwen/Qwen2.5-14B,top_p,0.65,0.01,0.0,1,0,100,1,1000,/home/jovyan/WCS-repo/results/spanish_pd_books/t0p7/audit.qwen25-14b-base.jsonl
0.7,Qwen/Qwen2.5-14B,top_p,0.7,0.01,0.0,1,0,100,1,1000,/home/jovyan/WCS-repo/results/spanish_pd_books/t0p7/audit.qwen25-14b-base.jsonl
0.7,Qwen/Qwen2.5-14B,top_p,0.75,0.04,0.0,4,0,100,4,1000,/home/jovyan/WCS-repo/results/spanish_pd_books/t0p7/audit.qwen25-14b-base.jsonl
0.7,Qwen/Qwen2.5-14B,top_p,0.8,0.1,0.0,10,0,100,11,1000,/home/jovyan/WCS-repo/results/spanish_pd_books/t0p7/audit.qwen25-14b-base.jsonl
0.7,Qwen/Qwen2.5-14B,top_p,0.85,0.12,0.0,12,0,100,16,1000,/home/jovyan/WCS-repo/results/spanish_pd_books/t0p7/audit.qwen25-14b-base.jsonl
0.7,Qwen/Qwen2.5-14B,top_p,0.9,0.18,0.0,18,0,100,30,1000,/home/jovyan/WCS-repo/results/spanish_pd_books/t0p7/audit.qwen25-14b-base.jsonl
0.7,Qwen/Qwen2.5-14B,top_p,0.95,0.32,0.0,32,0,100,64,1000,/home/jovyan/WCS-repo/results/spanish_pd_books/t0p7/audit.qwen25-14b-base.jsonl
0.7,Qwen/Qwen2.5-14B,top_p,0.99,0.71,0.0,71,0,100,227,1000,/home/jovyan/WCS-repo/results/spanish_pd_books/t0p7/audit.qwen25-14b-base.jsonl
0.7,Qwen/Qwen2.5-14B,min_p,0.01,0.95,0.0,95,0,100,405,1000,/home/jovyan/WCS-repo/results/spanish_pd_books/t0p7/audit.qwen25-14b-base.jsonl
0.7,Qwen/Qwen2.5-14B,min_p,0.02,0.92,0.0,92,0,100,346,1000,/home/jovyan/WCS-repo/results/spanish_pd_books/t0p7/audit.qwen25-14b-base.jsonl
0.7,Qwen/Qwen2.5-14B,min_p,0.03,0.91,0.0,91,0,100,314,1000,/home/jovyan/WCS-repo/results/spanish_pd_books/t0p7/audit.qwen25-14b-base.jsonl
0.7,Qwen/Qwen2.5-14B,min_p,0.04,0.89,0.0,89,0,100,294,1000,/home/jovyan/WCS-repo/results/spanish_pd_books/t0p7/audit.qwen25-14b-base.jsonl
0.7,Qwen/Qwen2.5-14B,min_p,0.05,0.84,0.0,84,0,100,267,1000,/home/jovyan/WCS-repo/results/spanish_pd_books/t0p7/audit.qwen25-14b-base.jsonl
0.7,Qwen/Qwen2.5-14B,min_p,0.06,0.83,0.0,83,0,100,253,1000,/home/jovyan/WCS-repo/results/spanish_pd_books/t0p7/audit.qwen25-14b-base.jsonl
0.7,Qwen/Qwen2.5-14B,min_p,0.07,0.82,0.0,82,0,100,236,1000,/home/jovyan/WCS-repo/results/spanish_pd_books/t0p7/audit.qwen25-14b-base.jsonl
0.7,Qwen/Qwen2.5-14B,min_p,0.08,0.82,0.0,82,0,100,233,1000,/home/jovyan/WCS-repo/results/spanish_pd_books/t0p7/audit.qwen25-14b-base.jsonl
0.7,Qwen/Qwen2.5-14B,min_p,0.09,0.78,0.0,78,0,100,219,1000,/home/jovyan/WCS-repo/results/spanish_pd_books/t0p7/audit.qwen25-14b-base.jsonl
0.7,Qwen/Qwen2.5-14B,min_p,0.1,0.76,0.0,76,0,100,211,1000,/home/jovyan/WCS-repo/results/spanish_pd_books/t0p7/audit.qwen25-14b-base.jsonl
1.0,Qwen/Qwen2.5-14B,top_k,1.0,0.54,0.0,54,0,100,105,1000,/home/jovyan/WCS-repo/results/spanish_pd_books/t1/audit.qwen25-14b-base.jsonl
1.0,Qwen/Qwen2.5-14B,top_k,2.0,0.63,0.0,63,0,100,161,1000,/home/jovyan/WCS-repo/results/spanish_pd_books/t1/audit.qwen25-14b-base.jsonl
1.0,Qwen/Qwen2.5-14B,top_k,3.0,0.66,0.0,66,0,100,195,1000,/home/jovyan/WCS-repo/results/spanish_pd_books/t1/audit.qwen25-14b-base.jsonl
1.0,Qwen/Qwen2.5-14B,top_k,4.0,0.73,0.0,73,0,100,221,1000,/home/jovyan/WCS-repo/results/spanish_pd_books/t1/audit.qwen25-14b-base.jsonl
1.0,Qwen/Qwen2.5-14B,top_k,5.0,0.78,0.0,78,0,100,244,1000,/home/jovyan/WCS-repo/results/spanish_pd_books/t1/audit.qwen25-14b-base.jsonl
1.0,Qwen/Qwen2.5-14B,top_k,6.0,0.84,0.0,84,0,100,272,1000,/home/jovyan/WCS-repo/results/spanish_pd_books/t1/audit.qwen25-14b-base.jsonl
1.0,Qwen/Qwen2.5-14B,top_k,7.0,0.87,0.0,87,0,100,291,1000,/home/jovyan/WCS-repo/results/spanish_pd_books/t1/audit.qwen25-14b-base.jsonl
1.0,Qwen/Qwen2.5-14B,top_k,8.0,0.88,0.0,88,0,100,308,1000,/home/jovyan/WCS-repo/results/spanish_pd_books/t1/audit.qwen25-14b-base.jsonl
1.0,Qwen/Qwen2.5-14B,top_k,9.0,0.9,0.0,90,0,100,320,1000,/home/jovyan/WCS-repo/results/spanish_pd_books/t1/audit.qwen25-14b-base.jsonl
1.0,Qwen/Qwen2.5-14B,top_k,10.0,0.92,0.0,92,0,100,333,1000,/home/jovyan/WCS-repo/results/spanish_pd_books/t1/audit.qwen25-14b-base.jsonl
1.0,Qwen/Qwen2.5-14B,top_k,11.0,0.93,0.0,93,0,100,345,1000,/home/jovyan/WCS-repo/results/spanish_pd_books/t1/audit.qwen25-14b-base.jsonl
1.0,Qwen/Qwen2.5-14B,top_k,12.0,0.93,0.0,93,0,100,357,1000,/home/jovyan/WCS-repo/results/spanish_pd_books/t1/audit.qwen25-14b-base.jsonl
1.0,Qwen/Qwen2.5-14B,top_k,13.0,0.93,0.0,93,0,100,367,1000,/home/jovyan/WCS-repo/results/spanish_pd_books/t1/audit.qwen25-14b-base.jsonl
1.0,Qwen/Qwen2.5-14B,top_k,14.0,0.93,0.0,93,0,100,375,1000,/home/jovyan/WCS-repo/results/spanish_pd_books/t1/audit.qwen25-14b-base.jsonl
1.0,Qwen/Qwen2.5-14B,top_k,15.0,0.93,0.0,93,0,100,386,1000,/home/jovyan/WCS-repo/results/spanish_pd_books/t1/audit.qwen25-14b-base.jsonl
1.0,Qwen/Qwen2.5-14B,top_k,16.0,0.94,0.0,94,0,100,399,1000,/home/jovyan/WCS-repo/results/spanish_pd_books/t1/audit.qwen25-14b-base.jsonl
1.0,Qwen/Qwen2.5-14B,top_k,17.0,0.94,0.0,94,0,100,406,1000,/home/jovyan/WCS-repo/results/spanish_pd_books/t1/audit.qwen25-14b-base.jsonl
1.0,Qwen/Qwen2.5-14B,top_k,18.0,0.94,0.0,94,0,100,418,1000,/home/jovyan/WCS-repo/results/spanish_pd_books/t1/audit.qwen25-14b-base.jsonl
1.0,Qwen/Qwen2.5-14B,top_k,19.0,0.94,0.0,94,0,100,428,1000,/home/jovyan/WCS-repo/results/spanish_pd_books/t1/audit.qwen25-14b-base.jsonl
1.0,Qwen/Qwen2.5-14B,top_k,20.0,0.94,0.0,94,0,100,435,1000,/home/jovyan/WCS-repo/results/spanish_pd_books/t1/audit.qwen25-14b-base.jsonl
1.0,Qwen/Qwen2.5-14B,top_p,0.5,0.04,0.0,4,0,100,6,1000,/home/jovyan/WCS-repo/results/spanish_pd_books/t1/audit.qwen25-14b-base.jsonl
1.0,Qwen/Qwen2.5-14B,top_p,0.55,0.06,0.0,6,0,100,9,1000,/home/jovyan/WCS-repo/results/spanish_pd_books/t1/audit.qwen25-14b-base.jsonl
1.0,Qwen/Qwen2.5-14B,top_p,0.6,0.08,0.0,8,0,100,12,1000,/home/jovyan/WCS-repo/results/spanish_pd_books/t1/audit.qwen25-14b-base.jsonl
1.0,Qwen/Qwen2.5-14B,top_p,0.65,0.11,0.0,11,0,100,17,1000,/home/jovyan/WCS-repo/results/spanish_pd_books/t1/audit.qwen25-14b-base.jsonl
1.0,Qwen/Qwen2.5-14B,top_p,0.7,0.16,0.0,16,0,100,30,1000,/home/jovyan/WCS-repo/results/spanish_pd_books/t1/audit.qwen25-14b-base.jsonl
1.0,Qwen/Qwen2.5-14B,top_p,0.75,0.22,0.0,22,0,100,48,1000,/home/jovyan/WCS-repo/results/spanish_pd_books/t1/audit.qwen25-14b-base.jsonl
1.0,Qwen/Qwen2.5-14B,top_p,0.8,0.37,0.0,37,0,100,82,1000,/home/jovyan/WCS-repo/results/spanish_pd_books/t1/audit.qwen25-14b-base.jsonl
1.0,Qwen/Qwen2.5-14B,top_p,0.85,0.52,0.0,52,0,100,133,1000,/home/jovyan/WCS-repo/results/spanish_pd_books/t1/audit.qwen25-14b-base.jsonl
1.0,Qwen/Qwen2.5-14B,top_p,0.9,0.63,0.0,63,0,100,194,1000,/home/jovyan/WCS-repo/results/spanish_pd_books/t1/audit.qwen25-14b-base.jsonl
1.0,Qwen/Qwen2.5-14B,top_p,0.95,0.8,0.01,80,1,100,310,1000,/home/jovyan/WCS-repo/results/spanish_pd_books/t1/audit.qwen25-14b-base.jsonl
1.0,Qwen/Qwen2.5-14B,top_p,0.99,0.99,0.11,99,11,100,666,1000,/home/jovyan/WCS-repo/results/spanish_pd_books/t1/audit.qwen25-14b-base.jsonl
1.0,Qwen/Qwen2.5-14B,min_p,0.01,0.98,0.03,98,3,100,572,1000,/home/jovyan/WCS-repo/results/spanish_pd_books/t1/audit.qwen25-14b-base.jsonl
1.0,Qwen/Qwen2.5-14B,min_p,0.02,0.95,0.0,95,0,100,487,1000,/home/jovyan/WCS-repo/results/spanish_pd_books/t1/audit.qwen25-14b-base.jsonl
1.0,Qwen/Qwen2.5-14B,min_p,0.03,0.95,0.0,95,0,100,438,1000,/home/jovyan/WCS-repo/results/spanish_pd_books/t1/audit.qwen25-14b-base.jsonl
1.0,Qwen/Qwen2.5-14B,min_p,0.04,0.95,0.0,95,0,100,405,1000,/home/jovyan/WCS-repo/results/spanish_pd_books/t1/audit.qwen25-14b-base.jsonl
1.0,Qwen/Qwen2.5-14B,min_p,0.05,0.93,0.0,93,0,100,377,1000,/home/jovyan/WCS-repo/results/spanish_pd_books/t1/audit.qwen25-14b-base.jsonl
1.0,Qwen/Qwen2.5-14B,min_p,0.06,0.92,0.0,92,0,100,361,1000,/home/jovyan/WCS-repo/results/spanish_pd_books/t1/audit.qwen25-14b-base.jsonl
1.0,Qwen/Qwen2.5-14B,min_p,0.07,0.92,0.0,92,0,100,338,1000,/home/jovyan/WCS-repo/results/spanish_pd_books/t1/audit.qwen25-14b-base.jsonl
1.0,Qwen/Qwen2.5-14B,min_p,0.08,0.91,0.0,91,0,100,324,1000,/home/jovyan/WCS-repo/results/spanish_pd_books/t1/audit.qwen25-14b-base.jsonl
1.0,Qwen/Qwen2.5-14B,min_p,0.09,0.9,0.0,90,0,100,306,1000,/home/jovyan/WCS-repo/results/spanish_pd_books/t1/audit.qwen25-14b-base.jsonl
1.0,Qwen/Qwen2.5-14B,min_p,0.1,0.89,0.0,89,0,100,294,1000,/home/jovyan/WCS-repo/results/spanish_pd_books/t1/audit.qwen25-14b-base.jsonl
1.5,Qwen/Qwen2.5-14B,top_k,1.0,0.54,0.0,54,0,100,105,1000,/home/jovyan/WCS-repo/results/spanish_pd_books/t1p5/audit.qwen25-14b-base.jsonl
1.5,Qwen/Qwen2.5-14B,top_k,2.0,0.63,0.0,63,0,100,161,1000,/home/jovyan/WCS-repo/results/spanish_pd_books/t1p5/audit.qwen25-14b-base.jsonl
1.5,Qwen/Qwen2.5-14B,top_k,3.0,0.66,0.0,66,0,100,195,1000,/home/jovyan/WCS-repo/results/spanish_pd_books/t1p5/audit.qwen25-14b-base.jsonl
1.5,Qwen/Qwen2.5-14B,top_k,4.0,0.73,0.0,73,0,100,221,1000,/home/jovyan/WCS-repo/results/spanish_pd_books/t1p5/audit.qwen25-14b-base.jsonl
1.5,Qwen/Qwen2.5-14B,top_k,5.0,0.78,0.0,78,0,100,244,1000,/home/jovyan/WCS-repo/results/spanish_pd_books/t1p5/audit.qwen25-14b-base.jsonl
1.5,Qwen/Qwen2.5-14B,top_k,6.0,0.84,0.0,84,0,100,272,1000,/home/jovyan/WCS-repo/results/spanish_pd_books/t1p5/audit.qwen25-14b-base.jsonl
1.5,Qwen/Qwen2.5-14B,top_k,7.0,0.87,0.0,87,0,100,291,1000,/home/jovyan/WCS-repo/results/spanish_pd_books/t1p5/audit.qwen25-14b-base.jsonl
1.5,Qwen/Qwen2.5-14B,top_k,8.0,0.88,0.0,88,0,100,308,1000,/home/jovyan/WCS-repo/results/spanish_pd_books/t1p5/audit.qwen25-14b-base.jsonl
1.5,Qwen/Qwen2.5-14B,top_k,9.0,0.9,0.0,90,0,100,320,1000,/home/jovyan/WCS-repo/results/spanish_pd_books/t1p5/audit.qwen25-14b-base.jsonl
1.5,Qwen/Qwen2.5-14B,top_k,10.0,0.92,0.0,92,0,100,333,1000,/home/jovyan/WCS-repo/results/spanish_pd_books/t1p5/audit.qwen25-14b-base.jsonl
1.5,Qwen/Qwen2.5-14B,top_k,11.0,0.93,0.0,93,0,100,345,1000,/home/jovyan/WCS-repo/results/spanish_pd_books/t1p5/audit.qwen25-14b-base.jsonl
1.5,Qwen/Qwen2.5-14B,top_k,12.0,0.93,0.0,93,0,100,357,1000,/home/jovyan/WCS-repo/results/spanish_pd_books/t1p5/audit.qwen25-14b-base.jsonl
1.5,Qwen/Qwen2.5-14B,top_k,13.0,0.93,0.0,93,0,100,367,1000,/home/jovyan/WCS-repo/results/spanish_pd_books/t1p5/audit.qwen25-14b-base.jsonl
1.5,Qwen/Qwen2.5-14B,top_k,14.0,0.93,0.0,93,0,100,375,1000,/home/jovyan/WCS-repo/results/spanish_pd_books/t1p5/audit.qwen25-14b-base.jsonl
1.5,Qwen/Qwen2.5-14B,top_k,15.0,0.93,0.0,93,0,100,386,1000,/home/jovyan/WCS-repo/results/spanish_pd_books/t1p5/audit.qwen25-14b-base.jsonl
1.5,Qwen/Qwen2.5-14B,top_k,16.0,0.94,0.0,94,0,100,399,1000,/home/jovyan/WCS-repo/results/spanish_pd_books/t1p5/audit.qwen25-14b-base.jsonl
1.5,Qwen/Qwen2.5-14B,top_k,17.0,0.94,0.0,94,0,100,406,1000,/home/jovyan/WCS-repo/results/spanish_pd_books/t1p5/audit.qwen25-14b-base.jsonl
1.5,Qwen/Qwen2.5-14B,top_k,18.0,0.94,0.0,94,0,100,418,1000,/home/jovyan/WCS-repo/results/spanish_pd_books/t1p5/audit.qwen25-14b-base.jsonl
1.5,Qwen/Qwen2.5-14B,top_k,19.0,0.94,0.0,94,0,100,428,1000,/home/jovyan/WCS-repo/results/spanish_pd_books/t1p5/audit.qwen25-14b-base.jsonl
1.5,Qwen/Qwen2.5-14B,top_k,20.0,0.94,0.0,94,0,100,435,1000,/home/jovyan/WCS-repo/results/spanish_pd_books/t1p5/audit.qwen25-14b-base.jsonl
1.5,Qwen/Qwen2.5-14B,top_p,0.5,0.62,0.01,62,1,100,169,1000,/home/jovyan/WCS-repo/results/spanish_pd_books/t1p5/audit.qwen25-14b-base.jsonl
1.5,Qwen/Qwen2.5-14B,top_p,0.55,0.74,0.01,74,1,100,224,1000,/home/jovyan/WCS-repo/results/spanish_pd_books/t1p5/audit.qwen25-14b-base.jsonl
1.5,Qwen/Qwen2.5-14B,top_p,0.6,0.79,0.01,79,1,100,275,1000,/home/jovyan/WCS-repo/results/spanish_pd_books/t1p5/audit.qwen25-14b-base.jsonl
1.5,Qwen/Qwen2.5-14B,top_p,0.65,0.86,0.01,86,1,100,349,1000,/home/jovyan/WCS-repo/results/spanish_pd_books/t1p5/audit.qwen25-14b-base.jsonl
1.5,Qwen/Qwen2.5-14B,top_p,0.7,0.9,0.03,90,3,100,427,1000,/home/jovyan/WCS-repo/results/spanish_pd_books/t1p5/audit.qwen25-14b-base.jsonl
1.5,Qwen/Qwen2.5-14B,top_p,0.75,0.95,0.06,95,6,100,524,1000,/home/jovyan/WCS-repo/results/spanish_pd_books/t1p5/audit.qwen25-14b-base.jsonl
1.5,Qwen/Qwen2.5-14B,top_p,0.8,0.98,0.09,98,9,100,617,1000,/home/jovyan/WCS-repo/results/spanish_pd_books/t1p5/audit.qwen25-14b-base.jsonl
1.5,Qwen/Qwen2.5-14B,top_p,0.85,0.99,0.25,99,25,100,727,1000,/home/jovyan/WCS-repo/results/spanish_pd_books/t1p5/audit.qwen25-14b-base.jsonl
1.5,Qwen/Qwen2.5-14B,top_p,0.9,0.99,0.46,99,46,100,832,1000,/home/jovyan/WCS-repo/results/spanish_pd_books/t1p5/audit.qwen25-14b-base.jsonl
1.5,Qwen/Qwen2.5-14B,top_p,0.95,1.0,0.75,100,75,100,944,1000,/home/jovyan/WCS-repo/results/spanish_pd_books/t1p5/audit.qwen25-14b-base.jsonl
1.5,Qwen/Qwen2.5-14B,top_p,0.99,1.0,0.99,100,99,100,999,1000,/home/jovyan/WCS-repo/results/spanish_pd_books/t1p5/audit.qwen25-14b-base.jsonl
1.5,Qwen/Qwen2.5-14B,min_p,0.01,1.0,0.33,100,33,100,824,1000,/home/jovyan/WCS-repo/results/spanish_pd_books/t1p5/audit.qwen25-14b-base.jsonl
1.5,Qwen/Qwen2.5-14B,min_p,0.02,1.0,0.14,100,14,100,733,1000,/home/jovyan/WCS-repo/results/spanish_pd_books/t1p5/audit.qwen25-14b-base.jsonl
1.5,Qwen/Qwen2.5-14B,min_p,0.03,1.0,0.06,100,6,100,669,1000,/home/jovyan/WCS-repo/results/spanish_pd_books/t1p5/audit.qwen25-14b-base.jsonl
1.5,Qwen/Qwen2.5-14B,min_p,0.04,0.99,0.03,99,3,100,606,1000,/home/jovyan/WCS-repo/results/spanish_pd_books/t1p5/audit.qwen25-14b-base.jsonl
1.5,Qwen/Qwen2.5-14B,min_p,0.05,0.98,0.01,98,1,100,555,1000,/home/jovyan/WCS-repo/results/spanish_pd_books/t1p5/audit.qwen25-14b-base.jsonl
1.5,Qwen/Qwen2.5-14B,min_p,0.06,0.97,0.01,97,1,100,521,1000,/home/jovyan/WCS-repo/results/spanish_pd_books/t1p5/audit.qwen25-14b-base.jsonl
1.5,Qwen/Qwen2.5-14B,min_p,0.07,0.95,0.01,95,1,100,492,1000,/home/jovyan/WCS-repo/results/spanish_pd_books/t1p5/audit.qwen25-14b-base.jsonl
1.5,Qwen/Qwen2.5-14B,min_p,0.08,0.95,0.0,95,0,100,468,1000,/home/jovyan/WCS-repo/results/spanish_pd_books/t1p5/audit.qwen25-14b-base.jsonl
1.5,Qwen/Qwen2.5-14B,min_p,0.09,0.95,0.0,95,0,100,444,1000,/home/jovyan/WCS-repo/results/spanish_pd_books/t1p5/audit.qwen25-14b-base.jsonl
1.5,Qwen/Qwen2.5-14B,min_p,0.1,0.95,0.0,95,0,100,431,1000,/home/jovyan/WCS-repo/results/spanish_pd_books/t1p5/audit.qwen25-14b-base.jsonl
0.7,Qwen/Qwen2.5-14B-Instruct,top_k,1.0,0.52,0.0,52,0,100,107,1000,/home/jovyan/WCS-repo/results/spanish_pd_books/t0p7/audit.qwen25-14b-instruct.jsonl
0.7,Qwen/Qwen2.5-14B-Instruct,top_k,2.0,0.62,0.0,62,0,100,163,1000,/home/jovyan/WCS-repo/results/spanish_pd_books/t0p7/audit.qwen25-14b-instruct.jsonl
0.7,Qwen/Qwen2.5-14B-Instruct,top_k,3.0,0.67,0.0,67,0,100,196,1000,/home/jovyan/WCS-repo/results/spanish_pd_books/t0p7/audit.qwen25-14b-instruct.jsonl
0.7,Qwen/Qwen2.5-14B-Instruct,top_k,4.0,0.74,0.0,74,0,100,223,1000,/home/jovyan/WCS-repo/results/spanish_pd_books/t0p7/audit.qwen25-14b-instruct.jsonl
0.7,Qwen/Qwen2.5-14B-Instruct,top_k,5.0,0.78,0.0,78,0,100,246,1000,/home/jovyan/WCS-repo/results/spanish_pd_books/t0p7/audit.qwen25-14b-instruct.jsonl
0.7,Qwen/Qwen2.5-14B-Instruct,top_k,6.0,0.83,0.0,83,0,100,271,1000,/home/jovyan/WCS-repo/results/spanish_pd_books/t0p7/audit.qwen25-14b-instruct.jsonl
0.7,Qwen/Qwen2.5-14B-Instruct,top_k,7.0,0.86,0.0,86,0,100,290,1000,/home/jovyan/WCS-repo/results/spanish_pd_books/t0p7/audit.qwen25-14b-instruct.jsonl
0.7,Qwen/Qwen2.5-14B-Instruct,top_k,8.0,0.86,0.0,86,0,100,309,1000,/home/jovyan/WCS-repo/results/spanish_pd_books/t0p7/audit.qwen25-14b-instruct.jsonl
0.7,Qwen/Qwen2.5-14B-Instruct,top_k,9.0,0.88,0.0,88,0,100,325,1000,/home/jovyan/WCS-repo/results/spanish_pd_books/t0p7/audit.qwen25-14b-instruct.jsonl
0.7,Qwen/Qwen2.5-14B-Instruct,top_k,10.0,0.89,0.0,89,0,100,339,1000,/home/jovyan/WCS-repo/results/spanish_pd_books/t0p7/audit.qwen25-14b-instruct.jsonl
0.7,Qwen/Qwen2.5-14B-Instruct,top_k,11.0,0.9,0.0,90,0,100,351,1000,/home/jovyan/WCS-repo/results/spanish_pd_books/t0p7/audit.qwen25-14b-instruct.jsonl
0.7,Qwen/Qwen2.5-14B-Instruct,top_k,12.0,0.91,0.0,91,0,100,363,1000,/home/jovyan/WCS-repo/results/spanish_pd_books/t0p7/audit.qwen25-14b-instruct.jsonl
0.7,Qwen/Qwen2.5-14B-Instruct,top_k,13.0,0.92,0.0,92,0,100,371,1000,/home/jovyan/WCS-repo/results/spanish_pd_books/t0p7/audit.qwen25-14b-instruct.jsonl
0.7,Qwen/Qwen2.5-14B-Instruct,top_k,14.0,0.92,0.0,92,0,100,381,1000,/home/jovyan/WCS-repo/results/spanish_pd_books/t0p7/audit.qwen25-14b-instruct.jsonl
0.7,Qwen/Qwen2.5-14B-Instruct,top_k,15.0,0.92,0.0,92,0,100,389,1000,/home/jovyan/WCS-repo/results/spanish_pd_books/t0p7/audit.qwen25-14b-instruct.jsonl
0.7,Qwen/Qwen2.5-14B-Instruct,top_k,16.0,0.93,0.0,93,0,100,399,1000,/home/jovyan/WCS-repo/results/spanish_pd_books/t0p7/audit.qwen25-14b-instruct.jsonl
0.7,Qwen/Qwen2.5-14B-Instruct,top_k,17.0,0.94,0.0,94,0,100,407,1000,/home/jovyan/WCS-repo/results/spanish_pd_books/t0p7/audit.qwen25-14b-instruct.jsonl
0.7,Qwen/Qwen2.5-14B-Instruct,top_k,18.0,0.94,0.0,94,0,100,416,1000,/home/jovyan/WCS-repo/results/spanish_pd_books/t0p7/audit.qwen25-14b-instruct.jsonl
0.7,Qwen/Qwen2.5-14B-Instruct,top_k,19.0,0.94,0.0,94,0,100,423,1000,/home/jovyan/WCS-repo/results/spanish_pd_books/t0p7/audit.qwen25-14b-instruct.jsonl
0.7,Qwen/Qwen2.5-14B-Instruct,top_k,20.0,0.94,0.0,94,0,100,431,1000,/home/jovyan/WCS-repo/results/spanish_pd_books/t0p7/audit.qwen25-14b-instruct.jsonl
0.7,Qwen/Qwen2.5-14B-Instruct,top_p,0.5,0.01,0.0,1,0,100,1,1000,/home/jovyan/WCS-repo/results/spanish_pd_books/t0p7/audit.qwen25-14b-instruct.jsonl
0.7,Qwen/Qwen2.5-14B-Instruct,top_p,0.55,0.01,0.0,1,0,100,1,1000,/home/jovyan/WCS-repo/results/spanish_pd_books/t0p7/audit.qwen25-14b-instruct.jsonl
0.7,Qwen/Qwen2.5-14B-Instruct,top_p,0.6,0.01,0.0,1,0,100,1,1000,/home/jovyan/WCS-repo/results/spanish_pd_books/t0p7/audit.qwen25-14b-instruct.jsonl
0.7,Qwen/Qwen2.5-14B-Instruct,top_p,0.65,0.01,0.0,1,0,100,1,1000,/home/jovyan/WCS-repo/results/spanish_pd_books/t0p7/audit.qwen25-14b-instruct.jsonl
0.7,Qwen/Qwen2.5-14B-Instruct,top_p,0.7,0.01,0.0,1,0,100,2,1000,/home/jovyan/WCS-repo/results/spanish_pd_books/t0p7/audit.qwen25-14b-instruct.jsonl
0.7,Qwen/Qwen2.5-14B-Instruct,top_p,0.75,0.04,0.0,4,0,100,5,1000,/home/jovyan/WCS-repo/results/spanish_pd_books/t0p7/audit.qwen25-14b-instruct.jsonl
0.7,Qwen/Qwen2.5-14B-Instruct,top_p,0.8,0.07,0.0,7,0,100,8,1000,/home/jovyan/WCS-repo/results/spanish_pd_books/t0p7/audit.qwen25-14b-instruct.jsonl
0.7,Qwen/Qwen2.5-14B-Instruct,top_p,0.85,0.11,0.0,11,0,100,13,1000,/home/jovyan/WCS-repo/results/spanish_pd_books/t0p7/audit.qwen25-14b-instruct.jsonl
0.7,Qwen/Qwen2.5-14B-Instruct,top_p,0.9,0.15,0.0,15,0,100,24,1000,/home/jovyan/WCS-repo/results/spanish_pd_books/t0p7/audit.qwen25-14b-instruct.jsonl
0.7,Qwen/Qwen2.5-14B-Instruct,top_p,0.95,0.32,0.0,32,0,100,56,1000,/home/jovyan/WCS-repo/results/spanish_pd_books/t0p7/audit.qwen25-14b-instruct.jsonl
0.7,Qwen/Qwen2.5-14B-Instruct,top_p,0.99,0.61,0.0,61,0,100,173,1000,/home/jovyan/WCS-repo/results/spanish_pd_books/t0p7/audit.qwen25-14b-instruct.jsonl
0.7,Qwen/Qwen2.5-14B-Instruct,min_p,0.01,0.94,0.0,94,0,100,381,1000,/home/jovyan/WCS-repo/results/spanish_pd_books/t0p7/audit.qwen25-14b-instruct.jsonl
0.7,Qwen/Qwen2.5-14B-Instruct,min_p,0.02,0.92,0.0,92,0,100,322,1000,/home/jovyan/WCS-repo/results/spanish_pd_books/t0p7/audit.qwen25-14b-instruct.jsonl
0.7,Qwen/Qwen2.5-14B-Instruct,min_p,0.03,0.91,0.0,91,0,100,295,1000,/home/jovyan/WCS-repo/results/spanish_pd_books/t0p7/audit.qwen25-14b-instruct.jsonl
0.7,Qwen/Qwen2.5-14B-Instruct,min_p,0.04,0.85,0.0,85,0,100,278,1000,/home/jovyan/WCS-repo/results/spanish_pd_books/t0p7/audit.qwen25-14b-instruct.jsonl
0.7,Qwen/Qwen2.5-14B-Instruct,min_p,0.05,0.82,0.0,82,0,100,258,1000,/home/jovyan/WCS-repo/results/spanish_pd_books/t0p7/audit.qwen25-14b-instruct.jsonl
0.7,Qwen/Qwen2.5-14B-Instruct,min_p,0.06,0.81,0.0,81,0,100,250,1000,/home/jovyan/WCS-repo/results/spanish_pd_books/t0p7/audit.qwen25-14b-instruct.jsonl
0.7,Qwen/Qwen2.5-14B-Instruct,min_p,0.07,0.8,0.0,80,0,100,236,1000,/home/jovyan/WCS-repo/results/spanish_pd_books/t0p7/audit.qwen25-14b-instruct.jsonl
0.7,Qwen/Qwen2.5-14B-Instruct,min_p,0.08,0.79,0.0,79,0,100,234,1000,/home/jovyan/WCS-repo/results/spanish_pd_books/t0p7/audit.qwen25-14b-instruct.jsonl
0.7,Qwen/Qwen2.5-14B-Instruct,min_p,0.09,0.79,0.0,79,0,100,212,1000,/home/jovyan/WCS-repo/results/spanish_pd_books/t0p7/audit.qwen25-14b-instruct.jsonl
0.7,Qwen/Qwen2.5-14B-Instruct,min_p,0.1,0.76,0.0,76,0,100,202,1000,/home/jovyan/WCS-repo/results/spanish_pd_books/t0p7/audit.qwen25-14b-instruct.jsonl
1.0,Qwen/Qwen2.5-14B-Instruct,top_k,1.0,0.52,0.0,52,0,100,107,1000,/home/jovyan/WCS-repo/results/spanish_pd_books/t1/audit.qwen25-14b-instruct.jsonl
1.0,Qwen/Qwen2.5-14B-Instruct,top_k,2.0,0.62,0.0,62,0,100,163,1000,/home/jovyan/WCS-repo/results/spanish_pd_books/t1/audit.qwen25-14b-instruct.jsonl
1.0,Qwen/Qwen2.5-14B-Instruct,top_k,3.0,0.67,0.0,67,0,100,196,1000,/home/jovyan/WCS-repo/results/spanish_pd_books/t1/audit.qwen25-14b-instruct.jsonl
1.0,Qwen/Qwen2.5-14B-Instruct,top_k,4.0,0.74,0.0,74,0,100,223,1000,/home/jovyan/WCS-repo/results/spanish_pd_books/t1/audit.qwen25-14b-instruct.jsonl
1.0,Qwen/Qwen2.5-14B-Instruct,top_k,5.0,0.78,0.0,78,0,100,246,1000,/home/jovyan/WCS-repo/results/spanish_pd_books/t1/audit.qwen25-14b-instruct.jsonl
1.0,Qwen/Qwen2.5-14B-Instruct,top_k,6.0,0.83,0.0,83,0,100,271,1000,/home/jovyan/WCS-repo/results/spanish_pd_books/t1/audit.qwen25-14b-instruct.jsonl
1.0,Qwen/Qwen2.5-14B-Instruct,top_k,7.0,0.86,0.0,86,0,100,290,1000,/home/jovyan/WCS-repo/results/spanish_pd_books/t1/audit.qwen25-14b-instruct.jsonl
1.0,Qwen/Qwen2.5-14B-Instruct,top_k,8.0,0.86,0.0,86,0,100,309,1000,/home/jovyan/WCS-repo/results/spanish_pd_books/t1/audit.qwen25-14b-instruct.jsonl
1.0,Qwen/Qwen2.5-14B-Instruct,top_k,9.0,0.88,0.0,88,0,100,325,1000,/home/jovyan/WCS-repo/results/spanish_pd_books/t1/audit.qwen25-14b-instruct.jsonl
1.0,Qwen/Qwen2.5-14B-Instruct,top_k,10.0,0.89,0.0,89,0,100,339,1000,/home/jovyan/WCS-repo/results/spanish_pd_books/t1/audit.qwen25-14b-instruct.jsonl
1.0,Qwen/Qwen2.5-14B-Instruct,top_k,11.0,0.9,0.0,90,0,100,351,1000,/home/jovyan/WCS-repo/results/spanish_pd_books/t1/audit.qwen25-14b-instruct.jsonl
1.0,Qwen/Qwen2.5-14B-Instruct,top_k,12.0,0.91,0.0,91,0,100,363,1000,/home/jovyan/WCS-repo/results/spanish_pd_books/t1/audit.qwen25-14b-instruct.jsonl
1.0,Qwen/Qwen2.5-14B-Instruct,top_k,13.0,0.92,0.0,92,0,100,371,1000,/home/jovyan/WCS-repo/results/spanish_pd_books/t1/audit.qwen25-14b-instruct.jsonl
1.0,Qwen/Qwen2.5-14B-Instruct,top_k,14.0,0.92,0.0,92,0,100,381,1000,/home/jovyan/WCS-repo/results/spanish_pd_books/t1/audit.qwen25-14b-instruct.jsonl
1.0,Qwen/Qwen2.5-14B-Instruct,top_k,15.0,0.92,0.0,92,0,100,389,1000,/home/jovyan/WCS-repo/results/spanish_pd_books/t1/audit.qwen25-14b-instruct.jsonl
1.0,Qwen/Qwen2.5-14B-Instruct,top_k,16.0,0.93,0.0,93,0,100,399,1000,/home/jovyan/WCS-repo/results/spanish_pd_books/t1/audit.qwen25-14b-instruct.jsonl
1.0,Qwen/Qwen2.5-14B-Instruct,top_k,17.0,0.94,0.0,94,0,100,407,1000,/home/jovyan/WCS-repo/results/spanish_pd_books/t1/audit.qwen25-14b-instruct.jsonl
1.0,Qwen/Qwen2.5-14B-Instruct,top_k,18.0,0.94,0.0,94,0,100,416,1000,/home/jovyan/WCS-repo/results/spanish_pd_books/t1/audit.qwen25-14b-instruct.jsonl
1.0,Qwen/Qwen2.5-14B-Instruct,top_k,19.0,0.94,0.0,94,0,100,423,1000,/home/jovyan/WCS-repo/results/spanish_pd_books/t1/audit.qwen25-14b-instruct.jsonl
1.0,Qwen/Qwen2.5-14B-Instruct,top_k,20.0,0.94,0.0,94,0,100,431,1000,/home/jovyan/WCS-repo/results/spanish_pd_books/t1/audit.qwen25-14b-instruct.jsonl
1.0,Qwen/Qwen2.5-14B-Instruct,top_p,0.5,0.02,0.0,2,0,100,3,1000,/home/jovyan/WCS-repo/results/spanish_pd_books/t1/audit.qwen25-14b-instruct.jsonl
1.0,Qwen/Qwen2.5-14B-Instruct,top_p,0.55,0.03,0.0,3,0,100,5,1000,/home/jovyan/WCS-repo/results/spanish_pd_books/t1/audit.qwen25-14b-instruct.jsonl
1.0,Qwen/Qwen2.5-14B-Instruct,top_p,0.6,0.07,0.0,7,0,100,9,1000,/home/jovyan/WCS-repo/results/spanish_pd_books/t1/audit.qwen25-14b-instruct.jsonl
1.0,Qwen/Qwen2.5-14B-Instruct,top_p,0.65,0.08,0.0,8,0,100,12,1000,/home/jovyan/WCS-repo/results/spanish_pd_books/t1/audit.qwen25-14b-instruct.jsonl
1.0,Qwen/Qwen2.5-14B-Instruct,top_p,0.7,0.15,0.0,15,0,100,21,1000,/home/jovyan/WCS-repo/results/spanish_pd_books/t1/audit.qwen25-14b-instruct.jsonl
1.0,Qwen/Qwen2.5-14B-Instruct,top_p,0.75,0.22,0.0,22,0,100,36,1000,/home/jovyan/WCS-repo/results/spanish_pd_books/t1/audit.qwen25-14b-instruct.jsonl
1.0,Qwen/Qwen2.5-14B-Instruct,top_p,0.8,0.3,0.0,30,0,100,58,1000,/home/jovyan/WCS-repo/results/spanish_pd_books/t1/audit.qwen25-14b-instruct.jsonl
1.0,Qwen/Qwen2.5-14B-Instruct,top_p,0.85,0.42,0.0,42,0,100,98,1000,/home/jovyan/WCS-repo/results/spanish_pd_books/t1/audit.qwen25-14b-instruct.jsonl
1.0,Qwen/Qwen2.5-14B-Instruct,top_p,0.9,0.57,0.0,57,0,100,150,1000,/home/jovyan/WCS-repo/results/spanish_pd_books/t1/audit.qwen25-14b-instruct.jsonl
1.0,Qwen/Qwen2.5-14B-Instruct,top_p,0.95,0.75,0.0,75,0,100,244,1000,/home/jovyan/WCS-repo/results/spanish_pd_books/t1/audit.qwen25-14b-instruct.jsonl
1.0,Qwen/Qwen2.5-14B-Instruct,top_p,0.99,0.97,0.03,97,3,100,558,1000,/home/jovyan/WCS-repo/results/spanish_pd_books/t1/audit.qwen25-14b-instruct.jsonl
1.0,Qwen/Qwen2.5-14B-Instruct,min_p,0.01,0.97,0.01,97,1,100,547,1000,/home/jovyan/WCS-repo/results/spanish_pd_books/t1/audit.qwen25-14b-instruct.jsonl
1.0,Qwen/Qwen2.5-14B-Instruct,min_p,0.02,0.95,0.0,95,0,100,465,1000,/home/jovyan/WCS-repo/results/spanish_pd_books/t1/audit.qwen25-14b-instruct.jsonl
1.0,Qwen/Qwen2.5-14B-Instruct,min_p,0.03,0.95,0.0,95,0,100,418,1000,/home/jovyan/WCS-repo/results/spanish_pd_books/t1/audit.qwen25-14b-instruct.jsonl
1.0,Qwen/Qwen2.5-14B-Instruct,min_p,0.04,0.94,0.0,94,0,100,381,1000,/home/jovyan/WCS-repo/results/spanish_pd_books/t1/audit.qwen25-14b-instruct.jsonl
1.0,Qwen/Qwen2.5-14B-Instruct,min_p,0.05,0.92,0.0,92,0,100,355,1000,/home/jovyan/WCS-repo/results/spanish_pd_books/t1/audit.qwen25-14b-instruct.jsonl
1.0,Qwen/Qwen2.5-14B-Instruct,min_p,0.06,0.92,0.0,92,0,100,338,1000,/home/jovyan/WCS-repo/results/spanish_pd_books/t1/audit.qwen25-14b-instruct.jsonl
1.0,Qwen/Qwen2.5-14B-Instruct,min_p,0.07,0.92,0.0,92,0,100,320,1000,/home/jovyan/WCS-repo/results/spanish_pd_books/t1/audit.qwen25-14b-instruct.jsonl
1.0,Qwen/Qwen2.5-14B-Instruct,min_p,0.08,0.91,0.0,91,0,100,301,1000,/home/jovyan/WCS-repo/results/spanish_pd_books/t1/audit.qwen25-14b-instruct.jsonl
1.0,Qwen/Qwen2.5-14B-Instruct,min_p,0.09,0.89,0.0,89,0,100,287,1000,/home/jovyan/WCS-repo/results/spanish_pd_books/t1/audit.qwen25-14b-instruct.jsonl
1.0,Qwen/Qwen2.5-14B-Instruct,min_p,0.1,0.85,0.0,85,0,100,278,1000,/home/jovyan/WCS-repo/results/spanish_pd_books/t1/audit.qwen25-14b-instruct.jsonl
1.5,Qwen/Qwen2.5-14B-Instruct,top_k,1.0,0.52,0.0,52,0,100,107,1000,/home/jovyan/WCS-repo/results/spanish_pd_books/t1p5/audit.qwen25-14b-instruct.jsonl
1.5,Qwen/Qwen2.5-14B-Instruct,top_k,2.0,0.62,0.0,62,0,100,163,1000,/home/jovyan/WCS-repo/results/spanish_pd_books/t1p5/audit.qwen25-14b-instruct.jsonl
1.5,Qwen/Qwen2.5-14B-Instruct,top_k,3.0,0.67,0.0,67,0,100,196,1000,/home/jovyan/WCS-repo/results/spanish_pd_books/t1p5/audit.qwen25-14b-instruct.jsonl
1.5,Qwen/Qwen2.5-14B-Instruct,top_k,4.0,0.74,0.0,74,0,100,223,1000,/home/jovyan/WCS-repo/results/spanish_pd_books/t1p5/audit.qwen25-14b-instruct.jsonl
1.5,Qwen/Qwen2.5-14B-Instruct,top_k,5.0,0.78,0.0,78,0,100,246,1000,/home/jovyan/WCS-repo/results/spanish_pd_books/t1p5/audit.qwen25-14b-instruct.jsonl
1.5,Qwen/Qwen2.5-14B-Instruct,top_k,6.0,0.83,0.0,83,0,100,271,1000,/home/jovyan/WCS-repo/results/spanish_pd_books/t1p5/audit.qwen25-14b-instruct.jsonl
1.5,Qwen/Qwen2.5-14B-Instruct,top_k,7.0,0.86,0.0,86,0,100,290,1000,/home/jovyan/WCS-repo/results/spanish_pd_books/t1p5/audit.qwen25-14b-instruct.jsonl
1.5,Qwen/Qwen2.5-14B-Instruct,top_k,8.0,0.86,0.0,86,0,100,309,1000,/home/jovyan/WCS-repo/results/spanish_pd_books/t1p5/audit.qwen25-14b-instruct.jsonl
1.5,Qwen/Qwen2.5-14B-Instruct,top_k,9.0,0.88,0.0,88,0,100,325,1000,/home/jovyan/WCS-repo/results/spanish_pd_books/t1p5/audit.qwen25-14b-instruct.jsonl
1.5,Qwen/Qwen2.5-14B-Instruct,top_k,10.0,0.89,0.0,89,0,100,339,1000,/home/jovyan/WCS-repo/results/spanish_pd_books/t1p5/audit.qwen25-14b-instruct.jsonl
1.5,Qwen/Qwen2.5-14B-Instruct,top_k,11.0,0.9,0.0,90,0,100,351,1000,/home/jovyan/WCS-repo/results/spanish_pd_books/t1p5/audit.qwen25-14b-instruct.jsonl
1.5,Qwen/Qwen2.5-14B-Instruct,top_k,12.0,0.91,0.0,91,0,100,363,1000,/home/jovyan/WCS-repo/results/spanish_pd_books/t1p5/audit.qwen25-14b-instruct.jsonl
1.5,Qwen/Qwen2.5-14B-Instruct,top_k,13.0,0.92,0.0,92,0,100,371,1000,/home/jovyan/WCS-repo/results/spanish_pd_books/t1p5/audit.qwen25-14b-instruct.jsonl
1.5,Qwen/Qwen2.5-14B-Instruct,top_k,14.0,0.92,0.0,92,0,100,381,1000,/home/jovyan/WCS-repo/results/spanish_pd_books/t1p5/audit.qwen25-14b-instruct.jsonl
1.5,Qwen/Qwen2.5-14B-Instruct,top_k,15.0,0.92,0.0,92,0,100,389,1000,/home/jovyan/WCS-repo/results/spanish_pd_books/t1p5/audit.qwen25-14b-instruct.jsonl
1.5,Qwen/Qwen2.5-14B-Instruct,top_k,16.0,0.93,0.0,93,0,100,399,1000,/home/jovyan/WCS-repo/results/spanish_pd_books/t1p5/audit.qwen25-14b-instruct.jsonl
1.5,Qwen/Qwen2.5-14B-Instruct,top_k,17.0,0.94,0.0,94,0,100,407,1000,/home/jovyan/WCS-repo/results/spanish_pd_books/t1p5/audit.qwen25-14b-instruct.jsonl
1.5,Qwen/Qwen2.5-14B-Instruct,top_k,18.0,0.94,0.0,94,0,100,416,1000,/home/jovyan/WCS-repo/results/spanish_pd_books/t1p5/audit.qwen25-14b-instruct.jsonl
1.5,Qwen/Qwen2.5-14B-Instruct,top_k,19.0,0.94,0.0,94,0,100,423,1000,/home/jovyan/WCS-repo/results/spanish_pd_books/t1p5/audit.qwen25-14b-instruct.jsonl
1.5,Qwen/Qwen2.5-14B-Instruct,top_k,20.0,0.94,0.0,94,0,100,431,1000,/home/jovyan/WCS-repo/results/spanish_pd_books/t1p5/audit.qwen25-14b-instruct.jsonl
1.5,Qwen/Qwen2.5-14B-Instruct,top_p,0.5,0.54,0.0,54,0,100,123,1000,/home/jovyan/WCS-repo/results/spanish_pd_books/t1p5/audit.qwen25-14b-instruct.jsonl
1.5,Qwen/Qwen2.5-14B-Instruct,top_p,0.55,0.61,0.01,61,1,100,158,1000,/home/jovyan/WCS-repo/results/spanish_pd_books/t1p5/audit.qwen25-14b-instruct.jsonl
1.5,Qwen/Qwen2.5-14B-Instruct,top_p,0.6,0.74,0.01,74,1,100,201,1000,/home/jovyan/WCS-repo/results/spanish_pd_books/t1p5/audit.qwen25-14b-instruct.jsonl
1.5,Qwen/Qwen2.5-14B-Instruct,top_p,0.65,0.79,0.01,79,1,100,263,1000,/home/jovyan/WCS-repo/results/spanish_pd_books/t1p5/audit.qwen25-14b-instruct.jsonl
1.5,Qwen/Qwen2.5-14B-Instruct,top_p,0.7,0.86,0.01,86,1,100,312,1000,/home/jovyan/WCS-repo/results/spanish_pd_books/t1p5/audit.qwen25-14b-instruct.jsonl
1.5,Qwen/Qwen2.5-14B-Instruct,top_p,0.75,0.91,0.02,91,2,100,383,1000,/home/jovyan/WCS-repo/results/spanish_pd_books/t1p5/audit.qwen25-14b-instruct.jsonl
1.5,Qwen/Qwen2.5-14B-Instruct,top_p,0.8,0.97,0.03,97,3,100,481,1000,/home/jovyan/WCS-repo/results/spanish_pd_books/t1p5/audit.qwen25-14b-instruct.jsonl
1.5,Qwen/Qwen2.5-14B-Instruct,top_p,0.85,0.99,0.08,99,8,100,590,1000,/home/jovyan/WCS-repo/results/spanish_pd_books/t1p5/audit.qwen25-14b-instruct.jsonl
1.5,Qwen/Qwen2.5-14B-Instruct,top_p,0.9,0.99,0.24,99,24,100,726,1000,/home/jovyan/WCS-repo/results/spanish_pd_books/t1p5/audit.qwen25-14b-instruct.jsonl
1.5,Qwen/Qwen2.5-14B-Instruct,top_p,0.95,1.0,0.52,100,52,100,871,1000,/home/jovyan/WCS-repo/results/spanish_pd_books/t1p5/audit.qwen25-14b-instruct.jsonl
1.5,Qwen/Qwen2.5-14B-Instruct,top_p,0.99,1.0,0.89,100,89,100,986,1000,/home/jovyan/WCS-repo/results/spanish_pd_books/t1p5/audit.qwen25-14b-instruct.jsonl
1.5,Qwen/Qwen2.5-14B-Instruct,min_p,0.01,1.0,0.23,100,23,100,792,1000,/home/jovyan/WCS-repo/results/spanish_pd_books/t1p5/audit.qwen25-14b-instruct.jsonl
1.5,Qwen/Qwen2.5-14B-Instruct,min_p,0.02,1.0,0.1,100,10,100,692,1000,/home/jovyan/WCS-repo/results/spanish_pd_books/t1p5/audit.qwen25-14b-instruct.jsonl
1.5,Qwen/Qwen2.5-14B-Instruct,min_p,0.03,0.99,0.04,99,4,100,628,1000,/home/jovyan/WCS-repo/results/spanish_pd_books/t1p5/audit.qwen25-14b-instruct.jsonl
1.5,Qwen/Qwen2.5-14B-Instruct,min_p,0.04,0.98,0.03,98,3,100,575,1000,/home/jovyan/WCS-repo/results/spanish_pd_books/t1p5/audit.qwen25-14b-instruct.jsonl
1.5,Qwen/Qwen2.5-14B-Instruct,min_p,0.05,0.97,0.01,97,1,100,534,1000,/home/jovyan/WCS-repo/results/spanish_pd_books/t1p5/audit.qwen25-14b-instruct.jsonl
1.5,Qwen/Qwen2.5-14B-Instruct,min_p,0.06,0.96,0.01,96,1,100,503,1000,/home/jovyan/WCS-repo/results/spanish_pd_books/t1p5/audit.qwen25-14b-instruct.jsonl
1.5,Qwen/Qwen2.5-14B-Instruct,min_p,0.07,0.95,0.0,95,0,100,471,1000,/home/jovyan/WCS-repo/results/spanish_pd_books/t1p5/audit.qwen25-14b-instruct.jsonl
1.5,Qwen/Qwen2.5-14B-Instruct,min_p,0.08,0.95,0.0,95,0,100,448,1000,/home/jovyan/WCS-repo/results/spanish_pd_books/t1p5/audit.qwen25-14b-instruct.jsonl
1.5,Qwen/Qwen2.5-14B-Instruct,min_p,0.09,0.95,0.0,95,0,100,425,1000,/home/jovyan/WCS-repo/results/spanish_pd_books/t1p5/audit.qwen25-14b-instruct.jsonl
1.5,Qwen/Qwen2.5-14B-Instruct,min_p,0.1,0.94,0.0,94,0,100,409,1000,/home/jovyan/WCS-repo/results/spanish_pd_books/t1p5/audit.qwen25-14b-instruct.jsonl
0.7,Qwen/Qwen3.5-9B,top_k,1.0,0.51,0.0,51,0,100,104,1000,/home/jovyan/WCS-repo/results/spanish_pd_books/t0p7/audit.qwen35-9b-instruct.jsonl
0.7,Qwen/Qwen3.5-9B,top_k,2.0,0.58,0.0,58,0,100,148,1000,/home/jovyan/WCS-repo/results/spanish_pd_books/t0p7/audit.qwen35-9b-instruct.jsonl
0.7,Qwen/Qwen3.5-9B,top_k,3.0,0.63,0.0,63,0,100,178,1000,/home/jovyan/WCS-repo/results/spanish_pd_books/t0p7/audit.qwen35-9b-instruct.jsonl
0.7,Qwen/Qwen3.5-9B,top_k,4.0,0.7,0.0,70,0,100,202,1000,/home/jovyan/WCS-repo/results/spanish_pd_books/t0p7/audit.qwen35-9b-instruct.jsonl
0.7,Qwen/Qwen3.5-9B,top_k,5.0,0.77,0.0,77,0,100,225,1000,/home/jovyan/WCS-repo/results/spanish_pd_books/t0p7/audit.qwen35-9b-instruct.jsonl
0.7,Qwen/Qwen3.5-9B,top_k,6.0,0.79,0.0,79,0,100,241,1000,/home/jovyan/WCS-repo/results/spanish_pd_books/t0p7/audit.qwen35-9b-instruct.jsonl
0.7,Qwen/Qwen3.5-9B,top_k,7.0,0.81,0.0,81,0,100,266,1000,/home/jovyan/WCS-repo/results/spanish_pd_books/t0p7/audit.qwen35-9b-instruct.jsonl
0.7,Qwen/Qwen3.5-9B,top_k,8.0,0.83,0.0,83,0,100,284,1000,/home/jovyan/WCS-repo/results/spanish_pd_books/t0p7/audit.qwen35-9b-instruct.jsonl
0.7,Qwen/Qwen3.5-9B,top_k,9.0,0.85,0.0,85,0,100,301,1000,/home/jovyan/WCS-repo/results/spanish_pd_books/t0p7/audit.qwen35-9b-instruct.jsonl
0.7,Qwen/Qwen3.5-9B,top_k,10.0,0.88,0.0,88,0,100,316,1000,/home/jovyan/WCS-repo/results/spanish_pd_books/t0p7/audit.qwen35-9b-instruct.jsonl
0.7,Qwen/Qwen3.5-9B,top_k,11.0,0.89,0.0,89,0,100,331,1000,/home/jovyan/WCS-repo/results/spanish_pd_books/t0p7/audit.qwen35-9b-instruct.jsonl
0.7,Qwen/Qwen3.5-9B,top_k,12.0,0.89,0.0,89,0,100,345,1000,/home/jovyan/WCS-repo/results/spanish_pd_books/t0p7/audit.qwen35-9b-instruct.jsonl
0.7,Qwen/Qwen3.5-9B,top_k,13.0,0.89,0.0,89,0,100,353,1000,/home/jovyan/WCS-repo/results/spanish_pd_books/t0p7/audit.qwen35-9b-instruct.jsonl
0.7,Qwen/Qwen3.5-9B,top_k,14.0,0.89,0.0,89,0,100,359,1000,/home/jovyan/WCS-repo/results/spanish_pd_books/t0p7/audit.qwen35-9b-instruct.jsonl
0.7,Qwen/Qwen3.5-9B,top_k,15.0,0.89,0.0,89,0,100,370,1000,/home/jovyan/WCS-repo/results/spanish_pd_books/t0p7/audit.qwen35-9b-instruct.jsonl
0.7,Qwen/Qwen3.5-9B,top_k,16.0,0.89,0.01,89,1,100,375,1000,/home/jovyan/WCS-repo/results/spanish_pd_books/t0p7/audit.qwen35-9b-instruct.jsonl
0.7,Qwen/Qwen3.5-9B,top_k,17.0,0.9,0.01,90,1,100,380,1000,/home/jovyan/WCS-repo/results/spanish_pd_books/t0p7/audit.qwen35-9b-instruct.jsonl
0.7,Qwen/Qwen3.5-9B,top_k,18.0,0.91,0.01,91,1,100,388,1000,/home/jovyan/WCS-repo/results/spanish_pd_books/t0p7/audit.qwen35-9b-instruct.jsonl
0.7,Qwen/Qwen3.5-9B,top_k,19.0,0.91,0.01,91,1,100,399,1000,/home/jovyan/WCS-repo/results/spanish_pd_books/t0p7/audit.qwen35-9b-instruct.jsonl
0.7,Qwen/Qwen3.5-9B,top_k,20.0,0.91,0.01,91,1,100,404,1000,/home/jovyan/WCS-repo/results/spanish_pd_books/t0p7/audit.qwen35-9b-instruct.jsonl
0.7,Qwen/Qwen3.5-9B,top_p,0.5,0.01,0.0,1,0,100,1,1000,/home/jovyan/WCS-repo/results/spanish_pd_books/t0p7/audit.qwen35-9b-instruct.jsonl
0.7,Qwen/Qwen3.5-9B,top_p,0.55,0.01,0.0,1,0,100,1,1000,/home/jovyan/WCS-repo/results/spanish_pd_books/t0p7/audit.qwen35-9b-instruct.jsonl
0.7,Qwen/Qwen3.5-9B,top_p,0.6,0.01,0.0,1,0,100,1,1000,/home/jovyan/WCS-repo/results/spanish_pd_books/t0p7/audit.qwen35-9b-instruct.jsonl
0.7,Qwen/Qwen3.5-9B,top_p,0.65,0.01,0.0,1,0,100,2,1000,/home/jovyan/WCS-repo/results/spanish_pd_books/t0p7/audit.qwen35-9b-instruct.jsonl
0.7,Qwen/Qwen3.5-9B,top_p,0.7,0.02,0.0,2,0,100,3,1000,/home/jovyan/WCS-repo/results/spanish_pd_books/t0p7/audit.qwen35-9b-instruct.jsonl
0.7,Qwen/Qwen3.5-9B,top_p,0.75,0.05,0.0,5,0,100,6,1000,/home/jovyan/WCS-repo/results/spanish_pd_books/t0p7/audit.qwen35-9b-instruct.jsonl
0.7,Qwen/Qwen3.5-9B,top_p,0.8,0.07,0.0,7,0,100,10,1000,/home/jovyan/WCS-repo/results/spanish_pd_books/t0p7/audit.qwen35-9b-instruct.jsonl
0.7,Qwen/Qwen3.5-9B,top_p,0.85,0.15,0.0,15,0,100,21,1000,/home/jovyan/WCS-repo/results/spanish_pd_books/t0p7/audit.qwen35-9b-instruct.jsonl
0.7,Qwen/Qwen3.5-9B,top_p,0.9,0.21,0.0,21,0,100,32,1000,/home/jovyan/WCS-repo/results/spanish_pd_books/t0p7/audit.qwen35-9b-instruct.jsonl
0.7,Qwen/Qwen3.5-9B,top_p,0.95,0.36,0.0,36,0,100,66,1000,/home/jovyan/WCS-repo/results/spanish_pd_books/t0p7/audit.qwen35-9b-instruct.jsonl
0.7,Qwen/Qwen3.5-9B,top_p,0.99,0.71,0.0,71,0,100,211,1000,/home/jovyan/WCS-repo/results/spanish_pd_books/t0p7/audit.qwen35-9b-instruct.jsonl
0.7,Qwen/Qwen3.5-9B,min_p,0.01,0.87,0.0,87,0,100,365,1000,/home/jovyan/WCS-repo/results/spanish_pd_books/t0p7/audit.qwen35-9b-instruct.jsonl
0.7,Qwen/Qwen3.5-9B,min_p,0.02,0.87,0.0,87,0,100,320,1000,/home/jovyan/WCS-repo/results/spanish_pd_books/t0p7/audit.qwen35-9b-instruct.jsonl
0.7,Qwen/Qwen3.5-9B,min_p,0.03,0.85,0.0,85,0,100,293,1000,/home/jovyan/WCS-repo/results/spanish_pd_books/t0p7/audit.qwen35-9b-instruct.jsonl
0.7,Qwen/Qwen3.5-9B,min_p,0.04,0.82,0.0,82,0,100,274,1000,/home/jovyan/WCS-repo/results/spanish_pd_books/t0p7/audit.qwen35-9b-instruct.jsonl
0.7,Qwen/Qwen3.5-9B,min_p,0.05,0.79,0.0,79,0,100,254,1000,/home/jovyan/WCS-repo/results/spanish_pd_books/t0p7/audit.qwen35-9b-instruct.jsonl
0.7,Qwen/Qwen3.5-9B,min_p,0.06,0.75,0.0,75,0,100,240,1000,/home/jovyan/WCS-repo/results/spanish_pd_books/t0p7/audit.qwen35-9b-instruct.jsonl
0.7,Qwen/Qwen3.5-9B,min_p,0.07,0.73,0.0,73,0,100,228,1000,/home/jovyan/WCS-repo/results/spanish_pd_books/t0p7/audit.qwen35-9b-instruct.jsonl
0.7,Qwen/Qwen3.5-9B,min_p,0.08,0.73,0.0,73,0,100,225,1000,/home/jovyan/WCS-repo/results/spanish_pd_books/t0p7/audit.qwen35-9b-instruct.jsonl
0.7,Qwen/Qwen3.5-9B,min_p,0.09,0.7,0.0,70,0,100,211,1000,/home/jovyan/WCS-repo/results/spanish_pd_books/t0p7/audit.qwen35-9b-instruct.jsonl
0.7,Qwen/Qwen3.5-9B,min_p,0.1,0.7,0.0,70,0,100,209,1000,/home/jovyan/WCS-repo/results/spanish_pd_books/t0p7/audit.qwen35-9b-instruct.jsonl
1.0,Qwen/Qwen3.5-9B,top_k,1.0,0.51,0.0,51,0,100,104,1000,/home/jovyan/WCS-repo/results/spanish_pd_books/t1/audit.qwen35-9b-instruct.jsonl
1.0,Qwen/Qwen3.5-9B,top_k,2.0,0.58,0.0,58,0,100,148,1000,/home/jovyan/WCS-repo/results/spanish_pd_books/t1/audit.qwen35-9b-instruct.jsonl
1.0,Qwen/Qwen3.5-9B,top_k,3.0,0.63,0.0,63,0,100,178,1000,/home/jovyan/WCS-repo/results/spanish_pd_books/t1/audit.qwen35-9b-instruct.jsonl
1.0,Qwen/Qwen3.5-9B,top_k,4.0,0.7,0.0,70,0,100,202,1000,/home/jovyan/WCS-repo/results/spanish_pd_books/t1/audit.qwen35-9b-instruct.jsonl
1.0,Qwen/Qwen3.5-9B,top_k,5.0,0.77,0.0,77,0,100,225,1000,/home/jovyan/WCS-repo/results/spanish_pd_books/t1/audit.qwen35-9b-instruct.jsonl
1.0,Qwen/Qwen3.5-9B,top_k,6.0,0.79,0.0,79,0,100,241,1000,/home/jovyan/WCS-repo/results/spanish_pd_books/t1/audit.qwen35-9b-instruct.jsonl
1.0,Qwen/Qwen3.5-9B,top_k,7.0,0.81,0.0,81,0,100,266,1000,/home/jovyan/WCS-repo/results/spanish_pd_books/t1/audit.qwen35-9b-instruct.jsonl
1.0,Qwen/Qwen3.5-9B,top_k,8.0,0.83,0.0,83,0,100,284,1000,/home/jovyan/WCS-repo/results/spanish_pd_books/t1/audit.qwen35-9b-instruct.jsonl
1.0,Qwen/Qwen3.5-9B,top_k,9.0,0.85,0.0,85,0,100,301,1000,/home/jovyan/WCS-repo/results/spanish_pd_books/t1/audit.qwen35-9b-instruct.jsonl
1.0,Qwen/Qwen3.5-9B,top_k,10.0,0.88,0.0,88,0,100,316,1000,/home/jovyan/WCS-repo/results/spanish_pd_books/t1/audit.qwen35-9b-instruct.jsonl
1.0,Qwen/Qwen3.5-9B,top_k,11.0,0.89,0.0,89,0,100,331,1000,/home/jovyan/WCS-repo/results/spanish_pd_books/t1/audit.qwen35-9b-instruct.jsonl
1.0,Qwen/Qwen3.5-9B,top_k,12.0,0.89,0.0,89,0,100,345,1000,/home/jovyan/WCS-repo/results/spanish_pd_books/t1/audit.qwen35-9b-instruct.jsonl
1.0,Qwen/Qwen3.5-9B,top_k,13.0,0.89,0.0,89,0,100,353,1000,/home/jovyan/WCS-repo/results/spanish_pd_books/t1/audit.qwen35-9b-instruct.jsonl
1.0,Qwen/Qwen3.5-9B,top_k,14.0,0.89,0.0,89,0,100,359,1000,/home/jovyan/WCS-repo/results/spanish_pd_books/t1/audit.qwen35-9b-instruct.jsonl
1.0,Qwen/Qwen3.5-9B,top_k,15.0,0.89,0.0,89,0,100,370,1000,/home/jovyan/WCS-repo/results/spanish_pd_books/t1/audit.qwen35-9b-instruct.jsonl
1.0,Qwen/Qwen3.5-9B,top_k,16.0,0.89,0.01,89,1,100,375,1000,/home/jovyan/WCS-repo/results/spanish_pd_books/t1/audit.qwen35-9b-instruct.jsonl
1.0,Qwen/Qwen3.5-9B,top_k,17.0,0.9,0.01,90,1,100,380,1000,/home/jovyan/WCS-repo/results/spanish_pd_books/t1/audit.qwen35-9b-instruct.jsonl
1.0,Qwen/Qwen3.5-9B,top_k,18.0,0.91,0.01,91,1,100,388,1000,/home/jovyan/WCS-repo/results/spanish_pd_books/t1/audit.qwen35-9b-instruct.jsonl
1.0,Qwen/Qwen3.5-9B,top_k,19.0,0.91,0.01,91,1,100,399,1000,/home/jovyan/WCS-repo/results/spanish_pd_books/t1/audit.qwen35-9b-instruct.jsonl
1.0,Qwen/Qwen3.5-9B,top_k,20.0,0.91,0.01,91,1,100,404,1000,/home/jovyan/WCS-repo/results/spanish_pd_books/t1/audit.qwen35-9b-instruct.jsonl
1.0,Qwen/Qwen3.5-9B,top_p,0.5,0.02,0.0,2,0,100,4,1000,/home/jovyan/WCS-repo/results/spanish_pd_books/t1/audit.qwen35-9b-instruct.jsonl
1.0,Qwen/Qwen3.5-9B,top_p,0.55,0.04,0.0,4,0,100,8,1000,/home/jovyan/WCS-repo/results/spanish_pd_books/t1/audit.qwen35-9b-instruct.jsonl
1.0,Qwen/Qwen3.5-9B,top_p,0.6,0.09,0.0,9,0,100,13,1000,/home/jovyan/WCS-repo/results/spanish_pd_books/t1/audit.qwen35-9b-instruct.jsonl
1.0,Qwen/Qwen3.5-9B,top_p,0.65,0.18,0.0,18,0,100,28,1000,/home/jovyan/WCS-repo/results/spanish_pd_books/t1/audit.qwen35-9b-instruct.jsonl
1.0,Qwen/Qwen3.5-9B,top_p,0.7,0.23,0.0,23,0,100,39,1000,/home/jovyan/WCS-repo/results/spanish_pd_books/t1/audit.qwen35-9b-instruct.jsonl
1.0,Qwen/Qwen3.5-9B,top_p,0.75,0.33,0.0,33,0,100,56,1000,/home/jovyan/WCS-repo/results/spanish_pd_books/t1/audit.qwen35-9b-instruct.jsonl
1.0,Qwen/Qwen3.5-9B,top_p,0.8,0.44,0.0,44,0,100,78,1000,/home/jovyan/WCS-repo/results/spanish_pd_books/t1/audit.qwen35-9b-instruct.jsonl
1.0,Qwen/Qwen3.5-9B,top_p,0.85,0.54,0.0,54,0,100,127,1000,/home/jovyan/WCS-repo/results/spanish_pd_books/t1/audit.qwen35-9b-instruct.jsonl
1.0,Qwen/Qwen3.5-9B,top_p,0.9,0.65,0.0,65,0,100,193,1000,/home/jovyan/WCS-repo/results/spanish_pd_books/t1/audit.qwen35-9b-instruct.jsonl
1.0,Qwen/Qwen3.5-9B,top_p,0.95,0.85,0.02,85,2,100,322,1000,/home/jovyan/WCS-repo/results/spanish_pd_books/t1/audit.qwen35-9b-instruct.jsonl
1.0,Qwen/Qwen3.5-9B,top_p,0.99,0.98,0.13,98,13,100,655,1000,/home/jovyan/WCS-repo/results/spanish_pd_books/t1/audit.qwen35-9b-instruct.jsonl
1.0,Qwen/Qwen3.5-9B,min_p,0.01,0.96,0.02,96,2,100,512,1000,/home/jovyan/WCS-repo/results/spanish_pd_books/t1/audit.qwen35-9b-instruct.jsonl
1.0,Qwen/Qwen3.5-9B,min_p,0.02,0.91,0.01,91,1,100,439,1000,/home/jovyan/WCS-repo/results/spanish_pd_books/t1/audit.qwen35-9b-instruct.jsonl
1.0,Qwen/Qwen3.5-9B,min_p,0.03,0.88,0.0,88,0,100,388,1000,/home/jovyan/WCS-repo/results/spanish_pd_books/t1/audit.qwen35-9b-instruct.jsonl
1.0,Qwen/Qwen3.5-9B,min_p,0.04,0.87,0.0,87,0,100,365,1000,/home/jovyan/WCS-repo/results/spanish_pd_books/t1/audit.qwen35-9b-instruct.jsonl
1.0,Qwen/Qwen3.5-9B,min_p,0.05,0.87,0.0,87,0,100,349,1000,/home/jovyan/WCS-repo/results/spanish_pd_books/t1/audit.qwen35-9b-instruct.jsonl
1.0,Qwen/Qwen3.5-9B,min_p,0.06,0.87,0.0,87,0,100,333,1000,/home/jovyan/WCS-repo/results/spanish_pd_books/t1/audit.qwen35-9b-instruct.jsonl
1.0,Qwen/Qwen3.5-9B,min_p,0.07,0.87,0.0,87,0,100,313,1000,/home/jovyan/WCS-repo/results/spanish_pd_books/t1/audit.qwen35-9b-instruct.jsonl
1.0,Qwen/Qwen3.5-9B,min_p,0.08,0.86,0.0,86,0,100,299,1000,/home/jovyan/WCS-repo/results/spanish_pd_books/t1/audit.qwen35-9b-instruct.jsonl
1.0,Qwen/Qwen3.5-9B,min_p,0.09,0.83,0.0,83,0,100,283,1000,/home/jovyan/WCS-repo/results/spanish_pd_books/t1/audit.qwen35-9b-instruct.jsonl
1.0,Qwen/Qwen3.5-9B,min_p,0.1,0.82,0.0,82,0,100,274,1000,/home/jovyan/WCS-repo/results/spanish_pd_books/t1/audit.qwen35-9b-instruct.jsonl
1.5,Qwen/Qwen3.5-9B,top_k,1.0,0.51,0.0,51,0,100,104,1000,/home/jovyan/WCS-repo/results/spanish_pd_books/t1p5/audit.qwen35-9b-instruct.jsonl
1.5,Qwen/Qwen3.5-9B,top_k,2.0,0.58,0.0,58,0,100,148,1000,/home/jovyan/WCS-repo/results/spanish_pd_books/t1p5/audit.qwen35-9b-instruct.jsonl
1.5,Qwen/Qwen3.5-9B,top_k,3.0,0.63,0.0,63,0,100,178,1000,/home/jovyan/WCS-repo/results/spanish_pd_books/t1p5/audit.qwen35-9b-instruct.jsonl
1.5,Qwen/Qwen3.5-9B,top_k,4.0,0.7,0.0,70,0,100,202,1000,/home/jovyan/WCS-repo/results/spanish_pd_books/t1p5/audit.qwen35-9b-instruct.jsonl
1.5,Qwen/Qwen3.5-9B,top_k,5.0,0.77,0.0,77,0,100,225,1000,/home/jovyan/WCS-repo/results/spanish_pd_books/t1p5/audit.qwen35-9b-instruct.jsonl
1.5,Qwen/Qwen3.5-9B,top_k,6.0,0.79,0.0,79,0,100,241,1000,/home/jovyan/WCS-repo/results/spanish_pd_books/t1p5/audit.qwen35-9b-instruct.jsonl
1.5,Qwen/Qwen3.5-9B,top_k,7.0,0.81,0.0,81,0,100,266,1000,/home/jovyan/WCS-repo/results/spanish_pd_books/t1p5/audit.qwen35-9b-instruct.jsonl
1.5,Qwen/Qwen3.5-9B,top_k,8.0,0.83,0.0,83,0,100,284,1000,/home/jovyan/WCS-repo/results/spanish_pd_books/t1p5/audit.qwen35-9b-instruct.jsonl
1.5,Qwen/Qwen3.5-9B,top_k,9.0,0.85,0.0,85,0,100,301,1000,/home/jovyan/WCS-repo/results/spanish_pd_books/t1p5/audit.qwen35-9b-instruct.jsonl
1.5,Qwen/Qwen3.5-9B,top_k,10.0,0.88,0.0,88,0,100,316,1000,/home/jovyan/WCS-repo/results/spanish_pd_books/t1p5/audit.qwen35-9b-instruct.jsonl
1.5,Qwen/Qwen3.5-9B,top_k,11.0,0.89,0.0,89,0,100,331,1000,/home/jovyan/WCS-repo/results/spanish_pd_books/t1p5/audit.qwen35-9b-instruct.jsonl
1.5,Qwen/Qwen3.5-9B,top_k,12.0,0.89,0.0,89,0,100,345,1000,/home/jovyan/WCS-repo/results/spanish_pd_books/t1p5/audit.qwen35-9b-instruct.jsonl
1.5,Qwen/Qwen3.5-9B,top_k,13.0,0.89,0.0,89,0,100,353,1000,/home/jovyan/WCS-repo/results/spanish_pd_books/t1p5/audit.qwen35-9b-instruct.jsonl
1.5,Qwen/Qwen3.5-9B,top_k,14.0,0.89,0.0,89,0,100,359,1000,/home/jovyan/WCS-repo/results/spanish_pd_books/t1p5/audit.qwen35-9b-instruct.jsonl
1.5,Qwen/Qwen3.5-9B,top_k,15.0,0.89,0.0,89,0,100,370,1000,/home/jovyan/WCS-repo/results/spanish_pd_books/t1p5/audit.qwen35-9b-instruct.jsonl
1.5,Qwen/Qwen3.5-9B,top_k,16.0,0.89,0.01,89,1,100,375,1000,/home/jovyan/WCS-repo/results/spanish_pd_books/t1p5/audit.qwen35-9b-instruct.jsonl
1.5,Qwen/Qwen3.5-9B,top_k,17.0,0.9,0.01,90,1,100,380,1000,/home/jovyan/WCS-repo/results/spanish_pd_books/t1p5/audit.qwen35-9b-instruct.jsonl
1.5,Qwen/Qwen3.5-9B,top_k,18.0,0.91,0.01,91,1,100,388,1000,/home/jovyan/WCS-repo/results/spanish_pd_books/t1p5/audit.qwen35-9b-instruct.jsonl
1.5,Qwen/Qwen3.5-9B,top_k,19.0,0.91,0.01,91,1,100,399,1000,/home/jovyan/WCS-repo/results/spanish_pd_books/t1p5/audit.qwen35-9b-instruct.jsonl
1.5,Qwen/Qwen3.5-9B,top_k,20.0,0.91,0.01,91,1,100,404,1000,/home/jovyan/WCS-repo/results/spanish_pd_books/t1p5/audit.qwen35-9b-instruct.jsonl
1.5,Qwen/Qwen3.5-9B,top_p,0.5,0.69,0.0,69,0,100,220,1000,/home/jovyan/WCS-repo/results/spanish_pd_books/t1p5/audit.qwen35-9b-instruct.jsonl
1.5,Qwen/Qwen3.5-9B,top_p,0.55,0.81,0.01,81,1,100,283,1000,/home/jovyan/WCS-repo/results/spanish_pd_books/t1p5/audit.qwen35-9b-instruct.jsonl
1.5,Qwen/Qwen3.5-9B,top_p,0.6,0.86,0.01,86,1,100,340,1000,/home/jovyan/WCS-repo/results/spanish_pd_books/t1p5/audit.qwen35-9b-instruct.jsonl
1.5,Qwen/Qwen3.5-9B,top_p,0.65,0.9,0.07,90,7,100,425,1000,/home/jovyan/WCS-repo/results/spanish_pd_books/t1p5/audit.qwen35-9b-instruct.jsonl
1.5,Qwen/Qwen3.5-9B,top_p,0.7,0.97,0.08,97,8,100,497,1000,/home/jovyan/WCS-repo/results/spanish_pd_books/t1p5/audit.qwen35-9b-instruct.jsonl
1.5,Qwen/Qwen3.5-9B,top_p,0.75,0.99,0.1,99,10,100,578,1000,/home/jovyan/WCS-repo/results/spanish_pd_books/t1p5/audit.qwen35-9b-instruct.jsonl
1.5,Qwen/Qwen3.5-9B,top_p,0.8,0.99,0.14,99,14,100,656,1000,/home/jovyan/WCS-repo/results/spanish_pd_books/t1p5/audit.qwen35-9b-instruct.jsonl
1.5,Qwen/Qwen3.5-9B,top_p,0.85,1.0,0.28,100,28,100,760,1000,/home/jovyan/WCS-repo/results/spanish_pd_books/t1p5/audit.qwen35-9b-instruct.jsonl
1.5,Qwen/Qwen3.5-9B,top_p,0.9,1.0,0.48,100,48,100,849,1000,/home/jovyan/WCS-repo/results/spanish_pd_books/t1p5/audit.qwen35-9b-instruct.jsonl
1.5,Qwen/Qwen3.5-9B,top_p,0.95,1.0,0.71,100,71,100,939,1000,/home/jovyan/WCS-repo/results/spanish_pd_books/t1p5/audit.qwen35-9b-instruct.jsonl
1.5,Qwen/Qwen3.5-9B,top_p,0.99,1.0,0.98,100,98,100,998,1000,/home/jovyan/WCS-repo/results/spanish_pd_books/t1p5/audit.qwen35-9b-instruct.jsonl
1.5,Qwen/Qwen3.5-9B,min_p,0.01,1.0,0.15,100,15,100,749,1000,/home/jovyan/WCS-repo/results/spanish_pd_books/t1p5/audit.qwen35-9b-instruct.jsonl
1.5,Qwen/Qwen3.5-9B,min_p,0.02,1.0,0.09,100,9,100,646,1000,/home/jovyan/WCS-repo/results/spanish_pd_books/t1p5/audit.qwen35-9b-instruct.jsonl
1.5,Qwen/Qwen3.5-9B,min_p,0.03,0.97,0.06,97,6,100,581,1000,/home/jovyan/WCS-repo/results/spanish_pd_books/t1p5/audit.qwen35-9b-instruct.jsonl
1.5,Qwen/Qwen3.5-9B,min_p,0.04,0.97,0.05,97,5,100,544,1000,/home/jovyan/WCS-repo/results/spanish_pd_books/t1p5/audit.qwen35-9b-instruct.jsonl
1.5,Qwen/Qwen3.5-9B,min_p,0.05,0.94,0.02,94,2,100,501,1000,/home/jovyan/WCS-repo/results/spanish_pd_books/t1p5/audit.qwen35-9b-instruct.jsonl
1.5,Qwen/Qwen3.5-9B,min_p,0.06,0.93,0.02,93,2,100,472,1000,/home/jovyan/WCS-repo/results/spanish_pd_books/t1p5/audit.qwen35-9b-instruct.jsonl
1.5,Qwen/Qwen3.5-9B,min_p,0.07,0.92,0.01,92,1,100,448,1000,/home/jovyan/WCS-repo/results/spanish_pd_books/t1p5/audit.qwen35-9b-instruct.jsonl
1.5,Qwen/Qwen3.5-9B,min_p,0.08,0.9,0.01,90,1,100,416,1000,/home/jovyan/WCS-repo/results/spanish_pd_books/t1p5/audit.qwen35-9b-instruct.jsonl
1.5,Qwen/Qwen3.5-9B,min_p,0.09,0.88,0.0,88,0,100,392,1000,/home/jovyan/WCS-repo/results/spanish_pd_books/t1p5/audit.qwen35-9b-instruct.jsonl
1.5,Qwen/Qwen3.5-9B,min_p,0.1,0.88,0.0,88,0,100,386,1000,/home/jovyan/WCS-repo/results/spanish_pd_books/t1p5/audit.qwen35-9b-instruct.jsonl
0.7,Qwen/Qwen3.5-9B-Base,top_k,1.0,0.5,0.0,50,0,100,103,1000,/home/jovyan/WCS-repo/results/spanish_pd_books/t0p7/audit.qwen35-9b-base.jsonl
0.7,Qwen/Qwen3.5-9B-Base,top_k,2.0,0.63,0.0,63,0,100,154,1000,/home/jovyan/WCS-repo/results/spanish_pd_books/t0p7/audit.qwen35-9b-base.jsonl
0.7,Qwen/Qwen3.5-9B-Base,top_k,3.0,0.69,0.0,69,0,100,180,1000,/home/jovyan/WCS-repo/results/spanish_pd_books/t0p7/audit.qwen35-9b-base.jsonl
0.7,Qwen/Qwen3.5-9B-Base,top_k,4.0,0.73,0.0,73,0,100,209,1000,/home/jovyan/WCS-repo/results/spanish_pd_books/t0p7/audit.qwen35-9b-base.jsonl
0.7,Qwen/Qwen3.5-9B-Base,top_k,5.0,0.77,0.0,77,0,100,229,1000,/home/jovyan/WCS-repo/results/spanish_pd_books/t0p7/audit.qwen35-9b-base.jsonl
0.7,Qwen/Qwen3.5-9B-Base,top_k,6.0,0.83,0.0,83,0,100,256,1000,/home/jovyan/WCS-repo/results/spanish_pd_books/t0p7/audit.qwen35-9b-base.jsonl
0.7,Qwen/Qwen3.5-9B-Base,top_k,7.0,0.86,0.0,86,0,100,279,1000,/home/jovyan/WCS-repo/results/spanish_pd_books/t0p7/audit.qwen35-9b-base.jsonl
0.7,Qwen/Qwen3.5-9B-Base,top_k,8.0,0.88,0.0,88,0,100,297,1000,/home/jovyan/WCS-repo/results/spanish_pd_books/t0p7/audit.qwen35-9b-base.jsonl
0.7,Qwen/Qwen3.5-9B-Base,top_k,9.0,0.88,0.0,88,0,100,313,1000,/home/jovyan/WCS-repo/results/spanish_pd_books/t0p7/audit.qwen35-9b-base.jsonl
0.7,Qwen/Qwen3.5-9B-Base,top_k,10.0,0.88,0.0,88,0,100,324,1000,/home/jovyan/WCS-repo/results/spanish_pd_books/t0p7/audit.qwen35-9b-base.jsonl
0.7,Qwen/Qwen3.5-9B-Base,top_k,11.0,0.9,0.0,90,0,100,343,1000,/home/jovyan/WCS-repo/results/spanish_pd_books/t0p7/audit.qwen35-9b-base.jsonl
0.7,Qwen/Qwen3.5-9B-Base,top_k,12.0,0.9,0.0,90,0,100,353,1000,/home/jovyan/WCS-repo/results/spanish_pd_books/t0p7/audit.qwen35-9b-base.jsonl
0.7,Qwen/Qwen3.5-9B-Base,top_k,13.0,0.9,0.0,90,0,100,364,1000,/home/jovyan/WCS-repo/results/spanish_pd_books/t0p7/audit.qwen35-9b-base.jsonl
0.7,Qwen/Qwen3.5-9B-Base,top_k,14.0,0.91,0.0,91,0,100,373,1000,/home/jovyan/WCS-repo/results/spanish_pd_books/t0p7/audit.qwen35-9b-base.jsonl
0.7,Qwen/Qwen3.5-9B-Base,top_k,15.0,0.91,0.0,91,0,100,382,1000,/home/jovyan/WCS-repo/results/spanish_pd_books/t0p7/audit.qwen35-9b-base.jsonl
0.7,Qwen/Qwen3.5-9B-Base,top_k,16.0,0.92,0.0,92,0,100,396,1000,/home/jovyan/WCS-repo/results/spanish_pd_books/t0p7/audit.qwen35-9b-base.jsonl
0.7,Qwen/Qwen3.5-9B-Base,top_k,17.0,0.92,0.0,92,0,100,404,1000,/home/jovyan/WCS-repo/results/spanish_pd_books/t0p7/audit.qwen35-9b-base.jsonl
0.7,Qwen/Qwen3.5-9B-Base,top_k,18.0,0.92,0.0,92,0,100,412,1000,/home/jovyan/WCS-repo/results/spanish_pd_books/t0p7/audit.qwen35-9b-base.jsonl
0.7,Qwen/Qwen3.5-9B-Base,top_k,19.0,0.92,0.0,92,0,100,419,1000,/home/jovyan/WCS-repo/results/spanish_pd_books/t0p7/audit.qwen35-9b-base.jsonl
0.7,Qwen/Qwen3.5-9B-Base,top_k,20.0,0.92,0.0,92,0,100,423,1000,/home/jovyan/WCS-repo/results/spanish_pd_books/t0p7/audit.qwen35-9b-base.jsonl
0.7,Qwen/Qwen3.5-9B-Base,top_p,0.5,0.01,0.0,1,0,100,1,1000,/home/jovyan/WCS-repo/results/spanish_pd_books/t0p7/audit.qwen35-9b-base.jsonl
0.7,Qwen/Qwen3.5-9B-Base,top_p,0.55,0.01,0.0,1,0,100,1,1000,/home/jovyan/WCS-repo/results/spanish_pd_books/t0p7/audit.qwen35-9b-base.jsonl
0.7,Qwen/Qwen3.5-9B-Base,top_p,0.6,0.01,0.0,1,0,100,3,1000,/home/jovyan/WCS-repo/results/spanish_pd_books/t0p7/audit.qwen35-9b-base.jsonl
0.7,Qwen/Qwen3.5-9B-Base,top_p,0.65,0.01,0.0,1,0,100,3,1000,/home/jovyan/WCS-repo/results/spanish_pd_books/t0p7/audit.qwen35-9b-base.jsonl
0.7,Qwen/Qwen3.5-9B-Base,top_p,0.7,0.05,0.0,5,0,100,8,1000,/home/jovyan/WCS-repo/results/spanish_pd_books/t0p7/audit.qwen35-9b-base.jsonl
0.7,Qwen/Qwen3.5-9B-Base,top_p,0.75,0.07,0.0,7,0,100,10,1000,/home/jovyan/WCS-repo/results/spanish_pd_books/t0p7/audit.qwen35-9b-base.jsonl
0.7,Qwen/Qwen3.5-9B-Base,top_p,0.8,0.11,0.0,11,0,100,17,1000,/home/jovyan/WCS-repo/results/spanish_pd_books/t0p7/audit.qwen35-9b-base.jsonl
0.7,Qwen/Qwen3.5-9B-Base,top_p,0.85,0.18,0.0,18,0,100,24,1000,/home/jovyan/WCS-repo/results/spanish_pd_books/t0p7/audit.qwen35-9b-base.jsonl
0.7,Qwen/Qwen3.5-9B-Base,top_p,0.9,0.27,0.0,27,0,100,44,1000,/home/jovyan/WCS-repo/results/spanish_pd_books/t0p7/audit.qwen35-9b-base.jsonl
0.7,Qwen/Qwen3.5-9B-Base,top_p,0.95,0.39,0.0,39,0,100,73,1000,/home/jovyan/WCS-repo/results/spanish_pd_books/t0p7/audit.qwen35-9b-base.jsonl
0.7,Qwen/Qwen3.5-9B-Base,top_p,0.99,0.79,0.0,79,0,100,236,1000,/home/jovyan/WCS-repo/results/spanish_pd_books/t0p7/audit.qwen35-9b-base.jsonl
0.7,Qwen/Qwen3.5-9B-Base,min_p,0.01,0.9,0.0,90,0,100,392,1000,/home/jovyan/WCS-repo/results/spanish_pd_books/t0p7/audit.qwen35-9b-base.jsonl
0.7,Qwen/Qwen3.5-9B-Base,min_p,0.02,0.89,0.0,89,0,100,338,1000,/home/jovyan/WCS-repo/results/spanish_pd_books/t0p7/audit.qwen35-9b-base.jsonl
0.7,Qwen/Qwen3.5-9B-Base,min_p,0.03,0.87,0.0,87,0,100,312,1000,/home/jovyan/WCS-repo/results/spanish_pd_books/t0p7/audit.qwen35-9b-base.jsonl
0.7,Qwen/Qwen3.5-9B-Base,min_p,0.04,0.83,0.0,83,0,100,290,1000,/home/jovyan/WCS-repo/results/spanish_pd_books/t0p7/audit.qwen35-9b-base.jsonl
0.7,Qwen/Qwen3.5-9B-Base,min_p,0.05,0.78,0.0,78,0,100,267,1000,/home/jovyan/WCS-repo/results/spanish_pd_books/t0p7/audit.qwen35-9b-base.jsonl
0.7,Qwen/Qwen3.5-9B-Base,min_p,0.06,0.78,0.0,78,0,100,250,1000,/home/jovyan/WCS-repo/results/spanish_pd_books/t0p7/audit.qwen35-9b-base.jsonl
0.7,Qwen/Qwen3.5-9B-Base,min_p,0.07,0.73,0.0,73,0,100,234,1000,/home/jovyan/WCS-repo/results/spanish_pd_books/t0p7/audit.qwen35-9b-base.jsonl
0.7,Qwen/Qwen3.5-9B-Base,min_p,0.08,0.73,0.0,73,0,100,227,1000,/home/jovyan/WCS-repo/results/spanish_pd_books/t0p7/audit.qwen35-9b-base.jsonl
0.7,Qwen/Qwen3.5-9B-Base,min_p,0.09,0.73,0.0,73,0,100,219,1000,/home/jovyan/WCS-repo/results/spanish_pd_books/t0p7/audit.qwen35-9b-base.jsonl
0.7,Qwen/Qwen3.5-9B-Base,min_p,0.1,0.73,0.0,73,0,100,215,1000,/home/jovyan/WCS-repo/results/spanish_pd_books/t0p7/audit.qwen35-9b-base.jsonl
1.0,Qwen/Qwen3.5-9B-Base,top_k,1.0,0.5,0.0,50,0,100,103,1000,/home/jovyan/WCS-repo/results/spanish_pd_books/t1/audit.qwen35-9b-base.jsonl
1.0,Qwen/Qwen3.5-9B-Base,top_k,2.0,0.63,0.0,63,0,100,154,1000,/home/jovyan/WCS-repo/results/spanish_pd_books/t1/audit.qwen35-9b-base.jsonl
1.0,Qwen/Qwen3.5-9B-Base,top_k,3.0,0.69,0.0,69,0,100,180,1000,/home/jovyan/WCS-repo/results/spanish_pd_books/t1/audit.qwen35-9b-base.jsonl
1.0,Qwen/Qwen3.5-9B-Base,top_k,4.0,0.73,0.0,73,0,100,209,1000,/home/jovyan/WCS-repo/results/spanish_pd_books/t1/audit.qwen35-9b-base.jsonl
1.0,Qwen/Qwen3.5-9B-Base,top_k,5.0,0.77,0.0,77,0,100,229,1000,/home/jovyan/WCS-repo/results/spanish_pd_books/t1/audit.qwen35-9b-base.jsonl
1.0,Qwen/Qwen3.5-9B-Base,top_k,6.0,0.83,0.0,83,0,100,256,1000,/home/jovyan/WCS-repo/results/spanish_pd_books/t1/audit.qwen35-9b-base.jsonl
1.0,Qwen/Qwen3.5-9B-Base,top_k,7.0,0.86,0.0,86,0,100,279,1000,/home/jovyan/WCS-repo/results/spanish_pd_books/t1/audit.qwen35-9b-base.jsonl
1.0,Qwen/Qwen3.5-9B-Base,top_k,8.0,0.88,0.0,88,0,100,297,1000,/home/jovyan/WCS-repo/results/spanish_pd_books/t1/audit.qwen35-9b-base.jsonl
1.0,Qwen/Qwen3.5-9B-Base,top_k,9.0,0.88,0.0,88,0,100,313,1000,/home/jovyan/WCS-repo/results/spanish_pd_books/t1/audit.qwen35-9b-base.jsonl
1.0,Qwen/Qwen3.5-9B-Base,top_k,10.0,0.88,0.0,88,0,100,324,1000,/home/jovyan/WCS-repo/results/spanish_pd_books/t1/audit.qwen35-9b-base.jsonl
1.0,Qwen/Qwen3.5-9B-Base,top_k,11.0,0.9,0.0,90,0,100,343,1000,/home/jovyan/WCS-repo/results/spanish_pd_books/t1/audit.qwen35-9b-base.jsonl
1.0,Qwen/Qwen3.5-9B-Base,top_k,12.0,0.9,0.0,90,0,100,353,1000,/home/jovyan/WCS-repo/results/spanish_pd_books/t1/audit.qwen35-9b-base.jsonl
1.0,Qwen/Qwen3.5-9B-Base,top_k,13.0,0.9,0.0,90,0,100,364,1000,/home/jovyan/WCS-repo/results/spanish_pd_books/t1/audit.qwen35-9b-base.jsonl
1.0,Qwen/Qwen3.5-9B-Base,top_k,14.0,0.91,0.0,91,0,100,373,1000,/home/jovyan/WCS-repo/results/spanish_pd_books/t1/audit.qwen35-9b-base.jsonl
1.0,Qwen/Qwen3.5-9B-Base,top_k,15.0,0.91,0.0,91,0,100,382,1000,/home/jovyan/WCS-repo/results/spanish_pd_books/t1/audit.qwen35-9b-base.jsonl
1.0,Qwen/Qwen3.5-9B-Base,top_k,16.0,0.92,0.0,92,0,100,396,1000,/home/jovyan/WCS-repo/results/spanish_pd_books/t1/audit.qwen35-9b-base.jsonl
1.0,Qwen/Qwen3.5-9B-Base,top_k,17.0,0.92,0.0,92,0,100,404,1000,/home/jovyan/WCS-repo/results/spanish_pd_books/t1/audit.qwen35-9b-base.jsonl
1.0,Qwen/Qwen3.5-9B-Base,top_k,18.0,0.92,0.0,92,0,100,412,1000,/home/jovyan/WCS-repo/results/spanish_pd_books/t1/audit.qwen35-9b-base.jsonl
1.0,Qwen/Qwen3.5-9B-Base,top_k,19.0,0.92,0.0,92,0,100,419,1000,/home/jovyan/WCS-repo/results/spanish_pd_books/t1/audit.qwen35-9b-base.jsonl
1.0,Qwen/Qwen3.5-9B-Base,top_k,20.0,0.92,0.0,92,0,100,423,1000,/home/jovyan/WCS-repo/results/spanish_pd_books/t1/audit.qwen35-9b-base.jsonl
1.0,Qwen/Qwen3.5-9B-Base,top_p,0.5,0.05,0.0,5,0,100,8,1000,/home/jovyan/WCS-repo/results/spanish_pd_books/t1/audit.qwen35-9b-base.jsonl
1.0,Qwen/Qwen3.5-9B-Base,top_p,0.55,0.07,0.0,7,0,100,11,1000,/home/jovyan/WCS-repo/results/spanish_pd_books/t1/audit.qwen35-9b-base.jsonl
1.0,Qwen/Qwen3.5-9B-Base,top_p,0.6,0.16,0.0,16,0,100,24,1000,/home/jovyan/WCS-repo/results/spanish_pd_books/t1/audit.qwen35-9b-base.jsonl
1.0,Qwen/Qwen3.5-9B-Base,top_p,0.65,0.22,0.0,22,0,100,33,1000,/home/jovyan/WCS-repo/results/spanish_pd_books/t1/audit.qwen35-9b-base.jsonl
1.0,Qwen/Qwen3.5-9B-Base,top_p,0.7,0.27,0.0,27,0,100,44,1000,/home/jovyan/WCS-repo/results/spanish_pd_books/t1/audit.qwen35-9b-base.jsonl
1.0,Qwen/Qwen3.5-9B-Base,top_p,0.75,0.37,0.0,37,0,100,62,1000,/home/jovyan/WCS-repo/results/spanish_pd_books/t1/audit.qwen35-9b-base.jsonl
1.0,Qwen/Qwen3.5-9B-Base,top_p,0.8,0.44,0.0,44,0,100,90,1000,/home/jovyan/WCS-repo/results/spanish_pd_books/t1/audit.qwen35-9b-base.jsonl
1.0,Qwen/Qwen3.5-9B-Base,top_p,0.85,0.53,0.0,53,0,100,134,1000,/home/jovyan/WCS-repo/results/spanish_pd_books/t1/audit.qwen35-9b-base.jsonl
1.0,Qwen/Qwen3.5-9B-Base,top_p,0.9,0.69,0.0,69,0,100,211,1000,/home/jovyan/WCS-repo/results/spanish_pd_books/t1/audit.qwen35-9b-base.jsonl
1.0,Qwen/Qwen3.5-9B-Base,top_p,0.95,0.88,0.01,88,1,100,347,1000,/home/jovyan/WCS-repo/results/spanish_pd_books/t1/audit.qwen35-9b-base.jsonl
1.0,Qwen/Qwen3.5-9B-Base,top_p,0.99,1.0,0.18,100,18,100,673,1000,/home/jovyan/WCS-repo/results/spanish_pd_books/t1/audit.qwen35-9b-base.jsonl
1.0,Qwen/Qwen3.5-9B-Base,min_p,0.01,0.96,0.05,96,5,100,538,1000,/home/jovyan/WCS-repo/results/spanish_pd_books/t1/audit.qwen35-9b-base.jsonl
1.0,Qwen/Qwen3.5-9B-Base,min_p,0.02,0.96,0.02,96,2,100,468,1000,/home/jovyan/WCS-repo/results/spanish_pd_books/t1/audit.qwen35-9b-base.jsonl
1.0,Qwen/Qwen3.5-9B-Base,min_p,0.03,0.95,0.01,95,1,100,429,1000,/home/jovyan/WCS-repo/results/spanish_pd_books/t1/audit.qwen35-9b-base.jsonl
1.0,Qwen/Qwen3.5-9B-Base,min_p,0.04,0.9,0.0,90,0,100,392,1000,/home/jovyan/WCS-repo/results/spanish_pd_books/t1/audit.qwen35-9b-base.jsonl
1.0,Qwen/Qwen3.5-9B-Base,min_p,0.05,0.89,0.0,89,0,100,364,1000,/home/jovyan/WCS-repo/results/spanish_pd_books/t1/audit.qwen35-9b-base.jsonl
1.0,Qwen/Qwen3.5-9B-Base,min_p,0.06,0.89,0.0,89,0,100,350,1000,/home/jovyan/WCS-repo/results/spanish_pd_books/t1/audit.qwen35-9b-base.jsonl
1.0,Qwen/Qwen3.5-9B-Base,min_p,0.07,0.88,0.0,88,0,100,329,1000,/home/jovyan/WCS-repo/results/spanish_pd_books/t1/audit.qwen35-9b-base.jsonl
1.0,Qwen/Qwen3.5-9B-Base,min_p,0.08,0.87,0.0,87,0,100,321,1000,/home/jovyan/WCS-repo/results/spanish_pd_books/t1/audit.qwen35-9b-base.jsonl
1.0,Qwen/Qwen3.5-9B-Base,min_p,0.09,0.86,0.0,86,0,100,304,1000,/home/jovyan/WCS-repo/results/spanish_pd_books/t1/audit.qwen35-9b-base.jsonl
1.0,Qwen/Qwen3.5-9B-Base,min_p,0.1,0.83,0.0,83,0,100,290,1000,/home/jovyan/WCS-repo/results/spanish_pd_books/t1/audit.qwen35-9b-base.jsonl
1.5,Qwen/Qwen3.5-9B-Base,top_k,1.0,0.5,0.0,50,0,100,103,1000,/home/jovyan/WCS-repo/results/spanish_pd_books/t1p5/audit.qwen35-9b-base.jsonl
1.5,Qwen/Qwen3.5-9B-Base,top_k,2.0,0.63,0.0,63,0,100,154,1000,/home/jovyan/WCS-repo/results/spanish_pd_books/t1p5/audit.qwen35-9b-base.jsonl
1.5,Qwen/Qwen3.5-9B-Base,top_k,3.0,0.69,0.0,69,0,100,180,1000,/home/jovyan/WCS-repo/results/spanish_pd_books/t1p5/audit.qwen35-9b-base.jsonl
1.5,Qwen/Qwen3.5-9B-Base,top_k,4.0,0.73,0.0,73,0,100,209,1000,/home/jovyan/WCS-repo/results/spanish_pd_books/t1p5/audit.qwen35-9b-base.jsonl
1.5,Qwen/Qwen3.5-9B-Base,top_k,5.0,0.77,0.0,77,0,100,229,1000,/home/jovyan/WCS-repo/results/spanish_pd_books/t1p5/audit.qwen35-9b-base.jsonl
1.5,Qwen/Qwen3.5-9B-Base,top_k,6.0,0.83,0.0,83,0,100,256,1000,/home/jovyan/WCS-repo/results/spanish_pd_books/t1p5/audit.qwen35-9b-base.jsonl
1.5,Qwen/Qwen3.5-9B-Base,top_k,7.0,0.86,0.0,86,0,100,279,1000,/home/jovyan/WCS-repo/results/spanish_pd_books/t1p5/audit.qwen35-9b-base.jsonl
1.5,Qwen/Qwen3.5-9B-Base,top_k,8.0,0.88,0.0,88,0,100,297,1000,/home/jovyan/WCS-repo/results/spanish_pd_books/t1p5/audit.qwen35-9b-base.jsonl
1.5,Qwen/Qwen3.5-9B-Base,top_k,9.0,0.88,0.0,88,0,100,313,1000,/home/jovyan/WCS-repo/results/spanish_pd_books/t1p5/audit.qwen35-9b-base.jsonl
1.5,Qwen/Qwen3.5-9B-Base,top_k,10.0,0.88,0.0,88,0,100,324,1000,/home/jovyan/WCS-repo/results/spanish_pd_books/t1p5/audit.qwen35-9b-base.jsonl
1.5,Qwen/Qwen3.5-9B-Base,top_k,11.0,0.9,0.0,90,0,100,343,1000,/home/jovyan/WCS-repo/results/spanish_pd_books/t1p5/audit.qwen35-9b-base.jsonl
1.5,Qwen/Qwen3.5-9B-Base,top_k,12.0,0.9,0.0,90,0,100,353,1000,/home/jovyan/WCS-repo/results/spanish_pd_books/t1p5/audit.qwen35-9b-base.jsonl
1.5,Qwen/Qwen3.5-9B-Base,top_k,13.0,0.9,0.0,90,0,100,364,1000,/home/jovyan/WCS-repo/results/spanish_pd_books/t1p5/audit.qwen35-9b-base.jsonl
1.5,Qwen/Qwen3.5-9B-Base,top_k,14.0,0.91,0.0,91,0,100,373,1000,/home/jovyan/WCS-repo/results/spanish_pd_books/t1p5/audit.qwen35-9b-base.jsonl
1.5,Qwen/Qwen3.5-9B-Base,top_k,15.0,0.91,0.0,91,0,100,382,1000,/home/jovyan/WCS-repo/results/spanish_pd_books/t1p5/audit.qwen35-9b-base.jsonl
1.5,Qwen/Qwen3.5-9B-Base,top_k,16.0,0.92,0.0,92,0,100,396,1000,/home/jovyan/WCS-repo/results/spanish_pd_books/t1p5/audit.qwen35-9b-base.jsonl
1.5,Qwen/Qwen3.5-9B-Base,top_k,17.0,0.92,0.0,92,0,100,404,1000,/home/jovyan/WCS-repo/results/spanish_pd_books/t1p5/audit.qwen35-9b-base.jsonl
1.5,Qwen/Qwen3.5-9B-Base,top_k,18.0,0.92,0.0,92,0,100,412,1000,/home/jovyan/WCS-repo/results/spanish_pd_books/t1p5/audit.qwen35-9b-base.jsonl
1.5,Qwen/Qwen3.5-9B-Base,top_k,19.0,0.92,0.0,92,0,100,419,1000,/home/jovyan/WCS-repo/results/spanish_pd_books/t1p5/audit.qwen35-9b-base.jsonl
1.5,Qwen/Qwen3.5-9B-Base,top_k,20.0,0.92,0.0,92,0,100,423,1000,/home/jovyan/WCS-repo/results/spanish_pd_books/t1p5/audit.qwen35-9b-base.jsonl
1.5,Qwen/Qwen3.5-9B-Base,top_p,0.5,0.69,0.0,69,0,100,215,1000,/home/jovyan/WCS-repo/results/spanish_pd_books/t1p5/audit.qwen35-9b-base.jsonl
1.5,Qwen/Qwen3.5-9B-Base,top_p,0.55,0.74,0.01,74,1,100,272,1000,/home/jovyan/WCS-repo/results/spanish_pd_books/t1p5/audit.qwen35-9b-base.jsonl
1.5,Qwen/Qwen3.5-9B-Base,top_p,0.6,0.87,0.01,87,1,100,353,1000,/home/jovyan/WCS-repo/results/spanish_pd_books/t1p5/audit.qwen35-9b-base.jsonl
1.5,Qwen/Qwen3.5-9B-Base,top_p,0.65,0.89,0.04,89,4,100,422,1000,/home/jovyan/WCS-repo/results/spanish_pd_books/t1p5/audit.qwen35-9b-base.jsonl
1.5,Qwen/Qwen3.5-9B-Base,top_p,0.7,0.95,0.06,95,6,100,501,1000,/home/jovyan/WCS-repo/results/spanish_pd_books/t1p5/audit.qwen35-9b-base.jsonl
1.5,Qwen/Qwen3.5-9B-Base,top_p,0.75,0.99,0.1,99,10,100,580,1000,/home/jovyan/WCS-repo/results/spanish_pd_books/t1p5/audit.qwen35-9b-base.jsonl
1.5,Qwen/Qwen3.5-9B-Base,top_p,0.8,1.0,0.15,100,15,100,669,1000,/home/jovyan/WCS-repo/results/spanish_pd_books/t1p5/audit.qwen35-9b-base.jsonl
1.5,Qwen/Qwen3.5-9B-Base,top_p,0.85,1.0,0.33,100,33,100,771,1000,/home/jovyan/WCS-repo/results/spanish_pd_books/t1p5/audit.qwen35-9b-base.jsonl
1.5,Qwen/Qwen3.5-9B-Base,top_p,0.9,1.0,0.53,100,53,100,860,1000,/home/jovyan/WCS-repo/results/spanish_pd_books/t1p5/audit.qwen35-9b-base.jsonl
1.5,Qwen/Qwen3.5-9B-Base,top_p,0.95,1.0,0.73,100,73,100,948,1000,/home/jovyan/WCS-repo/results/spanish_pd_books/t1p5/audit.qwen35-9b-base.jsonl
1.5,Qwen/Qwen3.5-9B-Base,top_p,0.99,1.0,0.99,100,99,100,999,1000,/home/jovyan/WCS-repo/results/spanish_pd_books/t1p5/audit.qwen35-9b-base.jsonl
1.5,Qwen/Qwen3.5-9B-Base,min_p,0.01,1.0,0.21,100,21,100,790,1000,/home/jovyan/WCS-repo/results/spanish_pd_books/t1p5/audit.qwen35-9b-base.jsonl
1.5,Qwen/Qwen3.5-9B-Base,min_p,0.02,1.0,0.08,100,8,100,677,1000,/home/jovyan/WCS-repo/results/spanish_pd_books/t1p5/audit.qwen35-9b-base.jsonl
1.5,Qwen/Qwen3.5-9B-Base,min_p,0.03,0.98,0.07,98,7,100,608,1000,/home/jovyan/WCS-repo/results/spanish_pd_books/t1p5/audit.qwen35-9b-base.jsonl
1.5,Qwen/Qwen3.5-9B-Base,min_p,0.04,0.96,0.05,96,5,100,566,1000,/home/jovyan/WCS-repo/results/spanish_pd_books/t1p5/audit.qwen35-9b-base.jsonl
1.5,Qwen/Qwen3.5-9B-Base,min_p,0.05,0.96,0.04,96,4,100,522,1000,/home/jovyan/WCS-repo/results/spanish_pd_books/t1p5/audit.qwen35-9b-base.jsonl
1.5,Qwen/Qwen3.5-9B-Base,min_p,0.06,0.96,0.03,96,3,100,497,1000,/home/jovyan/WCS-repo/results/spanish_pd_books/t1p5/audit.qwen35-9b-base.jsonl
1.5,Qwen/Qwen3.5-9B-Base,min_p,0.07,0.96,0.02,96,2,100,475,1000,/home/jovyan/WCS-repo/results/spanish_pd_books/t1p5/audit.qwen35-9b-base.jsonl
1.5,Qwen/Qwen3.5-9B-Base,min_p,0.08,0.95,0.02,95,2,100,455,1000,/home/jovyan/WCS-repo/results/spanish_pd_books/t1p5/audit.qwen35-9b-base.jsonl
1.5,Qwen/Qwen3.5-9B-Base,min_p,0.09,0.95,0.02,95,2,100,436,1000,/home/jovyan/WCS-repo/results/spanish_pd_books/t1p5/audit.qwen35-9b-base.jsonl
1.5,Qwen/Qwen3.5-9B-Base,min_p,0.1,0.95,0.01,95,1,100,422,1000,/home/jovyan/WCS-repo/results/spanish_pd_books/t1p5/audit.qwen35-9b-base.jsonl
0.7,google/gemma-2-9b,top_k,1.0,0.13,0.0,13,0,100,17,1000,/home/jovyan/WCS-repo/results/spanish_pd_books/t0p7/audit.gemma2-9b-base.jsonl
0.7,google/gemma-2-9b,top_k,2.0,0.17,0.0,17,0,100,23,1000,/home/jovyan/WCS-repo/results/spanish_pd_books/t0p7/audit.gemma2-9b-base.jsonl
0.7,google/gemma-2-9b,top_k,3.0,0.17,0.0,17,0,100,24,1000,/home/jovyan/WCS-repo/results/spanish_pd_books/t0p7/audit.gemma2-9b-base.jsonl
0.7,google/gemma-2-9b,top_k,4.0,0.18,0.0,18,0,100,25,1000,/home/jovyan/WCS-repo/results/spanish_pd_books/t0p7/audit.gemma2-9b-base.jsonl
0.7,google/gemma-2-9b,top_k,5.0,0.19,0.0,19,0,100,26,1000,/home/jovyan/WCS-repo/results/spanish_pd_books/t0p7/audit.gemma2-9b-base.jsonl
0.7,google/gemma-2-9b,top_k,6.0,0.19,0.0,19,0,100,26,1000,/home/jovyan/WCS-repo/results/spanish_pd_books/t0p7/audit.gemma2-9b-base.jsonl
0.7,google/gemma-2-9b,top_k,7.0,0.19,0.0,19,0,100,27,1000,/home/jovyan/WCS-repo/results/spanish_pd_books/t0p7/audit.gemma2-9b-base.jsonl
0.7,google/gemma-2-9b,top_k,8.0,0.19,0.0,19,0,100,27,1000,/home/jovyan/WCS-repo/results/spanish_pd_books/t0p7/audit.gemma2-9b-base.jsonl
0.7,google/gemma-2-9b,top_k,9.0,0.19,0.0,19,0,100,27,1000,/home/jovyan/WCS-repo/results/spanish_pd_books/t0p7/audit.gemma2-9b-base.jsonl
0.7,google/gemma-2-9b,top_k,10.0,0.19,0.0,19,0,100,27,1000,/home/jovyan/WCS-repo/results/spanish_pd_books/t0p7/audit.gemma2-9b-base.jsonl
0.7,google/gemma-2-9b,top_k,11.0,0.19,0.0,19,0,100,27,1000,/home/jovyan/WCS-repo/results/spanish_pd_books/t0p7/audit.gemma2-9b-base.jsonl
0.7,google/gemma-2-9b,top_k,12.0,0.19,0.0,19,0,100,27,1000,/home/jovyan/WCS-repo/results/spanish_pd_books/t0p7/audit.gemma2-9b-base.jsonl
0.7,google/gemma-2-9b,top_k,13.0,0.19,0.0,19,0,100,27,1000,/home/jovyan/WCS-repo/results/spanish_pd_books/t0p7/audit.gemma2-9b-base.jsonl
0.7,google/gemma-2-9b,top_k,14.0,0.19,0.0,19,0,100,28,1000,/home/jovyan/WCS-repo/results/spanish_pd_books/t0p7/audit.gemma2-9b-base.jsonl
0.7,google/gemma-2-9b,top_k,15.0,0.21,0.0,21,0,100,30,1000,/home/jovyan/WCS-repo/results/spanish_pd_books/t0p7/audit.gemma2-9b-base.jsonl
0.7,google/gemma-2-9b,top_k,16.0,0.21,0.0,21,0,100,31,1000,/home/jovyan/WCS-repo/results/spanish_pd_books/t0p7/audit.gemma2-9b-base.jsonl
0.7,google/gemma-2-9b,top_k,17.0,0.21,0.0,21,0,100,31,1000,/home/jovyan/WCS-repo/results/spanish_pd_books/t0p7/audit.gemma2-9b-base.jsonl
0.7,google/gemma-2-9b,top_k,18.0,0.22,0.0,22,0,100,32,1000,/home/jovyan/WCS-repo/results/spanish_pd_books/t0p7/audit.gemma2-9b-base.jsonl
0.7,google/gemma-2-9b,top_k,19.0,0.22,0.0,22,0,100,32,1000,/home/jovyan/WCS-repo/results/spanish_pd_books/t0p7/audit.gemma2-9b-base.jsonl
0.7,google/gemma-2-9b,top_k,20.0,0.23,0.0,23,0,100,34,1000,/home/jovyan/WCS-repo/results/spanish_pd_books/t0p7/audit.gemma2-9b-base.jsonl
0.7,google/gemma-2-9b,top_p,0.5,0.0,0.0,0,0,100,0,1000,/home/jovyan/WCS-repo/results/spanish_pd_books/t0p7/audit.gemma2-9b-base.jsonl
0.7,google/gemma-2-9b,top_p,0.55,0.0,0.0,0,0,100,0,1000,/home/jovyan/WCS-repo/results/spanish_pd_books/t0p7/audit.gemma2-9b-base.jsonl
0.7,google/gemma-2-9b,top_p,0.6,0.01,0.0,1,0,100,1,1000,/home/jovyan/WCS-repo/results/spanish_pd_books/t0p7/audit.gemma2-9b-base.jsonl
0.7,google/gemma-2-9b,top_p,0.65,0.02,0.0,2,0,100,2,1000,/home/jovyan/WCS-repo/results/spanish_pd_books/t0p7/audit.gemma2-9b-base.jsonl
0.7,google/gemma-2-9b,top_p,0.7,0.02,0.0,2,0,100,2,1000,/home/jovyan/WCS-repo/results/spanish_pd_books/t0p7/audit.gemma2-9b-base.jsonl
0.7,google/gemma-2-9b,top_p,0.75,0.03,0.0,3,0,100,3,1000,/home/jovyan/WCS-repo/results/spanish_pd_books/t0p7/audit.gemma2-9b-base.jsonl
0.7,google/gemma-2-9b,top_p,0.8,0.03,0.0,3,0,100,3,1000,/home/jovyan/WCS-repo/results/spanish_pd_books/t0p7/audit.gemma2-9b-base.jsonl
0.7,google/gemma-2-9b,top_p,0.85,0.04,0.0,4,0,100,4,1000,/home/jovyan/WCS-repo/results/spanish_pd_books/t0p7/audit.gemma2-9b-base.jsonl
0.7,google/gemma-2-9b,top_p,0.9,0.04,0.0,4,0,100,5,1000,/home/jovyan/WCS-repo/results/spanish_pd_books/t0p7/audit.gemma2-9b-base.jsonl
0.7,google/gemma-2-9b,top_p,0.95,0.08,0.0,8,0,100,9,1000,/home/jovyan/WCS-repo/results/spanish_pd_books/t0p7/audit.gemma2-9b-base.jsonl
0.7,google/gemma-2-9b,top_p,0.99,0.25,0.0,25,0,100,30,1000,/home/jovyan/WCS-repo/results/spanish_pd_books/t0p7/audit.gemma2-9b-base.jsonl
0.7,google/gemma-2-9b,min_p,0.01,0.18,0.0,18,0,100,26,1000,/home/jovyan/WCS-repo/results/spanish_pd_books/t0p7/audit.gemma2-9b-base.jsonl
0.7,google/gemma-2-9b,min_p,0.02,0.18,0.0,18,0,100,26,1000,/home/jovyan/WCS-repo/results/spanish_pd_books/t0p7/audit.gemma2-9b-base.jsonl
0.7,google/gemma-2-9b,min_p,0.03,0.18,0.0,18,0,100,26,1000,/home/jovyan/WCS-repo/results/spanish_pd_books/t0p7/audit.gemma2-9b-base.jsonl
0.7,google/gemma-2-9b,min_p,0.04,0.18,0.0,18,0,100,26,1000,/home/jovyan/WCS-repo/results/spanish_pd_books/t0p7/audit.gemma2-9b-base.jsonl
0.7,google/gemma-2-9b,min_p,0.05,0.16,0.0,16,0,100,24,1000,/home/jovyan/WCS-repo/results/spanish_pd_books/t0p7/audit.gemma2-9b-base.jsonl
0.7,google/gemma-2-9b,min_p,0.06,0.16,0.0,16,0,100,24,1000,/home/jovyan/WCS-repo/results/spanish_pd_books/t0p7/audit.gemma2-9b-base.jsonl
0.7,google/gemma-2-9b,min_p,0.07,0.16,0.0,16,0,100,24,1000,/home/jovyan/WCS-repo/results/spanish_pd_books/t0p7/audit.gemma2-9b-base.jsonl
0.7,google/gemma-2-9b,min_p,0.08,0.16,0.0,16,0,100,24,1000,/home/jovyan/WCS-repo/results/spanish_pd_books/t0p7/audit.gemma2-9b-base.jsonl
0.7,google/gemma-2-9b,min_p,0.09,0.16,0.0,16,0,100,23,1000,/home/jovyan/WCS-repo/results/spanish_pd_books/t0p7/audit.gemma2-9b-base.jsonl
0.7,google/gemma-2-9b,min_p,0.1,0.16,0.0,16,0,100,22,1000,/home/jovyan/WCS-repo/results/spanish_pd_books/t0p7/audit.gemma2-9b-base.jsonl
1.0,google/gemma-2-9b,top_k,1.0,0.13,0.0,13,0,100,17,1000,/home/jovyan/WCS-repo/results/spanish_pd_books/t1/audit.gemma2-9b-base.jsonl
1.0,google/gemma-2-9b,top_k,2.0,0.17,0.0,17,0,100,23,1000,/home/jovyan/WCS-repo/results/spanish_pd_books/t1/audit.gemma2-9b-base.jsonl
1.0,google/gemma-2-9b,top_k,3.0,0.17,0.0,17,0,100,24,1000,/home/jovyan/WCS-repo/results/spanish_pd_books/t1/audit.gemma2-9b-base.jsonl
1.0,google/gemma-2-9b,top_k,4.0,0.18,0.0,18,0,100,25,1000,/home/jovyan/WCS-repo/results/spanish_pd_books/t1/audit.gemma2-9b-base.jsonl
1.0,google/gemma-2-9b,top_k,5.0,0.19,0.0,19,0,100,26,1000,/home/jovyan/WCS-repo/results/spanish_pd_books/t1/audit.gemma2-9b-base.jsonl
1.0,google/gemma-2-9b,top_k,6.0,0.19,0.0,19,0,100,26,1000,/home/jovyan/WCS-repo/results/spanish_pd_books/t1/audit.gemma2-9b-base.jsonl
1.0,google/gemma-2-9b,top_k,7.0,0.19,0.0,19,0,100,27,1000,/home/jovyan/WCS-repo/results/spanish_pd_books/t1/audit.gemma2-9b-base.jsonl
1.0,google/gemma-2-9b,top_k,8.0,0.19,0.0,19,0,100,27,1000,/home/jovyan/WCS-repo/results/spanish_pd_books/t1/audit.gemma2-9b-base.jsonl
1.0,google/gemma-2-9b,top_k,9.0,0.19,0.0,19,0,100,27,1000,/home/jovyan/WCS-repo/results/spanish_pd_books/t1/audit.gemma2-9b-base.jsonl
1.0,google/gemma-2-9b,top_k,10.0,0.19,0.0,19,0,100,27,1000,/home/jovyan/WCS-repo/results/spanish_pd_books/t1/audit.gemma2-9b-base.jsonl
1.0,google/gemma-2-9b,top_k,11.0,0.19,0.0,19,0,100,27,1000,/home/jovyan/WCS-repo/results/spanish_pd_books/t1/audit.gemma2-9b-base.jsonl
1.0,google/gemma-2-9b,top_k,12.0,0.19,0.0,19,0,100,27,1000,/home/jovyan/WCS-repo/results/spanish_pd_books/t1/audit.gemma2-9b-base.jsonl
1.0,google/gemma-2-9b,top_k,13.0,0.19,0.0,19,0,100,27,1000,/home/jovyan/WCS-repo/results/spanish_pd_books/t1/audit.gemma2-9b-base.jsonl
1.0,google/gemma-2-9b,top_k,14.0,0.19,0.0,19,0,100,28,1000,/home/jovyan/WCS-repo/results/spanish_pd_books/t1/audit.gemma2-9b-base.jsonl
1.0,google/gemma-2-9b,top_k,15.0,0.21,0.0,21,0,100,30,1000,/home/jovyan/WCS-repo/results/spanish_pd_books/t1/audit.gemma2-9b-base.jsonl
1.0,google/gemma-2-9b,top_k,16.0,0.21,0.0,21,0,100,31,1000,/home/jovyan/WCS-repo/results/spanish_pd_books/t1/audit.gemma2-9b-base.jsonl
1.0,google/gemma-2-9b,top_k,17.0,0.21,0.0,21,0,100,31,1000,/home/jovyan/WCS-repo/results/spanish_pd_books/t1/audit.gemma2-9b-base.jsonl
1.0,google/gemma-2-9b,top_k,18.0,0.22,0.0,22,0,100,32,1000,/home/jovyan/WCS-repo/results/spanish_pd_books/t1/audit.gemma2-9b-base.jsonl
1.0,google/gemma-2-9b,top_k,19.0,0.22,0.0,22,0,100,32,1000,/home/jovyan/WCS-repo/results/spanish_pd_books/t1/audit.gemma2-9b-base.jsonl
1.0,google/gemma-2-9b,top_k,20.0,0.23,0.0,23,0,100,34,1000,/home/jovyan/WCS-repo/results/spanish_pd_books/t1/audit.gemma2-9b-base.jsonl
1.0,google/gemma-2-9b,top_p,0.5,0.03,0.0,3,0,100,3,1000,/home/jovyan/WCS-repo/results/spanish_pd_books/t1/audit.gemma2-9b-base.jsonl
1.0,google/gemma-2-9b,top_p,0.55,0.03,0.0,3,0,100,3,1000,/home/jovyan/WCS-repo/results/spanish_pd_books/t1/audit.gemma2-9b-base.jsonl
1.0,google/gemma-2-9b,top_p,0.6,0.03,0.0,3,0,100,3,1000,/home/jovyan/WCS-repo/results/spanish_pd_books/t1/audit.gemma2-9b-base.jsonl
1.0,google/gemma-2-9b,top_p,0.65,0.04,0.0,4,0,100,4,1000,/home/jovyan/WCS-repo/results/spanish_pd_books/t1/audit.gemma2-9b-base.jsonl
1.0,google/gemma-2-9b,top_p,0.7,0.06,0.0,6,0,100,7,1000,/home/jovyan/WCS-repo/results/spanish_pd_books/t1/audit.gemma2-9b-base.jsonl
1.0,google/gemma-2-9b,top_p,0.75,0.1,0.0,10,0,100,11,1000,/home/jovyan/WCS-repo/results/spanish_pd_books/t1/audit.gemma2-9b-base.jsonl
1.0,google/gemma-2-9b,top_p,0.8,0.13,0.0,13,0,100,15,1000,/home/jovyan/WCS-repo/results/spanish_pd_books/t1/audit.gemma2-9b-base.jsonl
1.0,google/gemma-2-9b,top_p,0.85,0.18,0.0,18,0,100,23,1000,/home/jovyan/WCS-repo/results/spanish_pd_books/t1/audit.gemma2-9b-base.jsonl
1.0,google/gemma-2-9b,top_p,0.9,0.3,0.0,30,0,100,39,1000,/home/jovyan/WCS-repo/results/spanish_pd_books/t1/audit.gemma2-9b-base.jsonl
1.0,google/gemma-2-9b,top_p,0.95,0.56,0.0,56,0,100,92,1000,/home/jovyan/WCS-repo/results/spanish_pd_books/t1/audit.gemma2-9b-base.jsonl
1.0,google/gemma-2-9b,top_p,0.99,0.93,0.0,93,0,100,309,1000,/home/jovyan/WCS-repo/results/spanish_pd_books/t1/audit.gemma2-9b-base.jsonl
1.0,google/gemma-2-9b,min_p,0.01,0.21,0.0,21,0,100,30,1000,/home/jovyan/WCS-repo/results/spanish_pd_books/t1/audit.gemma2-9b-base.jsonl
1.0,google/gemma-2-9b,min_p,0.02,0.2,0.0,20,0,100,28,1000,/home/jovyan/WCS-repo/results/spanish_pd_books/t1/audit.gemma2-9b-base.jsonl
1.0,google/gemma-2-9b,min_p,0.03,0.18,0.0,18,0,100,26,1000,/home/jovyan/WCS-repo/results/spanish_pd_books/t1/audit.gemma2-9b-base.jsonl
1.0,google/gemma-2-9b,min_p,0.04,0.18,0.0,18,0,100,26,1000,/home/jovyan/WCS-repo/results/spanish_pd_books/t1/audit.gemma2-9b-base.jsonl
1.0,google/gemma-2-9b,min_p,0.05,0.18,0.0,18,0,100,26,1000,/home/jovyan/WCS-repo/results/spanish_pd_books/t1/audit.gemma2-9b-base.jsonl
1.0,google/gemma-2-9b,min_p,0.06,0.18,0.0,18,0,100,26,1000,/home/jovyan/WCS-repo/results/spanish_pd_books/t1/audit.gemma2-9b-base.jsonl
1.0,google/gemma-2-9b,min_p,0.07,0.18,0.0,18,0,100,26,1000,/home/jovyan/WCS-repo/results/spanish_pd_books/t1/audit.gemma2-9b-base.jsonl
1.0,google/gemma-2-9b,min_p,0.08,0.18,0.0,18,0,100,26,1000,/home/jovyan/WCS-repo/results/spanish_pd_books/t1/audit.gemma2-9b-base.jsonl
1.0,google/gemma-2-9b,min_p,0.09,0.18,0.0,18,0,100,26,1000,/home/jovyan/WCS-repo/results/spanish_pd_books/t1/audit.gemma2-9b-base.jsonl
1.0,google/gemma-2-9b,min_p,0.1,0.18,0.0,18,0,100,26,1000,/home/jovyan/WCS-repo/results/spanish_pd_books/t1/audit.gemma2-9b-base.jsonl
1.5,google/gemma-2-9b,top_k,1.0,0.13,0.0,13,0,100,17,1000,/home/jovyan/WCS-repo/results/spanish_pd_books/t1p5/audit.gemma2-9b-base.jsonl
1.5,google/gemma-2-9b,top_k,2.0,0.17,0.0,17,0,100,23,1000,/home/jovyan/WCS-repo/results/spanish_pd_books/t1p5/audit.gemma2-9b-base.jsonl
1.5,google/gemma-2-9b,top_k,3.0,0.17,0.0,17,0,100,24,1000,/home/jovyan/WCS-repo/results/spanish_pd_books/t1p5/audit.gemma2-9b-base.jsonl
1.5,google/gemma-2-9b,top_k,4.0,0.18,0.0,18,0,100,25,1000,/home/jovyan/WCS-repo/results/spanish_pd_books/t1p5/audit.gemma2-9b-base.jsonl
1.5,google/gemma-2-9b,top_k,5.0,0.19,0.0,19,0,100,26,1000,/home/jovyan/WCS-repo/results/spanish_pd_books/t1p5/audit.gemma2-9b-base.jsonl
1.5,google/gemma-2-9b,top_k,6.0,0.19,0.0,19,0,100,26,1000,/home/jovyan/WCS-repo/results/spanish_pd_books/t1p5/audit.gemma2-9b-base.jsonl
1.5,google/gemma-2-9b,top_k,7.0,0.19,0.0,19,0,100,27,1000,/home/jovyan/WCS-repo/results/spanish_pd_books/t1p5/audit.gemma2-9b-base.jsonl
1.5,google/gemma-2-9b,top_k,8.0,0.19,0.0,19,0,100,27,1000,/home/jovyan/WCS-repo/results/spanish_pd_books/t1p5/audit.gemma2-9b-base.jsonl
1.5,google/gemma-2-9b,top_k,9.0,0.19,0.0,19,0,100,27,1000,/home/jovyan/WCS-repo/results/spanish_pd_books/t1p5/audit.gemma2-9b-base.jsonl
1.5,google/gemma-2-9b,top_k,10.0,0.19,0.0,19,0,100,27,1000,/home/jovyan/WCS-repo/results/spanish_pd_books/t1p5/audit.gemma2-9b-base.jsonl
1.5,google/gemma-2-9b,top_k,11.0,0.19,0.0,19,0,100,27,1000,/home/jovyan/WCS-repo/results/spanish_pd_books/t1p5/audit.gemma2-9b-base.jsonl
1.5,google/gemma-2-9b,top_k,12.0,0.19,0.0,19,0,100,27,1000,/home/jovyan/WCS-repo/results/spanish_pd_books/t1p5/audit.gemma2-9b-base.jsonl
1.5,google/gemma-2-9b,top_k,13.0,0.19,0.0,19,0,100,27,1000,/home/jovyan/WCS-repo/results/spanish_pd_books/t1p5/audit.gemma2-9b-base.jsonl
1.5,google/gemma-2-9b,top_k,14.0,0.19,0.0,19,0,100,28,1000,/home/jovyan/WCS-repo/results/spanish_pd_books/t1p5/audit.gemma2-9b-base.jsonl
1.5,google/gemma-2-9b,top_k,15.0,0.21,0.0,21,0,100,30,1000,/home/jovyan/WCS-repo/results/spanish_pd_books/t1p5/audit.gemma2-9b-base.jsonl
1.5,google/gemma-2-9b,top_k,16.0,0.21,0.0,21,0,100,31,1000,/home/jovyan/WCS-repo/results/spanish_pd_books/t1p5/audit.gemma2-9b-base.jsonl
1.5,google/gemma-2-9b,top_k,17.0,0.21,0.0,21,0,100,31,1000,/home/jovyan/WCS-repo/results/spanish_pd_books/t1p5/audit.gemma2-9b-base.jsonl
1.5,google/gemma-2-9b,top_k,18.0,0.22,0.0,22,0,100,32,1000,/home/jovyan/WCS-repo/results/spanish_pd_books/t1p5/audit.gemma2-9b-base.jsonl
1.5,google/gemma-2-9b,top_k,19.0,0.22,0.0,22,0,100,32,1000,/home/jovyan/WCS-repo/results/spanish_pd_books/t1p5/audit.gemma2-9b-base.jsonl
1.5,google/gemma-2-9b,top_k,20.0,0.23,0.0,23,0,100,34,1000,/home/jovyan/WCS-repo/results/spanish_pd_books/t1p5/audit.gemma2-9b-base.jsonl
1.5,google/gemma-2-9b,top_p,0.5,0.33,0.0,33,0,100,41,1000,/home/jovyan/WCS-repo/results/spanish_pd_books/t1p5/audit.gemma2-9b-base.jsonl
1.5,google/gemma-2-9b,top_p,0.55,0.46,0.0,46,0,100,63,1000,/home/jovyan/WCS-repo/results/spanish_pd_books/t1p5/audit.gemma2-9b-base.jsonl
1.5,google/gemma-2-9b,top_p,0.6,0.53,0.0,53,0,100,87,1000,/home/jovyan/WCS-repo/results/spanish_pd_books/t1p5/audit.gemma2-9b-base.jsonl
1.5,google/gemma-2-9b,top_p,0.65,0.64,0.0,64,0,100,126,1000,/home/jovyan/WCS-repo/results/spanish_pd_books/t1p5/audit.gemma2-9b-base.jsonl
1.5,google/gemma-2-9b,top_p,0.7,0.77,0.0,77,0,100,170,1000,/home/jovyan/WCS-repo/results/spanish_pd_books/t1p5/audit.gemma2-9b-base.jsonl
1.5,google/gemma-2-9b,top_p,0.75,0.84,0.0,84,0,100,230,1000,/home/jovyan/WCS-repo/results/spanish_pd_books/t1p5/audit.gemma2-9b-base.jsonl
1.5,google/gemma-2-9b,top_p,0.8,0.93,0.0,93,0,100,319,1000,/home/jovyan/WCS-repo/results/spanish_pd_books/t1p5/audit.gemma2-9b-base.jsonl
1.5,google/gemma-2-9b,top_p,0.85,0.97,0.01,97,1,100,439,1000,/home/jovyan/WCS-repo/results/spanish_pd_books/t1p5/audit.gemma2-9b-base.jsonl
1.5,google/gemma-2-9b,top_p,0.9,0.99,0.07,99,7,100,602,1000,/home/jovyan/WCS-repo/results/spanish_pd_books/t1p5/audit.gemma2-9b-base.jsonl
1.5,google/gemma-2-9b,top_p,0.95,1.0,0.23,100,23,100,786,1000,/home/jovyan/WCS-repo/results/spanish_pd_books/t1p5/audit.gemma2-9b-base.jsonl
1.5,google/gemma-2-9b,top_p,0.99,1.0,0.78,100,78,100,975,1000,/home/jovyan/WCS-repo/results/spanish_pd_books/t1p5/audit.gemma2-9b-base.jsonl
1.5,google/gemma-2-9b,min_p,0.01,0.42,0.0,42,0,100,54,1000,/home/jovyan/WCS-repo/results/spanish_pd_books/t1p5/audit.gemma2-9b-base.jsonl
1.5,google/gemma-2-9b,min_p,0.02,0.3,0.0,30,0,100,41,1000,/home/jovyan/WCS-repo/results/spanish_pd_books/t1p5/audit.gemma2-9b-base.jsonl
1.5,google/gemma-2-9b,min_p,0.03,0.23,0.0,23,0,100,32,1000,/home/jovyan/WCS-repo/results/spanish_pd_books/t1p5/audit.gemma2-9b-base.jsonl
1.5,google/gemma-2-9b,min_p,0.04,0.21,0.0,21,0,100,30,1000,/home/jovyan/WCS-repo/results/spanish_pd_books/t1p5/audit.gemma2-9b-base.jsonl
1.5,google/gemma-2-9b,min_p,0.05,0.2,0.0,20,0,100,29,1000,/home/jovyan/WCS-repo/results/spanish_pd_books/t1p5/audit.gemma2-9b-base.jsonl
1.5,google/gemma-2-9b,min_p,0.06,0.2,0.0,20,0,100,29,1000,/home/jovyan/WCS-repo/results/spanish_pd_books/t1p5/audit.gemma2-9b-base.jsonl
1.5,google/gemma-2-9b,min_p,0.07,0.2,0.0,20,0,100,28,1000,/home/jovyan/WCS-repo/results/spanish_pd_books/t1p5/audit.gemma2-9b-base.jsonl
1.5,google/gemma-2-9b,min_p,0.08,0.19,0.0,19,0,100,27,1000,/home/jovyan/WCS-repo/results/spanish_pd_books/t1p5/audit.gemma2-9b-base.jsonl
1.5,google/gemma-2-9b,min_p,0.09,0.18,0.0,18,0,100,26,1000,/home/jovyan/WCS-repo/results/spanish_pd_books/t1p5/audit.gemma2-9b-base.jsonl
1.5,google/gemma-2-9b,min_p,0.1,0.18,0.0,18,0,100,26,1000,/home/jovyan/WCS-repo/results/spanish_pd_books/t1p5/audit.gemma2-9b-base.jsonl
0.7,google/gemma-3-12b-it,top_k,1.0,0.23,0.0,23,0,100,34,1000,/home/jovyan/WCS-repo/results/spanish_pd_books/t0p7/audit.gemma3-12b-it.jsonl
0.7,google/gemma-3-12b-it,top_k,2.0,0.31,0.0,31,0,100,51,1000,/home/jovyan/WCS-repo/results/spanish_pd_books/t0p7/audit.gemma3-12b-it.jsonl
0.7,google/gemma-3-12b-it,top_k,3.0,0.41,0.0,41,0,100,65,1000,/home/jovyan/WCS-repo/results/spanish_pd_books/t0p7/audit.gemma3-12b-it.jsonl
0.7,google/gemma-3-12b-it,top_k,4.0,0.43,0.0,43,0,100,72,1000,/home/jovyan/WCS-repo/results/spanish_pd_books/t0p7/audit.gemma3-12b-it.jsonl
0.7,google/gemma-3-12b-it,top_k,5.0,0.46,0.0,46,0,100,80,1000,/home/jovyan/WCS-repo/results/spanish_pd_books/t0p7/audit.gemma3-12b-it.jsonl
0.7,google/gemma-3-12b-it,top_k,6.0,0.5,0.0,50,0,100,90,1000,/home/jovyan/WCS-repo/results/spanish_pd_books/t0p7/audit.gemma3-12b-it.jsonl
0.7,google/gemma-3-12b-it,top_k,7.0,0.51,0.0,51,0,100,96,1000,/home/jovyan/WCS-repo/results/spanish_pd_books/t0p7/audit.gemma3-12b-it.jsonl
0.7,google/gemma-3-12b-it,top_k,8.0,0.51,0.0,51,0,100,99,1000,/home/jovyan/WCS-repo/results/spanish_pd_books/t0p7/audit.gemma3-12b-it.jsonl
0.7,google/gemma-3-12b-it,top_k,9.0,0.52,0.0,52,0,100,103,1000,/home/jovyan/WCS-repo/results/spanish_pd_books/t0p7/audit.gemma3-12b-it.jsonl
0.7,google/gemma-3-12b-it,top_k,10.0,0.52,0.0,52,0,100,108,1000,/home/jovyan/WCS-repo/results/spanish_pd_books/t0p7/audit.gemma3-12b-it.jsonl
0.7,google/gemma-3-12b-it,top_k,11.0,0.55,0.0,55,0,100,112,1000,/home/jovyan/WCS-repo/results/spanish_pd_books/t0p7/audit.gemma3-12b-it.jsonl
0.7,google/gemma-3-12b-it,top_k,12.0,0.55,0.0,55,0,100,114,1000,/home/jovyan/WCS-repo/results/spanish_pd_books/t0p7/audit.gemma3-12b-it.jsonl
0.7,google/gemma-3-12b-it,top_k,13.0,0.56,0.0,56,0,100,119,1000,/home/jovyan/WCS-repo/results/spanish_pd_books/t0p7/audit.gemma3-12b-it.jsonl
0.7,google/gemma-3-12b-it,top_k,14.0,0.56,0.0,56,0,100,121,1000,/home/jovyan/WCS-repo/results/spanish_pd_books/t0p7/audit.gemma3-12b-it.jsonl
0.7,google/gemma-3-12b-it,top_k,15.0,0.56,0.0,56,0,100,123,1000,/home/jovyan/WCS-repo/results/spanish_pd_books/t0p7/audit.gemma3-12b-it.jsonl
0.7,google/gemma-3-12b-it,top_k,16.0,0.57,0.0,57,0,100,127,1000,/home/jovyan/WCS-repo/results/spanish_pd_books/t0p7/audit.gemma3-12b-it.jsonl
0.7,google/gemma-3-12b-it,top_k,17.0,0.62,0.0,62,0,100,135,1000,/home/jovyan/WCS-repo/results/spanish_pd_books/t0p7/audit.gemma3-12b-it.jsonl
0.7,google/gemma-3-12b-it,top_k,18.0,0.63,0.0,63,0,100,138,1000,/home/jovyan/WCS-repo/results/spanish_pd_books/t0p7/audit.gemma3-12b-it.jsonl
0.7,google/gemma-3-12b-it,top_k,19.0,0.64,0.0,64,0,100,141,1000,/home/jovyan/WCS-repo/results/spanish_pd_books/t0p7/audit.gemma3-12b-it.jsonl
0.7,google/gemma-3-12b-it,top_k,20.0,0.64,0.0,64,0,100,143,1000,/home/jovyan/WCS-repo/results/spanish_pd_books/t0p7/audit.gemma3-12b-it.jsonl
0.7,google/gemma-3-12b-it,top_p,0.5,0.0,0.0,0,0,100,0,1000,/home/jovyan/WCS-repo/results/spanish_pd_books/t0p7/audit.gemma3-12b-it.jsonl
0.7,google/gemma-3-12b-it,top_p,0.55,0.0,0.0,0,0,100,0,1000,/home/jovyan/WCS-repo/results/spanish_pd_books/t0p7/audit.gemma3-12b-it.jsonl
0.7,google/gemma-3-12b-it,top_p,0.6,0.0,0.0,0,0,100,0,1000,/home/jovyan/WCS-repo/results/spanish_pd_books/t0p7/audit.gemma3-12b-it.jsonl
0.7,google/gemma-3-12b-it,top_p,0.65,0.0,0.0,0,0,100,0,1000,/home/jovyan/WCS-repo/results/spanish_pd_books/t0p7/audit.gemma3-12b-it.jsonl
0.7,google/gemma-3-12b-it,top_p,0.7,0.0,0.0,0,0,100,0,1000,/home/jovyan/WCS-repo/results/spanish_pd_books/t0p7/audit.gemma3-12b-it.jsonl
0.7,google/gemma-3-12b-it,top_p,0.75,0.01,0.0,1,0,100,1,1000,/home/jovyan/WCS-repo/results/spanish_pd_books/t0p7/audit.gemma3-12b-it.jsonl
0.7,google/gemma-3-12b-it,top_p,0.8,0.02,0.0,2,0,100,2,1000,/home/jovyan/WCS-repo/results/spanish_pd_books/t0p7/audit.gemma3-12b-it.jsonl
0.7,google/gemma-3-12b-it,top_p,0.85,0.03,0.0,3,0,100,3,1000,/home/jovyan/WCS-repo/results/spanish_pd_books/t0p7/audit.gemma3-12b-it.jsonl
0.7,google/gemma-3-12b-it,top_p,0.9,0.07,0.0,7,0,100,7,1000,/home/jovyan/WCS-repo/results/spanish_pd_books/t0p7/audit.gemma3-12b-it.jsonl
0.7,google/gemma-3-12b-it,top_p,0.95,0.13,0.0,13,0,100,15,1000,/home/jovyan/WCS-repo/results/spanish_pd_books/t0p7/audit.gemma3-12b-it.jsonl
0.7,google/gemma-3-12b-it,top_p,0.99,0.47,0.0,47,0,100,67,1000,/home/jovyan/WCS-repo/results/spanish_pd_books/t0p7/audit.gemma3-12b-it.jsonl
0.7,google/gemma-3-12b-it,min_p,0.01,0.51,0.0,51,0,100,95,1000,/home/jovyan/WCS-repo/results/spanish_pd_books/t0p7/audit.gemma3-12b-it.jsonl
0.7,google/gemma-3-12b-it,min_p,0.02,0.45,0.0,45,0,100,75,1000,/home/jovyan/WCS-repo/results/spanish_pd_books/t0p7/audit.gemma3-12b-it.jsonl
0.7,google/gemma-3-12b-it,min_p,0.03,0.43,0.0,43,0,100,69,1000,/home/jovyan/WCS-repo/results/spanish_pd_books/t0p7/audit.gemma3-12b-it.jsonl
0.7,google/gemma-3-12b-it,min_p,0.04,0.4,0.0,40,0,100,63,1000,/home/jovyan/WCS-repo/results/spanish_pd_books/t0p7/audit.gemma3-12b-it.jsonl
0.7,google/gemma-3-12b-it,min_p,0.05,0.38,0.0,38,0,100,58,1000,/home/jovyan/WCS-repo/results/spanish_pd_books/t0p7/audit.gemma3-12b-it.jsonl
0.7,google/gemma-3-12b-it,min_p,0.06,0.37,0.0,37,0,100,56,1000,/home/jovyan/WCS-repo/results/spanish_pd_books/t0p7/audit.gemma3-12b-it.jsonl
0.7,google/gemma-3-12b-it,min_p,0.07,0.35,0.0,35,0,100,53,1000,/home/jovyan/WCS-repo/results/spanish_pd_books/t0p7/audit.gemma3-12b-it.jsonl
0.7,google/gemma-3-12b-it,min_p,0.08,0.34,0.0,34,0,100,52,1000,/home/jovyan/WCS-repo/results/spanish_pd_books/t0p7/audit.gemma3-12b-it.jsonl
0.7,google/gemma-3-12b-it,min_p,0.09,0.33,0.0,33,0,100,50,1000,/home/jovyan/WCS-repo/results/spanish_pd_books/t0p7/audit.gemma3-12b-it.jsonl
0.7,google/gemma-3-12b-it,min_p,0.1,0.32,0.0,32,0,100,49,1000,/home/jovyan/WCS-repo/results/spanish_pd_books/t0p7/audit.gemma3-12b-it.jsonl
1.0,google/gemma-3-12b-it,top_k,1.0,0.23,0.0,23,0,100,34,1000,/home/jovyan/WCS-repo/results/spanish_pd_books/t1/audit.gemma3-12b-it.jsonl
1.0,google/gemma-3-12b-it,top_k,2.0,0.31,0.0,31,0,100,51,1000,/home/jovyan/WCS-repo/results/spanish_pd_books/t1/audit.gemma3-12b-it.jsonl
1.0,google/gemma-3-12b-it,top_k,3.0,0.41,0.0,41,0,100,65,1000,/home/jovyan/WCS-repo/results/spanish_pd_books/t1/audit.gemma3-12b-it.jsonl
1.0,google/gemma-3-12b-it,top_k,4.0,0.43,0.0,43,0,100,72,1000,/home/jovyan/WCS-repo/results/spanish_pd_books/t1/audit.gemma3-12b-it.jsonl
1.0,google/gemma-3-12b-it,top_k,5.0,0.46,0.0,46,0,100,80,1000,/home/jovyan/WCS-repo/results/spanish_pd_books/t1/audit.gemma3-12b-it.jsonl
1.0,google/gemma-3-12b-it,top_k,6.0,0.5,0.0,50,0,100,90,1000,/home/jovyan/WCS-repo/results/spanish_pd_books/t1/audit.gemma3-12b-it.jsonl
1.0,google/gemma-3-12b-it,top_k,7.0,0.51,0.0,51,0,100,96,1000,/home/jovyan/WCS-repo/results/spanish_pd_books/t1/audit.gemma3-12b-it.jsonl
1.0,google/gemma-3-12b-it,top_k,8.0,0.51,0.0,51,0,100,99,1000,/home/jovyan/WCS-repo/results/spanish_pd_books/t1/audit.gemma3-12b-it.jsonl
1.0,google/gemma-3-12b-it,top_k,9.0,0.52,0.0,52,0,100,103,1000,/home/jovyan/WCS-repo/results/spanish_pd_books/t1/audit.gemma3-12b-it.jsonl
1.0,google/gemma-3-12b-it,top_k,10.0,0.52,0.0,52,0,100,108,1000,/home/jovyan/WCS-repo/results/spanish_pd_books/t1/audit.gemma3-12b-it.jsonl
1.0,google/gemma-3-12b-it,top_k,11.0,0.55,0.0,55,0,100,112,1000,/home/jovyan/WCS-repo/results/spanish_pd_books/t1/audit.gemma3-12b-it.jsonl
1.0,google/gemma-3-12b-it,top_k,12.0,0.55,0.0,55,0,100,114,1000,/home/jovyan/WCS-repo/results/spanish_pd_books/t1/audit.gemma3-12b-it.jsonl
1.0,google/gemma-3-12b-it,top_k,13.0,0.56,0.0,56,0,100,119,1000,/home/jovyan/WCS-repo/results/spanish_pd_books/t1/audit.gemma3-12b-it.jsonl
1.0,google/gemma-3-12b-it,top_k,14.0,0.56,0.0,56,0,100,121,1000,/home/jovyan/WCS-repo/results/spanish_pd_books/t1/audit.gemma3-12b-it.jsonl
1.0,google/gemma-3-12b-it,top_k,15.0,0.56,0.0,56,0,100,123,1000,/home/jovyan/WCS-repo/results/spanish_pd_books/t1/audit.gemma3-12b-it.jsonl
1.0,google/gemma-3-12b-it,top_k,16.0,0.57,0.0,57,0,100,127,1000,/home/jovyan/WCS-repo/results/spanish_pd_books/t1/audit.gemma3-12b-it.jsonl
1.0,google/gemma-3-12b-it,top_k,17.0,0.62,0.0,62,0,100,135,1000,/home/jovyan/WCS-repo/results/spanish_pd_books/t1/audit.gemma3-12b-it.jsonl
1.0,google/gemma-3-12b-it,top_k,18.0,0.63,0.0,63,0,100,138,1000,/home/jovyan/WCS-repo/results/spanish_pd_books/t1/audit.gemma3-12b-it.jsonl
1.0,google/gemma-3-12b-it,top_k,19.0,0.64,0.0,64,0,100,141,1000,/home/jovyan/WCS-repo/results/spanish_pd_books/t1/audit.gemma3-12b-it.jsonl
1.0,google/gemma-3-12b-it,top_k,20.0,0.64,0.0,64,0,100,143,1000,/home/jovyan/WCS-repo/results/spanish_pd_books/t1/audit.gemma3-12b-it.jsonl
1.0,google/gemma-3-12b-it,top_p,0.5,0.02,0.0,2,0,100,2,1000,/home/jovyan/WCS-repo/results/spanish_pd_books/t1/audit.gemma3-12b-it.jsonl
1.0,google/gemma-3-12b-it,top_p,0.55,0.03,0.0,3,0,100,3,1000,/home/jovyan/WCS-repo/results/spanish_pd_books/t1/audit.gemma3-12b-it.jsonl
1.0,google/gemma-3-12b-it,top_p,0.6,0.04,0.0,4,0,100,4,1000,/home/jovyan/WCS-repo/results/spanish_pd_books/t1/audit.gemma3-12b-it.jsonl
1.0,google/gemma-3-12b-it,top_p,0.65,0.04,0.0,4,0,100,4,1000,/home/jovyan/WCS-repo/results/spanish_pd_books/t1/audit.gemma3-12b-it.jsonl
1.0,google/gemma-3-12b-it,top_p,0.7,0.09,0.0,9,0,100,9,1000,/home/jovyan/WCS-repo/results/spanish_pd_books/t1/audit.gemma3-12b-it.jsonl
1.0,google/gemma-3-12b-it,top_p,0.75,0.15,0.0,15,0,100,16,1000,/home/jovyan/WCS-repo/results/spanish_pd_books/t1/audit.gemma3-12b-it.jsonl
1.0,google/gemma-3-12b-it,top_p,0.8,0.18,0.0,18,0,100,19,1000,/home/jovyan/WCS-repo/results/spanish_pd_books/t1/audit.gemma3-12b-it.jsonl
1.0,google/gemma-3-12b-it,top_p,0.85,0.31,0.0,31,0,100,40,1000,/home/jovyan/WCS-repo/results/spanish_pd_books/t1/audit.gemma3-12b-it.jsonl
1.0,google/gemma-3-12b-it,top_p,0.9,0.48,0.0,48,0,100,72,1000,/home/jovyan/WCS-repo/results/spanish_pd_books/t1/audit.gemma3-12b-it.jsonl
1.0,google/gemma-3-12b-it,top_p,0.95,0.74,0.0,74,0,100,152,1000,/home/jovyan/WCS-repo/results/spanish_pd_books/t1/audit.gemma3-12b-it.jsonl
1.0,google/gemma-3-12b-it,top_p,0.99,0.95,0.01,95,1,100,357,1000,/home/jovyan/WCS-repo/results/spanish_pd_books/t1/audit.gemma3-12b-it.jsonl
1.0,google/gemma-3-12b-it,min_p,0.01,0.65,0.0,65,0,100,127,1000,/home/jovyan/WCS-repo/results/spanish_pd_books/t1/audit.gemma3-12b-it.jsonl
1.0,google/gemma-3-12b-it,min_p,0.02,0.57,0.0,57,0,100,107,1000,/home/jovyan/WCS-repo/results/spanish_pd_books/t1/audit.gemma3-12b-it.jsonl
1.0,google/gemma-3-12b-it,min_p,0.03,0.55,0.0,55,0,100,101,1000,/home/jovyan/WCS-repo/results/spanish_pd_books/t1/audit.gemma3-12b-it.jsonl
1.0,google/gemma-3-12b-it,min_p,0.04,0.51,0.0,51,0,100,95,1000,/home/jovyan/WCS-repo/results/spanish_pd_books/t1/audit.gemma3-12b-it.jsonl
1.0,google/gemma-3-12b-it,min_p,0.05,0.47,0.0,47,0,100,85,1000,/home/jovyan/WCS-repo/results/spanish_pd_books/t1/audit.gemma3-12b-it.jsonl
1.0,google/gemma-3-12b-it,min_p,0.06,0.45,0.0,45,0,100,78,1000,/home/jovyan/WCS-repo/results/spanish_pd_books/t1/audit.gemma3-12b-it.jsonl
1.0,google/gemma-3-12b-it,min_p,0.07,0.44,0.0,44,0,100,72,1000,/home/jovyan/WCS-repo/results/spanish_pd_books/t1/audit.gemma3-12b-it.jsonl
1.0,google/gemma-3-12b-it,min_p,0.08,0.44,0.0,44,0,100,71,1000,/home/jovyan/WCS-repo/results/spanish_pd_books/t1/audit.gemma3-12b-it.jsonl
1.0,google/gemma-3-12b-it,min_p,0.09,0.43,0.0,43,0,100,68,1000,/home/jovyan/WCS-repo/results/spanish_pd_books/t1/audit.gemma3-12b-it.jsonl
1.0,google/gemma-3-12b-it,min_p,0.1,0.4,0.0,40,0,100,63,1000,/home/jovyan/WCS-repo/results/spanish_pd_books/t1/audit.gemma3-12b-it.jsonl
1.5,google/gemma-3-12b-it,top_k,1.0,0.23,0.0,23,0,100,34,1000,/home/jovyan/WCS-repo/results/spanish_pd_books/t1p5/audit.gemma3-12b-it.jsonl
1.5,google/gemma-3-12b-it,top_k,2.0,0.31,0.0,31,0,100,51,1000,/home/jovyan/WCS-repo/results/spanish_pd_books/t1p5/audit.gemma3-12b-it.jsonl
1.5,google/gemma-3-12b-it,top_k,3.0,0.41,0.0,41,0,100,65,1000,/home/jovyan/WCS-repo/results/spanish_pd_books/t1p5/audit.gemma3-12b-it.jsonl
1.5,google/gemma-3-12b-it,top_k,4.0,0.43,0.0,43,0,100,72,1000,/home/jovyan/WCS-repo/results/spanish_pd_books/t1p5/audit.gemma3-12b-it.jsonl
1.5,google/gemma-3-12b-it,top_k,5.0,0.46,0.0,46,0,100,80,1000,/home/jovyan/WCS-repo/results/spanish_pd_books/t1p5/audit.gemma3-12b-it.jsonl
1.5,google/gemma-3-12b-it,top_k,6.0,0.5,0.0,50,0,100,90,1000,/home/jovyan/WCS-repo/results/spanish_pd_books/t1p5/audit.gemma3-12b-it.jsonl
1.5,google/gemma-3-12b-it,top_k,7.0,0.51,0.0,51,0,100,96,1000,/home/jovyan/WCS-repo/results/spanish_pd_books/t1p5/audit.gemma3-12b-it.jsonl
1.5,google/gemma-3-12b-it,top_k,8.0,0.51,0.0,51,0,100,99,1000,/home/jovyan/WCS-repo/results/spanish_pd_books/t1p5/audit.gemma3-12b-it.jsonl
1.5,google/gemma-3-12b-it,top_k,9.0,0.52,0.0,52,0,100,103,1000,/home/jovyan/WCS-repo/results/spanish_pd_books/t1p5/audit.gemma3-12b-it.jsonl
1.5,google/gemma-3-12b-it,top_k,10.0,0.52,0.0,52,0,100,108,1000,/home/jovyan/WCS-repo/results/spanish_pd_books/t1p5/audit.gemma3-12b-it.jsonl
1.5,google/gemma-3-12b-it,top_k,11.0,0.55,0.0,55,0,100,112,1000,/home/jovyan/WCS-repo/results/spanish_pd_books/t1p5/audit.gemma3-12b-it.jsonl
1.5,google/gemma-3-12b-it,top_k,12.0,0.55,0.0,55,0,100,114,1000,/home/jovyan/WCS-repo/results/spanish_pd_books/t1p5/audit.gemma3-12b-it.jsonl
1.5,google/gemma-3-12b-it,top_k,13.0,0.56,0.0,56,0,100,119,1000,/home/jovyan/WCS-repo/results/spanish_pd_books/t1p5/audit.gemma3-12b-it.jsonl
1.5,google/gemma-3-12b-it,top_k,14.0,0.56,0.0,56,0,100,121,1000,/home/jovyan/WCS-repo/results/spanish_pd_books/t1p5/audit.gemma3-12b-it.jsonl
1.5,google/gemma-3-12b-it,top_k,15.0,0.56,0.0,56,0,100,123,1000,/home/jovyan/WCS-repo/results/spanish_pd_books/t1p5/audit.gemma3-12b-it.jsonl
1.5,google/gemma-3-12b-it,top_k,16.0,0.57,0.0,57,0,100,127,1000,/home/jovyan/WCS-repo/results/spanish_pd_books/t1p5/audit.gemma3-12b-it.jsonl
1.5,google/gemma-3-12b-it,top_k,17.0,0.62,0.0,62,0,100,135,1000,/home/jovyan/WCS-repo/results/spanish_pd_books/t1p5/audit.gemma3-12b-it.jsonl
1.5,google/gemma-3-12b-it,top_k,18.0,0.63,0.0,63,0,100,138,1000,/home/jovyan/WCS-repo/results/spanish_pd_books/t1p5/audit.gemma3-12b-it.jsonl
1.5,google/gemma-3-12b-it,top_k,19.0,0.64,0.0,64,0,100,141,1000,/home/jovyan/WCS-repo/results/spanish_pd_books/t1p5/audit.gemma3-12b-it.jsonl
1.5,google/gemma-3-12b-it,top_k,20.0,0.64,0.0,64,0,100,143,1000,/home/jovyan/WCS-repo/results/spanish_pd_books/t1p5/audit.gemma3-12b-it.jsonl
1.5,google/gemma-3-12b-it,top_p,0.5,0.58,0.0,58,0,100,96,1000,/home/jovyan/WCS-repo/results/spanish_pd_books/t1p5/audit.gemma3-12b-it.jsonl
1.5,google/gemma-3-12b-it,top_p,0.55,0.61,0.0,61,0,100,117,1000,/home/jovyan/WCS-repo/results/spanish_pd_books/t1p5/audit.gemma3-12b-it.jsonl
1.5,google/gemma-3-12b-it,top_p,0.6,0.73,0.0,73,0,100,159,1000,/home/jovyan/WCS-repo/results/spanish_pd_books/t1p5/audit.gemma3-12b-it.jsonl
1.5,google/gemma-3-12b-it,top_p,0.65,0.8,0.0,80,0,100,201,1000,/home/jovyan/WCS-repo/results/spanish_pd_books/t1p5/audit.gemma3-12b-it.jsonl
1.5,google/gemma-3-12b-it,top_p,0.7,0.88,0.0,88,0,100,247,1000,/home/jovyan/WCS-repo/results/spanish_pd_books/t1p5/audit.gemma3-12b-it.jsonl
1.5,google/gemma-3-12b-it,top_p,0.75,0.92,0.0,92,0,100,305,1000,/home/jovyan/WCS-repo/results/spanish_pd_books/t1p5/audit.gemma3-12b-it.jsonl
1.5,google/gemma-3-12b-it,top_p,0.8,0.96,0.0,96,0,100,350,1000,/home/jovyan/WCS-repo/results/spanish_pd_books/t1p5/audit.gemma3-12b-it.jsonl
1.5,google/gemma-3-12b-it,top_p,0.85,0.98,0.0,98,0,100,415,1000,/home/jovyan/WCS-repo/results/spanish_pd_books/t1p5/audit.gemma3-12b-it.jsonl
1.5,google/gemma-3-12b-it,top_p,0.9,1.0,0.01,100,1,100,474,1000,/home/jovyan/WCS-repo/results/spanish_pd_books/t1p5/audit.gemma3-12b-it.jsonl
1.5,google/gemma-3-12b-it,top_p,0.95,1.0,0.01,100,1,100,554,1000,/home/jovyan/WCS-repo/results/spanish_pd_books/t1p5/audit.gemma3-12b-it.jsonl
1.5,google/gemma-3-12b-it,top_p,0.99,1.0,0.08,100,8,100,680,1000,/home/jovyan/WCS-repo/results/spanish_pd_books/t1p5/audit.gemma3-12b-it.jsonl
1.5,google/gemma-3-12b-it,min_p,0.01,0.89,0.0,89,0,100,241,1000,/home/jovyan/WCS-repo/results/spanish_pd_books/t1p5/audit.gemma3-12b-it.jsonl
1.5,google/gemma-3-12b-it,min_p,0.02,0.79,0.0,79,0,100,184,1000,/home/jovyan/WCS-repo/results/spanish_pd_books/t1p5/audit.gemma3-12b-it.jsonl
1.5,google/gemma-3-12b-it,min_p,0.03,0.75,0.0,75,0,100,154,1000,/home/jovyan/WCS-repo/results/spanish_pd_books/t1p5/audit.gemma3-12b-it.jsonl
1.5,google/gemma-3-12b-it,min_p,0.04,0.67,0.0,67,0,100,133,1000,/home/jovyan/WCS-repo/results/spanish_pd_books/t1p5/audit.gemma3-12b-it.jsonl
1.5,google/gemma-3-12b-it,min_p,0.05,0.65,0.0,65,0,100,124,1000,/home/jovyan/WCS-repo/results/spanish_pd_books/t1p5/audit.gemma3-12b-it.jsonl
1.5,google/gemma-3-12b-it,min_p,0.06,0.61,0.0,61,0,100,114,1000,/home/jovyan/WCS-repo/results/spanish_pd_books/t1p5/audit.gemma3-12b-it.jsonl
1.5,google/gemma-3-12b-it,min_p,0.07,0.58,0.0,58,0,100,109,1000,/home/jovyan/WCS-repo/results/spanish_pd_books/t1p5/audit.gemma3-12b-it.jsonl
1.5,google/gemma-3-12b-it,min_p,0.08,0.56,0.0,56,0,100,106,1000,/home/jovyan/WCS-repo/results/spanish_pd_books/t1p5/audit.gemma3-12b-it.jsonl
1.5,google/gemma-3-12b-it,min_p,0.09,0.55,0.0,55,0,100,101,1000,/home/jovyan/WCS-repo/results/spanish_pd_books/t1p5/audit.gemma3-12b-it.jsonl
1.5,google/gemma-3-12b-it,min_p,0.1,0.55,0.0,55,0,100,101,1000,/home/jovyan/WCS-repo/results/spanish_pd_books/t1p5/audit.gemma3-12b-it.jsonl
0.7,google/gemma-3-12b-pt,top_k,1.0,0.2,0.0,20,0,100,30,1000,/home/jovyan/WCS-repo/results/spanish_pd_books/t0p7/audit.gemma3-12b-base.jsonl
0.7,google/gemma-3-12b-pt,top_k,2.0,0.22,0.0,22,0,100,36,1000,/home/jovyan/WCS-repo/results/spanish_pd_books/t0p7/audit.gemma3-12b-base.jsonl
0.7,google/gemma-3-12b-pt,top_k,3.0,0.25,0.0,25,0,100,41,1000,/home/jovyan/WCS-repo/results/spanish_pd_books/t0p7/audit.gemma3-12b-base.jsonl
0.7,google/gemma-3-12b-pt,top_k,4.0,0.28,0.0,28,0,100,48,1000,/home/jovyan/WCS-repo/results/spanish_pd_books/t0p7/audit.gemma3-12b-base.jsonl
0.7,google/gemma-3-12b-pt,top_k,5.0,0.28,0.0,28,0,100,50,1000,/home/jovyan/WCS-repo/results/spanish_pd_books/t0p7/audit.gemma3-12b-base.jsonl
0.7,google/gemma-3-12b-pt,top_k,6.0,0.31,0.0,31,0,100,57,1000,/home/jovyan/WCS-repo/results/spanish_pd_books/t0p7/audit.gemma3-12b-base.jsonl
0.7,google/gemma-3-12b-pt,top_k,7.0,0.32,0.0,32,0,100,59,1000,/home/jovyan/WCS-repo/results/spanish_pd_books/t0p7/audit.gemma3-12b-base.jsonl
0.7,google/gemma-3-12b-pt,top_k,8.0,0.33,0.0,33,0,100,61,1000,/home/jovyan/WCS-repo/results/spanish_pd_books/t0p7/audit.gemma3-12b-base.jsonl
0.7,google/gemma-3-12b-pt,top_k,9.0,0.34,0.0,34,0,100,64,1000,/home/jovyan/WCS-repo/results/spanish_pd_books/t0p7/audit.gemma3-12b-base.jsonl
0.7,google/gemma-3-12b-pt,top_k,10.0,0.35,0.0,35,0,100,66,1000,/home/jovyan/WCS-repo/results/spanish_pd_books/t0p7/audit.gemma3-12b-base.jsonl
0.7,google/gemma-3-12b-pt,top_k,11.0,0.36,0.0,36,0,100,67,1000,/home/jovyan/WCS-repo/results/spanish_pd_books/t0p7/audit.gemma3-12b-base.jsonl
0.7,google/gemma-3-12b-pt,top_k,12.0,0.38,0.0,38,0,100,71,1000,/home/jovyan/WCS-repo/results/spanish_pd_books/t0p7/audit.gemma3-12b-base.jsonl
0.7,google/gemma-3-12b-pt,top_k,13.0,0.39,0.0,39,0,100,72,1000,/home/jovyan/WCS-repo/results/spanish_pd_books/t0p7/audit.gemma3-12b-base.jsonl
0.7,google/gemma-3-12b-pt,top_k,14.0,0.39,0.0,39,0,100,72,1000,/home/jovyan/WCS-repo/results/spanish_pd_books/t0p7/audit.gemma3-12b-base.jsonl
0.7,google/gemma-3-12b-pt,top_k,15.0,0.4,0.0,40,0,100,73,1000,/home/jovyan/WCS-repo/results/spanish_pd_books/t0p7/audit.gemma3-12b-base.jsonl
0.7,google/gemma-3-12b-pt,top_k,16.0,0.41,0.0,41,0,100,74,1000,/home/jovyan/WCS-repo/results/spanish_pd_books/t0p7/audit.gemma3-12b-base.jsonl
0.7,google/gemma-3-12b-pt,top_k,17.0,0.42,0.0,42,0,100,76,1000,/home/jovyan/WCS-repo/results/spanish_pd_books/t0p7/audit.gemma3-12b-base.jsonl
0.7,google/gemma-3-12b-pt,top_k,18.0,0.43,0.0,43,0,100,77,1000,/home/jovyan/WCS-repo/results/spanish_pd_books/t0p7/audit.gemma3-12b-base.jsonl
0.7,google/gemma-3-12b-pt,top_k,19.0,0.43,0.0,43,0,100,77,1000,/home/jovyan/WCS-repo/results/spanish_pd_books/t0p7/audit.gemma3-12b-base.jsonl
0.7,google/gemma-3-12b-pt,top_k,20.0,0.43,0.0,43,0,100,79,1000,/home/jovyan/WCS-repo/results/spanish_pd_books/t0p7/audit.gemma3-12b-base.jsonl
0.7,google/gemma-3-12b-pt,top_p,0.5,0.0,0.0,0,0,100,0,1000,/home/jovyan/WCS-repo/results/spanish_pd_books/t0p7/audit.gemma3-12b-base.jsonl
0.7,google/gemma-3-12b-pt,top_p,0.55,0.0,0.0,0,0,100,0,1000,/home/jovyan/WCS-repo/results/spanish_pd_books/t0p7/audit.gemma3-12b-base.jsonl
0.7,google/gemma-3-12b-pt,top_p,0.6,0.0,0.0,0,0,100,0,1000,/home/jovyan/WCS-repo/results/spanish_pd_books/t0p7/audit.gemma3-12b-base.jsonl
0.7,google/gemma-3-12b-pt,top_p,0.65,0.0,0.0,0,0,100,0,1000,/home/jovyan/WCS-repo/results/spanish_pd_books/t0p7/audit.gemma3-12b-base.jsonl
0.7,google/gemma-3-12b-pt,top_p,0.7,0.0,0.0,0,0,100,0,1000,/home/jovyan/WCS-repo/results/spanish_pd_books/t0p7/audit.gemma3-12b-base.jsonl
0.7,google/gemma-3-12b-pt,top_p,0.75,0.0,0.0,0,0,100,0,1000,/home/jovyan/WCS-repo/results/spanish_pd_books/t0p7/audit.gemma3-12b-base.jsonl
0.7,google/gemma-3-12b-pt,top_p,0.8,0.01,0.0,1,0,100,2,1000,/home/jovyan/WCS-repo/results/spanish_pd_books/t0p7/audit.gemma3-12b-base.jsonl
0.7,google/gemma-3-12b-pt,top_p,0.85,0.01,0.0,1,0,100,2,1000,/home/jovyan/WCS-repo/results/spanish_pd_books/t0p7/audit.gemma3-12b-base.jsonl
0.7,google/gemma-3-12b-pt,top_p,0.9,0.02,0.0,2,0,100,3,1000,/home/jovyan/WCS-repo/results/spanish_pd_books/t0p7/audit.gemma3-12b-base.jsonl
0.7,google/gemma-3-12b-pt,top_p,0.95,0.1,0.0,10,0,100,13,1000,/home/jovyan/WCS-repo/results/spanish_pd_books/t0p7/audit.gemma3-12b-base.jsonl
0.7,google/gemma-3-12b-pt,top_p,0.99,0.51,0.0,51,0,100,85,1000,/home/jovyan/WCS-repo/results/spanish_pd_books/t0p7/audit.gemma3-12b-base.jsonl
0.7,google/gemma-3-12b-pt,min_p,0.01,0.36,0.0,36,0,100,61,1000,/home/jovyan/WCS-repo/results/spanish_pd_books/t0p7/audit.gemma3-12b-base.jsonl
0.7,google/gemma-3-12b-pt,min_p,0.02,0.29,0.0,29,0,100,50,1000,/home/jovyan/WCS-repo/results/spanish_pd_books/t0p7/audit.gemma3-12b-base.jsonl
0.7,google/gemma-3-12b-pt,min_p,0.03,0.29,0.0,29,0,100,50,1000,/home/jovyan/WCS-repo/results/spanish_pd_books/t0p7/audit.gemma3-12b-base.jsonl
0.7,google/gemma-3-12b-pt,min_p,0.04,0.28,0.0,28,0,100,47,1000,/home/jovyan/WCS-repo/results/spanish_pd_books/t0p7/audit.gemma3-12b-base.jsonl
0.7,google/gemma-3-12b-pt,min_p,0.05,0.27,0.0,27,0,100,43,1000,/home/jovyan/WCS-repo/results/spanish_pd_books/t0p7/audit.gemma3-12b-base.jsonl
0.7,google/gemma-3-12b-pt,min_p,0.06,0.27,0.0,27,0,100,43,1000,/home/jovyan/WCS-repo/results/spanish_pd_books/t0p7/audit.gemma3-12b-base.jsonl
0.7,google/gemma-3-12b-pt,min_p,0.07,0.25,0.0,25,0,100,40,1000,/home/jovyan/WCS-repo/results/spanish_pd_books/t0p7/audit.gemma3-12b-base.jsonl
0.7,google/gemma-3-12b-pt,min_p,0.08,0.25,0.0,25,0,100,40,1000,/home/jovyan/WCS-repo/results/spanish_pd_books/t0p7/audit.gemma3-12b-base.jsonl
0.7,google/gemma-3-12b-pt,min_p,0.09,0.25,0.0,25,0,100,40,1000,/home/jovyan/WCS-repo/results/spanish_pd_books/t0p7/audit.gemma3-12b-base.jsonl
0.7,google/gemma-3-12b-pt,min_p,0.1,0.25,0.0,25,0,100,40,1000,/home/jovyan/WCS-repo/results/spanish_pd_books/t0p7/audit.gemma3-12b-base.jsonl
1.0,google/gemma-3-12b-pt,top_k,1.0,0.2,0.0,20,0,100,30,1000,/home/jovyan/WCS-repo/results/spanish_pd_books/t1/audit.gemma3-12b-base.jsonl
1.0,google/gemma-3-12b-pt,top_k,2.0,0.22,0.0,22,0,100,36,1000,/home/jovyan/WCS-repo/results/spanish_pd_books/t1/audit.gemma3-12b-base.jsonl
1.0,google/gemma-3-12b-pt,top_k,3.0,0.25,0.0,25,0,100,41,1000,/home/jovyan/WCS-repo/results/spanish_pd_books/t1/audit.gemma3-12b-base.jsonl
1.0,google/gemma-3-12b-pt,top_k,4.0,0.28,0.0,28,0,100,48,1000,/home/jovyan/WCS-repo/results/spanish_pd_books/t1/audit.gemma3-12b-base.jsonl
1.0,google/gemma-3-12b-pt,top_k,5.0,0.28,0.0,28,0,100,50,1000,/home/jovyan/WCS-repo/results/spanish_pd_books/t1/audit.gemma3-12b-base.jsonl
1.0,google/gemma-3-12b-pt,top_k,6.0,0.31,0.0,31,0,100,57,1000,/home/jovyan/WCS-repo/results/spanish_pd_books/t1/audit.gemma3-12b-base.jsonl
1.0,google/gemma-3-12b-pt,top_k,7.0,0.32,0.0,32,0,100,59,1000,/home/jovyan/WCS-repo/results/spanish_pd_books/t1/audit.gemma3-12b-base.jsonl
1.0,google/gemma-3-12b-pt,top_k,8.0,0.33,0.0,33,0,100,61,1000,/home/jovyan/WCS-repo/results/spanish_pd_books/t1/audit.gemma3-12b-base.jsonl
1.0,google/gemma-3-12b-pt,top_k,9.0,0.34,0.0,34,0,100,64,1000,/home/jovyan/WCS-repo/results/spanish_pd_books/t1/audit.gemma3-12b-base.jsonl
1.0,google/gemma-3-12b-pt,top_k,10.0,0.35,0.0,35,0,100,66,1000,/home/jovyan/WCS-repo/results/spanish_pd_books/t1/audit.gemma3-12b-base.jsonl
1.0,google/gemma-3-12b-pt,top_k,11.0,0.36,0.0,36,0,100,67,1000,/home/jovyan/WCS-repo/results/spanish_pd_books/t1/audit.gemma3-12b-base.jsonl
1.0,google/gemma-3-12b-pt,top_k,12.0,0.38,0.0,38,0,100,71,1000,/home/jovyan/WCS-repo/results/spanish_pd_books/t1/audit.gemma3-12b-base.jsonl
1.0,google/gemma-3-12b-pt,top_k,13.0,0.39,0.0,39,0,100,72,1000,/home/jovyan/WCS-repo/results/spanish_pd_books/t1/audit.gemma3-12b-base.jsonl
1.0,google/gemma-3-12b-pt,top_k,14.0,0.39,0.0,39,0,100,72,1000,/home/jovyan/WCS-repo/results/spanish_pd_books/t1/audit.gemma3-12b-base.jsonl
1.0,google/gemma-3-12b-pt,top_k,15.0,0.4,0.0,40,0,100,73,1000,/home/jovyan/WCS-repo/results/spanish_pd_books/t1/audit.gemma3-12b-base.jsonl
1.0,google/gemma-3-12b-pt,top_k,16.0,0.41,0.0,41,0,100,74,1000,/home/jovyan/WCS-repo/results/spanish_pd_books/t1/audit.gemma3-12b-base.jsonl
1.0,google/gemma-3-12b-pt,top_k,17.0,0.42,0.0,42,0,100,76,1000,/home/jovyan/WCS-repo/results/spanish_pd_books/t1/audit.gemma3-12b-base.jsonl
1.0,google/gemma-3-12b-pt,top_k,18.0,0.43,0.0,43,0,100,77,1000,/home/jovyan/WCS-repo/results/spanish_pd_books/t1/audit.gemma3-12b-base.jsonl
1.0,google/gemma-3-12b-pt,top_k,19.0,0.43,0.0,43,0,100,77,1000,/home/jovyan/WCS-repo/results/spanish_pd_books/t1/audit.gemma3-12b-base.jsonl
1.0,google/gemma-3-12b-pt,top_k,20.0,0.43,0.0,43,0,100,79,1000,/home/jovyan/WCS-repo/results/spanish_pd_books/t1/audit.gemma3-12b-base.jsonl
1.0,google/gemma-3-12b-pt,top_p,0.5,0.01,0.0,1,0,100,2,1000,/home/jovyan/WCS-repo/results/spanish_pd_books/t1/audit.gemma3-12b-base.jsonl
1.0,google/gemma-3-12b-pt,top_p,0.55,0.01,0.0,1,0,100,2,1000,/home/jovyan/WCS-repo/results/spanish_pd_books/t1/audit.gemma3-12b-base.jsonl
1.0,google/gemma-3-12b-pt,top_p,0.6,0.01,0.0,1,0,100,2,1000,/home/jovyan/WCS-repo/results/spanish_pd_books/t1/audit.gemma3-12b-base.jsonl
1.0,google/gemma-3-12b-pt,top_p,0.65,0.02,0.0,2,0,100,3,1000,/home/jovyan/WCS-repo/results/spanish_pd_books/t1/audit.gemma3-12b-base.jsonl
1.0,google/gemma-3-12b-pt,top_p,0.7,0.09,0.0,9,0,100,10,1000,/home/jovyan/WCS-repo/results/spanish_pd_books/t1/audit.gemma3-12b-base.jsonl
1.0,google/gemma-3-12b-pt,top_p,0.75,0.15,0.0,15,0,100,18,1000,/home/jovyan/WCS-repo/results/spanish_pd_books/t1/audit.gemma3-12b-base.jsonl
1.0,google/gemma-3-12b-pt,top_p,0.8,0.25,0.0,25,0,100,34,1000,/home/jovyan/WCS-repo/results/spanish_pd_books/t1/audit.gemma3-12b-base.jsonl
1.0,google/gemma-3-12b-pt,top_p,0.85,0.39,0.0,39,0,100,60,1000,/home/jovyan/WCS-repo/results/spanish_pd_books/t1/audit.gemma3-12b-base.jsonl
1.0,google/gemma-3-12b-pt,top_p,0.9,0.64,0.0,64,0,100,125,1000,/home/jovyan/WCS-repo/results/spanish_pd_books/t1/audit.gemma3-12b-base.jsonl
1.0,google/gemma-3-12b-pt,top_p,0.95,0.91,0.0,91,0,100,276,1000,/home/jovyan/WCS-repo/results/spanish_pd_books/t1/audit.gemma3-12b-base.jsonl
1.0,google/gemma-3-12b-pt,top_p,0.99,1.0,0.06,100,6,100,668,1000,/home/jovyan/WCS-repo/results/spanish_pd_books/t1/audit.gemma3-12b-base.jsonl
1.0,google/gemma-3-12b-pt,min_p,0.01,0.48,0.0,48,0,100,95,1000,/home/jovyan/WCS-repo/results/spanish_pd_books/t1/audit.gemma3-12b-base.jsonl
1.0,google/gemma-3-12b-pt,min_p,0.02,0.45,0.0,45,0,100,78,1000,/home/jovyan/WCS-repo/results/spanish_pd_books/t1/audit.gemma3-12b-base.jsonl
1.0,google/gemma-3-12b-pt,min_p,0.03,0.41,0.0,41,0,100,70,1000,/home/jovyan/WCS-repo/results/spanish_pd_books/t1/audit.gemma3-12b-base.jsonl
1.0,google/gemma-3-12b-pt,min_p,0.04,0.36,0.0,36,0,100,61,1000,/home/jovyan/WCS-repo/results/spanish_pd_books/t1/audit.gemma3-12b-base.jsonl
1.0,google/gemma-3-12b-pt,min_p,0.05,0.34,0.0,34,0,100,56,1000,/home/jovyan/WCS-repo/results/spanish_pd_books/t1/audit.gemma3-12b-base.jsonl
1.0,google/gemma-3-12b-pt,min_p,0.06,0.31,0.0,31,0,100,52,1000,/home/jovyan/WCS-repo/results/spanish_pd_books/t1/audit.gemma3-12b-base.jsonl
1.0,google/gemma-3-12b-pt,min_p,0.07,0.29,0.0,29,0,100,50,1000,/home/jovyan/WCS-repo/results/spanish_pd_books/t1/audit.gemma3-12b-base.jsonl
1.0,google/gemma-3-12b-pt,min_p,0.08,0.29,0.0,29,0,100,50,1000,/home/jovyan/WCS-repo/results/spanish_pd_books/t1/audit.gemma3-12b-base.jsonl
1.0,google/gemma-3-12b-pt,min_p,0.09,0.29,0.0,29,0,100,49,1000,/home/jovyan/WCS-repo/results/spanish_pd_books/t1/audit.gemma3-12b-base.jsonl
1.0,google/gemma-3-12b-pt,min_p,0.1,0.28,0.0,28,0,100,47,1000,/home/jovyan/WCS-repo/results/spanish_pd_books/t1/audit.gemma3-12b-base.jsonl
1.5,google/gemma-3-12b-pt,top_k,1.0,0.2,0.0,20,0,100,30,1000,/home/jovyan/WCS-repo/results/spanish_pd_books/t1p5/audit.gemma3-12b-base.jsonl
1.5,google/gemma-3-12b-pt,top_k,2.0,0.22,0.0,22,0,100,36,1000,/home/jovyan/WCS-repo/results/spanish_pd_books/t1p5/audit.gemma3-12b-base.jsonl
1.5,google/gemma-3-12b-pt,top_k,3.0,0.25,0.0,25,0,100,41,1000,/home/jovyan/WCS-repo/results/spanish_pd_books/t1p5/audit.gemma3-12b-base.jsonl
1.5,google/gemma-3-12b-pt,top_k,4.0,0.28,0.0,28,0,100,48,1000,/home/jovyan/WCS-repo/results/spanish_pd_books/t1p5/audit.gemma3-12b-base.jsonl
1.5,google/gemma-3-12b-pt,top_k,5.0,0.28,0.0,28,0,100,50,1000,/home/jovyan/WCS-repo/results/spanish_pd_books/t1p5/audit.gemma3-12b-base.jsonl
1.5,google/gemma-3-12b-pt,top_k,6.0,0.31,0.0,31,0,100,57,1000,/home/jovyan/WCS-repo/results/spanish_pd_books/t1p5/audit.gemma3-12b-base.jsonl
1.5,google/gemma-3-12b-pt,top_k,7.0,0.32,0.0,32,0,100,59,1000,/home/jovyan/WCS-repo/results/spanish_pd_books/t1p5/audit.gemma3-12b-base.jsonl
1.5,google/gemma-3-12b-pt,top_k,8.0,0.33,0.0,33,0,100,61,1000,/home/jovyan/WCS-repo/results/spanish_pd_books/t1p5/audit.gemma3-12b-base.jsonl
1.5,google/gemma-3-12b-pt,top_k,9.0,0.34,0.0,34,0,100,64,1000,/home/jovyan/WCS-repo/results/spanish_pd_books/t1p5/audit.gemma3-12b-base.jsonl
1.5,google/gemma-3-12b-pt,top_k,10.0,0.35,0.0,35,0,100,66,1000,/home/jovyan/WCS-repo/results/spanish_pd_books/t1p5/audit.gemma3-12b-base.jsonl
1.5,google/gemma-3-12b-pt,top_k,11.0,0.36,0.0,36,0,100,67,1000,/home/jovyan/WCS-repo/results/spanish_pd_books/t1p5/audit.gemma3-12b-base.jsonl
1.5,google/gemma-3-12b-pt,top_k,12.0,0.38,0.0,38,0,100,71,1000,/home/jovyan/WCS-repo/results/spanish_pd_books/t1p5/audit.gemma3-12b-base.jsonl
1.5,google/gemma-3-12b-pt,top_k,13.0,0.39,0.0,39,0,100,72,1000,/home/jovyan/WCS-repo/results/spanish_pd_books/t1p5/audit.gemma3-12b-base.jsonl
1.5,google/gemma-3-12b-pt,top_k,14.0,0.39,0.0,39,0,100,72,1000,/home/jovyan/WCS-repo/results/spanish_pd_books/t1p5/audit.gemma3-12b-base.jsonl
1.5,google/gemma-3-12b-pt,top_k,15.0,0.4,0.0,40,0,100,73,1000,/home/jovyan/WCS-repo/results/spanish_pd_books/t1p5/audit.gemma3-12b-base.jsonl
1.5,google/gemma-3-12b-pt,top_k,16.0,0.41,0.0,41,0,100,74,1000,/home/jovyan/WCS-repo/results/spanish_pd_books/t1p5/audit.gemma3-12b-base.jsonl
1.5,google/gemma-3-12b-pt,top_k,17.0,0.42,0.0,42,0,100,76,1000,/home/jovyan/WCS-repo/results/spanish_pd_books/t1p5/audit.gemma3-12b-base.jsonl
1.5,google/gemma-3-12b-pt,top_k,18.0,0.43,0.0,43,0,100,77,1000,/home/jovyan/WCS-repo/results/spanish_pd_books/t1p5/audit.gemma3-12b-base.jsonl
1.5,google/gemma-3-12b-pt,top_k,19.0,0.43,0.0,43,0,100,77,1000,/home/jovyan/WCS-repo/results/spanish_pd_books/t1p5/audit.gemma3-12b-base.jsonl
1.5,google/gemma-3-12b-pt,top_k,20.0,0.43,0.0,43,0,100,79,1000,/home/jovyan/WCS-repo/results/spanish_pd_books/t1p5/audit.gemma3-12b-base.jsonl
1.5,google/gemma-3-12b-pt,top_p,0.5,0.72,0.0,72,0,100,182,1000,/home/jovyan/WCS-repo/results/spanish_pd_books/t1p5/audit.gemma3-12b-base.jsonl
1.5,google/gemma-3-12b-pt,top_p,0.55,0.83,0.0,83,0,100,249,1000,/home/jovyan/WCS-repo/results/spanish_pd_books/t1p5/audit.gemma3-12b-base.jsonl
1.5,google/gemma-3-12b-pt,top_p,0.6,0.93,0.01,93,1,100,331,1000,/home/jovyan/WCS-repo/results/spanish_pd_books/t1p5/audit.gemma3-12b-base.jsonl
1.5,google/gemma-3-12b-pt,top_p,0.65,0.96,0.03,96,3,100,419,1000,/home/jovyan/WCS-repo/results/spanish_pd_books/t1p5/audit.gemma3-12b-base.jsonl
1.5,google/gemma-3-12b-pt,top_p,0.7,1.0,0.03,100,3,100,529,1000,/home/jovyan/WCS-repo/results/spanish_pd_books/t1p5/audit.gemma3-12b-base.jsonl
1.5,google/gemma-3-12b-pt,top_p,0.75,1.0,0.06,100,6,100,626,1000,/home/jovyan/WCS-repo/results/spanish_pd_books/t1p5/audit.gemma3-12b-base.jsonl
1.5,google/gemma-3-12b-pt,top_p,0.8,1.0,0.13,100,13,100,725,1000,/home/jovyan/WCS-repo/results/spanish_pd_books/t1p5/audit.gemma3-12b-base.jsonl
1.5,google/gemma-3-12b-pt,top_p,0.85,1.0,0.33,100,33,100,837,1000,/home/jovyan/WCS-repo/results/spanish_pd_books/t1p5/audit.gemma3-12b-base.jsonl
1.5,google/gemma-3-12b-pt,top_p,0.9,1.0,0.55,100,55,100,924,1000,/home/jovyan/WCS-repo/results/spanish_pd_books/t1p5/audit.gemma3-12b-base.jsonl
1.5,google/gemma-3-12b-pt,top_p,0.95,1.0,0.81,100,81,100,978,1000,/home/jovyan/WCS-repo/results/spanish_pd_books/t1p5/audit.gemma3-12b-base.jsonl
1.5,google/gemma-3-12b-pt,top_p,0.99,1.0,0.96,100,96,100,996,1000,/home/jovyan/WCS-repo/results/spanish_pd_books/t1p5/audit.gemma3-12b-base.jsonl
1.5,google/gemma-3-12b-pt,min_p,0.01,0.78,0.0,78,0,100,218,1000,/home/jovyan/WCS-repo/results/spanish_pd_books/t1p5/audit.gemma3-12b-base.jsonl
1.5,google/gemma-3-12b-pt,min_p,0.02,0.66,0.0,66,0,100,154,1000,/home/jovyan/WCS-repo/results/spanish_pd_books/t1p5/audit.gemma3-12b-base.jsonl
1.5,google/gemma-3-12b-pt,min_p,0.03,0.56,0.0,56,0,100,123,1000,/home/jovyan/WCS-repo/results/spanish_pd_books/t1p5/audit.gemma3-12b-base.jsonl
1.5,google/gemma-3-12b-pt,min_p,0.04,0.51,0.0,51,0,100,105,1000,/home/jovyan/WCS-repo/results/spanish_pd_books/t1p5/audit.gemma3-12b-base.jsonl
1.5,google/gemma-3-12b-pt,min_p,0.05,0.47,0.0,47,0,100,93,1000,/home/jovyan/WCS-repo/results/spanish_pd_books/t1p5/audit.gemma3-12b-base.jsonl
1.5,google/gemma-3-12b-pt,min_p,0.06,0.47,0.0,47,0,100,89,1000,/home/jovyan/WCS-repo/results/spanish_pd_books/t1p5/audit.gemma3-12b-base.jsonl
1.5,google/gemma-3-12b-pt,min_p,0.07,0.45,0.0,45,0,100,80,1000,/home/jovyan/WCS-repo/results/spanish_pd_books/t1p5/audit.gemma3-12b-base.jsonl
1.5,google/gemma-3-12b-pt,min_p,0.08,0.43,0.0,43,0,100,76,1000,/home/jovyan/WCS-repo/results/spanish_pd_books/t1p5/audit.gemma3-12b-base.jsonl
1.5,google/gemma-3-12b-pt,min_p,0.09,0.42,0.0,42,0,100,71,1000,/home/jovyan/WCS-repo/results/spanish_pd_books/t1p5/audit.gemma3-12b-base.jsonl
1.5,google/gemma-3-12b-pt,min_p,0.1,0.4,0.0,40,0,100,67,1000,/home/jovyan/WCS-repo/results/spanish_pd_books/t1p5/audit.gemma3-12b-base.jsonl
0.7,google/gemma-4-E4B,top_k,1.0,0.18,0.0,18,0,100,25,1000,/home/jovyan/WCS-repo/results/spanish_pd_books/t0p7/audit.gemma4-e4b-base.jsonl
0.7,google/gemma-4-E4B,top_k,2.0,0.24,0.0,24,0,100,36,1000,/home/jovyan/WCS-repo/results/spanish_pd_books/t0p7/audit.gemma4-e4b-base.jsonl
0.7,google/gemma-4-E4B,top_k,3.0,0.28,0.0,28,0,100,46,1000,/home/jovyan/WCS-repo/results/spanish_pd_books/t0p7/audit.gemma4-e4b-base.jsonl
0.7,google/gemma-4-E4B,top_k,4.0,0.31,0.0,31,0,100,53,1000,/home/jovyan/WCS-repo/results/spanish_pd_books/t0p7/audit.gemma4-e4b-base.jsonl
0.7,google/gemma-4-E4B,top_k,5.0,0.34,0.0,34,0,100,58,1000,/home/jovyan/WCS-repo/results/spanish_pd_books/t0p7/audit.gemma4-e4b-base.jsonl
0.7,google/gemma-4-E4B,top_k,6.0,0.35,0.0,35,0,100,60,1000,/home/jovyan/WCS-repo/results/spanish_pd_books/t0p7/audit.gemma4-e4b-base.jsonl
0.7,google/gemma-4-E4B,top_k,7.0,0.36,0.0,36,0,100,61,1000,/home/jovyan/WCS-repo/results/spanish_pd_books/t0p7/audit.gemma4-e4b-base.jsonl
0.7,google/gemma-4-E4B,top_k,8.0,0.38,0.0,38,0,100,64,1000,/home/jovyan/WCS-repo/results/spanish_pd_books/t0p7/audit.gemma4-e4b-base.jsonl
0.7,google/gemma-4-E4B,top_k,9.0,0.4,0.0,40,0,100,69,1000,/home/jovyan/WCS-repo/results/spanish_pd_books/t0p7/audit.gemma4-e4b-base.jsonl
0.7,google/gemma-4-E4B,top_k,10.0,0.42,0.0,42,0,100,72,1000,/home/jovyan/WCS-repo/results/spanish_pd_books/t0p7/audit.gemma4-e4b-base.jsonl
0.7,google/gemma-4-E4B,top_k,11.0,0.44,0.0,44,0,100,77,1000,/home/jovyan/WCS-repo/results/spanish_pd_books/t0p7/audit.gemma4-e4b-base.jsonl
0.7,google/gemma-4-E4B,top_k,12.0,0.44,0.0,44,0,100,77,1000,/home/jovyan/WCS-repo/results/spanish_pd_books/t0p7/audit.gemma4-e4b-base.jsonl
0.7,google/gemma-4-E4B,top_k,13.0,0.48,0.0,48,0,100,84,1000,/home/jovyan/WCS-repo/results/spanish_pd_books/t0p7/audit.gemma4-e4b-base.jsonl
0.7,google/gemma-4-E4B,top_k,14.0,0.51,0.0,51,0,100,89,1000,/home/jovyan/WCS-repo/results/spanish_pd_books/t0p7/audit.gemma4-e4b-base.jsonl
0.7,google/gemma-4-E4B,top_k,15.0,0.52,0.0,52,0,100,90,1000,/home/jovyan/WCS-repo/results/spanish_pd_books/t0p7/audit.gemma4-e4b-base.jsonl
0.7,google/gemma-4-E4B,top_k,16.0,0.52,0.0,52,0,100,90,1000,/home/jovyan/WCS-repo/results/spanish_pd_books/t0p7/audit.gemma4-e4b-base.jsonl
0.7,google/gemma-4-E4B,top_k,17.0,0.53,0.0,53,0,100,92,1000,/home/jovyan/WCS-repo/results/spanish_pd_books/t0p7/audit.gemma4-e4b-base.jsonl
0.7,google/gemma-4-E4B,top_k,18.0,0.54,0.0,54,0,100,95,1000,/home/jovyan/WCS-repo/results/spanish_pd_books/t0p7/audit.gemma4-e4b-base.jsonl
0.7,google/gemma-4-E4B,top_k,19.0,0.55,0.0,55,0,100,99,1000,/home/jovyan/WCS-repo/results/spanish_pd_books/t0p7/audit.gemma4-e4b-base.jsonl
0.7,google/gemma-4-E4B,top_k,20.0,0.56,0.0,56,0,100,102,1000,/home/jovyan/WCS-repo/results/spanish_pd_books/t0p7/audit.gemma4-e4b-base.jsonl
0.7,google/gemma-4-E4B,top_p,0.5,0.0,0.0,0,0,100,0,1000,/home/jovyan/WCS-repo/results/spanish_pd_books/t0p7/audit.gemma4-e4b-base.jsonl
0.7,google/gemma-4-E4B,top_p,0.55,0.0,0.0,0,0,100,0,1000,/home/jovyan/WCS-repo/results/spanish_pd_books/t0p7/audit.gemma4-e4b-base.jsonl
0.7,google/gemma-4-E4B,top_p,0.6,0.0,0.0,0,0,100,0,1000,/home/jovyan/WCS-repo/results/spanish_pd_books/t0p7/audit.gemma4-e4b-base.jsonl
0.7,google/gemma-4-E4B,top_p,0.65,0.0,0.0,0,0,100,0,1000,/home/jovyan/WCS-repo/results/spanish_pd_books/t0p7/audit.gemma4-e4b-base.jsonl
0.7,google/gemma-4-E4B,top_p,0.7,0.0,0.0,0,0,100,0,1000,/home/jovyan/WCS-repo/results/spanish_pd_books/t0p7/audit.gemma4-e4b-base.jsonl
0.7,google/gemma-4-E4B,top_p,0.75,0.01,0.0,1,0,100,1,1000,/home/jovyan/WCS-repo/results/spanish_pd_books/t0p7/audit.gemma4-e4b-base.jsonl
0.7,google/gemma-4-E4B,top_p,0.8,0.03,0.0,3,0,100,3,1000,/home/jovyan/WCS-repo/results/spanish_pd_books/t0p7/audit.gemma4-e4b-base.jsonl
0.7,google/gemma-4-E4B,top_p,0.85,0.05,0.0,5,0,100,5,1000,/home/jovyan/WCS-repo/results/spanish_pd_books/t0p7/audit.gemma4-e4b-base.jsonl
0.7,google/gemma-4-E4B,top_p,0.9,0.06,0.0,6,0,100,6,1000,/home/jovyan/WCS-repo/results/spanish_pd_books/t0p7/audit.gemma4-e4b-base.jsonl
0.7,google/gemma-4-E4B,top_p,0.95,0.17,0.0,17,0,100,18,1000,/home/jovyan/WCS-repo/results/spanish_pd_books/t0p7/audit.gemma4-e4b-base.jsonl
0.7,google/gemma-4-E4B,top_p,0.99,0.54,0.0,54,0,100,94,1000,/home/jovyan/WCS-repo/results/spanish_pd_books/t0p7/audit.gemma4-e4b-base.jsonl
0.7,google/gemma-4-E4B,min_p,0.01,0.42,0.0,42,0,100,73,1000,/home/jovyan/WCS-repo/results/spanish_pd_books/t0p7/audit.gemma4-e4b-base.jsonl
0.7,google/gemma-4-E4B,min_p,0.02,0.37,0.0,37,0,100,63,1000,/home/jovyan/WCS-repo/results/spanish_pd_books/t0p7/audit.gemma4-e4b-base.jsonl
0.7,google/gemma-4-E4B,min_p,0.03,0.36,0.0,36,0,100,59,1000,/home/jovyan/WCS-repo/results/spanish_pd_books/t0p7/audit.gemma4-e4b-base.jsonl
0.7,google/gemma-4-E4B,min_p,0.04,0.36,0.0,36,0,100,58,1000,/home/jovyan/WCS-repo/results/spanish_pd_books/t0p7/audit.gemma4-e4b-base.jsonl
0.7,google/gemma-4-E4B,min_p,0.05,0.34,0.0,34,0,100,55,1000,/home/jovyan/WCS-repo/results/spanish_pd_books/t0p7/audit.gemma4-e4b-base.jsonl
0.7,google/gemma-4-E4B,min_p,0.06,0.34,0.0,34,0,100,52,1000,/home/jovyan/WCS-repo/results/spanish_pd_books/t0p7/audit.gemma4-e4b-base.jsonl
0.7,google/gemma-4-E4B,min_p,0.07,0.32,0.0,32,0,100,50,1000,/home/jovyan/WCS-repo/results/spanish_pd_books/t0p7/audit.gemma4-e4b-base.jsonl
0.7,google/gemma-4-E4B,min_p,0.08,0.32,0.0,32,0,100,50,1000,/home/jovyan/WCS-repo/results/spanish_pd_books/t0p7/audit.gemma4-e4b-base.jsonl
0.7,google/gemma-4-E4B,min_p,0.09,0.29,0.0,29,0,100,45,1000,/home/jovyan/WCS-repo/results/spanish_pd_books/t0p7/audit.gemma4-e4b-base.jsonl
0.7,google/gemma-4-E4B,min_p,0.1,0.28,0.0,28,0,100,44,1000,/home/jovyan/WCS-repo/results/spanish_pd_books/t0p7/audit.gemma4-e4b-base.jsonl
1.0,google/gemma-4-E4B,top_k,1.0,0.18,0.0,18,0,100,25,1000,/home/jovyan/WCS-repo/results/spanish_pd_books/t1/audit.gemma4-e4b-base.jsonl
1.0,google/gemma-4-E4B,top_k,2.0,0.24,0.0,24,0,100,36,1000,/home/jovyan/WCS-repo/results/spanish_pd_books/t1/audit.gemma4-e4b-base.jsonl
1.0,google/gemma-4-E4B,top_k,3.0,0.28,0.0,28,0,100,46,1000,/home/jovyan/WCS-repo/results/spanish_pd_books/t1/audit.gemma4-e4b-base.jsonl
1.0,google/gemma-4-E4B,top_k,4.0,0.31,0.0,31,0,100,53,1000,/home/jovyan/WCS-repo/results/spanish_pd_books/t1/audit.gemma4-e4b-base.jsonl
1.0,google/gemma-4-E4B,top_k,5.0,0.34,0.0,34,0,100,58,1000,/home/jovyan/WCS-repo/results/spanish_pd_books/t1/audit.gemma4-e4b-base.jsonl
1.0,google/gemma-4-E4B,top_k,6.0,0.35,0.0,35,0,100,60,1000,/home/jovyan/WCS-repo/results/spanish_pd_books/t1/audit.gemma4-e4b-base.jsonl
1.0,google/gemma-4-E4B,top_k,7.0,0.36,0.0,36,0,100,61,1000,/home/jovyan/WCS-repo/results/spanish_pd_books/t1/audit.gemma4-e4b-base.jsonl
1.0,google/gemma-4-E4B,top_k,8.0,0.38,0.0,38,0,100,64,1000,/home/jovyan/WCS-repo/results/spanish_pd_books/t1/audit.gemma4-e4b-base.jsonl
1.0,google/gemma-4-E4B,top_k,9.0,0.4,0.0,40,0,100,69,1000,/home/jovyan/WCS-repo/results/spanish_pd_books/t1/audit.gemma4-e4b-base.jsonl
1.0,google/gemma-4-E4B,top_k,10.0,0.42,0.0,42,0,100,72,1000,/home/jovyan/WCS-repo/results/spanish_pd_books/t1/audit.gemma4-e4b-base.jsonl
1.0,google/gemma-4-E4B,top_k,11.0,0.44,0.0,44,0,100,77,1000,/home/jovyan/WCS-repo/results/spanish_pd_books/t1/audit.gemma4-e4b-base.jsonl
1.0,google/gemma-4-E4B,top_k,12.0,0.44,0.0,44,0,100,77,1000,/home/jovyan/WCS-repo/results/spanish_pd_books/t1/audit.gemma4-e4b-base.jsonl
1.0,google/gemma-4-E4B,top_k,13.0,0.48,0.0,48,0,100,84,1000,/home/jovyan/WCS-repo/results/spanish_pd_books/t1/audit.gemma4-e4b-base.jsonl
1.0,google/gemma-4-E4B,top_k,14.0,0.51,0.0,51,0,100,89,1000,/home/jovyan/WCS-repo/results/spanish_pd_books/t1/audit.gemma4-e4b-base.jsonl
1.0,google/gemma-4-E4B,top_k,15.0,0.52,0.0,52,0,100,90,1000,/home/jovyan/WCS-repo/results/spanish_pd_books/t1/audit.gemma4-e4b-base.jsonl
1.0,google/gemma-4-E4B,top_k,16.0,0.52,0.0,52,0,100,90,1000,/home/jovyan/WCS-repo/results/spanish_pd_books/t1/audit.gemma4-e4b-base.jsonl
1.0,google/gemma-4-E4B,top_k,17.0,0.53,0.0,53,0,100,92,1000,/home/jovyan/WCS-repo/results/spanish_pd_books/t1/audit.gemma4-e4b-base.jsonl
1.0,google/gemma-4-E4B,top_k,18.0,0.54,0.0,54,0,100,95,1000,/home/jovyan/WCS-repo/results/spanish_pd_books/t1/audit.gemma4-e4b-base.jsonl
1.0,google/gemma-4-E4B,top_k,19.0,0.55,0.0,55,0,100,99,1000,/home/jovyan/WCS-repo/results/spanish_pd_books/t1/audit.gemma4-e4b-base.jsonl
1.0,google/gemma-4-E4B,top_k,20.0,0.56,0.0,56,0,100,102,1000,/home/jovyan/WCS-repo/results/spanish_pd_books/t1/audit.gemma4-e4b-base.jsonl
1.0,google/gemma-4-E4B,top_p,0.5,0.01,0.0,1,0,100,1,1000,/home/jovyan/WCS-repo/results/spanish_pd_books/t1/audit.gemma4-e4b-base.jsonl
1.0,google/gemma-4-E4B,top_p,0.55,0.02,0.0,2,0,100,2,1000,/home/jovyan/WCS-repo/results/spanish_pd_books/t1/audit.gemma4-e4b-base.jsonl
1.0,google/gemma-4-E4B,top_p,0.6,0.03,0.0,3,0,100,3,1000,/home/jovyan/WCS-repo/results/spanish_pd_books/t1/audit.gemma4-e4b-base.jsonl
1.0,google/gemma-4-E4B,top_p,0.65,0.05,0.0,5,0,100,5,1000,/home/jovyan/WCS-repo/results/spanish_pd_books/t1/audit.gemma4-e4b-base.jsonl
1.0,google/gemma-4-E4B,top_p,0.7,0.08,0.0,8,0,100,8,1000,/home/jovyan/WCS-repo/results/spanish_pd_books/t1/audit.gemma4-e4b-base.jsonl
1.0,google/gemma-4-E4B,top_p,0.75,0.15,0.0,15,0,100,16,1000,/home/jovyan/WCS-repo/results/spanish_pd_books/t1/audit.gemma4-e4b-base.jsonl
1.0,google/gemma-4-E4B,top_p,0.8,0.28,0.0,28,0,100,33,1000,/home/jovyan/WCS-repo/results/spanish_pd_books/t1/audit.gemma4-e4b-base.jsonl
1.0,google/gemma-4-E4B,top_p,0.85,0.38,0.0,38,0,100,47,1000,/home/jovyan/WCS-repo/results/spanish_pd_books/t1/audit.gemma4-e4b-base.jsonl
1.0,google/gemma-4-E4B,top_p,0.9,0.51,0.0,51,0,100,89,1000,/home/jovyan/WCS-repo/results/spanish_pd_books/t1/audit.gemma4-e4b-base.jsonl
1.0,google/gemma-4-E4B,top_p,0.95,0.76,0.0,76,0,100,181,1000,/home/jovyan/WCS-repo/results/spanish_pd_books/t1/audit.gemma4-e4b-base.jsonl
1.0,google/gemma-4-E4B,top_p,0.99,0.98,0.02,98,2,100,480,1000,/home/jovyan/WCS-repo/results/spanish_pd_books/t1/audit.gemma4-e4b-base.jsonl
1.0,google/gemma-4-E4B,min_p,0.01,0.68,0.0,68,0,100,128,1000,/home/jovyan/WCS-repo/results/spanish_pd_books/t1/audit.gemma4-e4b-base.jsonl
1.0,google/gemma-4-E4B,min_p,0.02,0.54,0.0,54,0,100,95,1000,/home/jovyan/WCS-repo/results/spanish_pd_books/t1/audit.gemma4-e4b-base.jsonl
1.0,google/gemma-4-E4B,min_p,0.03,0.48,0.0,48,0,100,80,1000,/home/jovyan/WCS-repo/results/spanish_pd_books/t1/audit.gemma4-e4b-base.jsonl
1.0,google/gemma-4-E4B,min_p,0.04,0.42,0.0,42,0,100,73,1000,/home/jovyan/WCS-repo/results/spanish_pd_books/t1/audit.gemma4-e4b-base.jsonl
1.0,google/gemma-4-E4B,min_p,0.05,0.4,0.0,40,0,100,66,1000,/home/jovyan/WCS-repo/results/spanish_pd_books/t1/audit.gemma4-e4b-base.jsonl
1.0,google/gemma-4-E4B,min_p,0.06,0.38,0.0,38,0,100,64,1000,/home/jovyan/WCS-repo/results/spanish_pd_books/t1/audit.gemma4-e4b-base.jsonl
1.0,google/gemma-4-E4B,min_p,0.07,0.37,0.0,37,0,100,63,1000,/home/jovyan/WCS-repo/results/spanish_pd_books/t1/audit.gemma4-e4b-base.jsonl
1.0,google/gemma-4-E4B,min_p,0.08,0.36,0.0,36,0,100,62,1000,/home/jovyan/WCS-repo/results/spanish_pd_books/t1/audit.gemma4-e4b-base.jsonl
1.0,google/gemma-4-E4B,min_p,0.09,0.36,0.0,36,0,100,59,1000,/home/jovyan/WCS-repo/results/spanish_pd_books/t1/audit.gemma4-e4b-base.jsonl
1.0,google/gemma-4-E4B,min_p,0.1,0.36,0.0,36,0,100,58,1000,/home/jovyan/WCS-repo/results/spanish_pd_books/t1/audit.gemma4-e4b-base.jsonl
1.5,google/gemma-4-E4B,top_k,1.0,0.18,0.0,18,0,100,25,1000,/home/jovyan/WCS-repo/results/spanish_pd_books/t1p5/audit.gemma4-e4b-base.jsonl
1.5,google/gemma-4-E4B,top_k,2.0,0.24,0.0,24,0,100,36,1000,/home/jovyan/WCS-repo/results/spanish_pd_books/t1p5/audit.gemma4-e4b-base.jsonl
1.5,google/gemma-4-E4B,top_k,3.0,0.28,0.0,28,0,100,46,1000,/home/jovyan/WCS-repo/results/spanish_pd_books/t1p5/audit.gemma4-e4b-base.jsonl
1.5,google/gemma-4-E4B,top_k,4.0,0.31,0.0,31,0,100,53,1000,/home/jovyan/WCS-repo/results/spanish_pd_books/t1p5/audit.gemma4-e4b-base.jsonl
1.5,google/gemma-4-E4B,top_k,5.0,0.34,0.0,34,0,100,58,1000,/home/jovyan/WCS-repo/results/spanish_pd_books/t1p5/audit.gemma4-e4b-base.jsonl
1.5,google/gemma-4-E4B,top_k,6.0,0.35,0.0,35,0,100,60,1000,/home/jovyan/WCS-repo/results/spanish_pd_books/t1p5/audit.gemma4-e4b-base.jsonl
1.5,google/gemma-4-E4B,top_k,7.0,0.36,0.0,36,0,100,61,1000,/home/jovyan/WCS-repo/results/spanish_pd_books/t1p5/audit.gemma4-e4b-base.jsonl
1.5,google/gemma-4-E4B,top_k,8.0,0.38,0.0,38,0,100,64,1000,/home/jovyan/WCS-repo/results/spanish_pd_books/t1p5/audit.gemma4-e4b-base.jsonl
1.5,google/gemma-4-E4B,top_k,9.0,0.4,0.0,40,0,100,69,1000,/home/jovyan/WCS-repo/results/spanish_pd_books/t1p5/audit.gemma4-e4b-base.jsonl
1.5,google/gemma-4-E4B,top_k,10.0,0.42,0.0,42,0,100,72,1000,/home/jovyan/WCS-repo/results/spanish_pd_books/t1p5/audit.gemma4-e4b-base.jsonl
1.5,google/gemma-4-E4B,top_k,11.0,0.44,0.0,44,0,100,77,1000,/home/jovyan/WCS-repo/results/spanish_pd_books/t1p5/audit.gemma4-e4b-base.jsonl
1.5,google/gemma-4-E4B,top_k,12.0,0.44,0.0,44,0,100,77,1000,/home/jovyan/WCS-repo/results/spanish_pd_books/t1p5/audit.gemma4-e4b-base.jsonl
1.5,google/gemma-4-E4B,top_k,13.0,0.48,0.0,48,0,100,84,1000,/home/jovyan/WCS-repo/results/spanish_pd_books/t1p5/audit.gemma4-e4b-base.jsonl
1.5,google/gemma-4-E4B,top_k,14.0,0.51,0.0,51,0,100,89,1000,/home/jovyan/WCS-repo/results/spanish_pd_books/t1p5/audit.gemma4-e4b-base.jsonl
1.5,google/gemma-4-E4B,top_k,15.0,0.52,0.0,52,0,100,90,1000,/home/jovyan/WCS-repo/results/spanish_pd_books/t1p5/audit.gemma4-e4b-base.jsonl
1.5,google/gemma-4-E4B,top_k,16.0,0.52,0.0,52,0,100,90,1000,/home/jovyan/WCS-repo/results/spanish_pd_books/t1p5/audit.gemma4-e4b-base.jsonl
1.5,google/gemma-4-E4B,top_k,17.0,0.53,0.0,53,0,100,92,1000,/home/jovyan/WCS-repo/results/spanish_pd_books/t1p5/audit.gemma4-e4b-base.jsonl
1.5,google/gemma-4-E4B,top_k,18.0,0.54,0.0,54,0,100,95,1000,/home/jovyan/WCS-repo/results/spanish_pd_books/t1p5/audit.gemma4-e4b-base.jsonl
1.5,google/gemma-4-E4B,top_k,19.0,0.55,0.0,55,0,100,99,1000,/home/jovyan/WCS-repo/results/spanish_pd_books/t1p5/audit.gemma4-e4b-base.jsonl
1.5,google/gemma-4-E4B,top_k,20.0,0.56,0.0,56,0,100,102,1000,/home/jovyan/WCS-repo/results/spanish_pd_books/t1p5/audit.gemma4-e4b-base.jsonl
1.5,google/gemma-4-E4B,top_p,0.5,0.42,0.0,42,0,100,68,1000,/home/jovyan/WCS-repo/results/spanish_pd_books/t1p5/audit.gemma4-e4b-base.jsonl
1.5,google/gemma-4-E4B,top_p,0.55,0.51,0.0,51,0,100,93,1000,/home/jovyan/WCS-repo/results/spanish_pd_books/t1p5/audit.gemma4-e4b-base.jsonl
1.5,google/gemma-4-E4B,top_p,0.6,0.6,0.0,60,0,100,123,1000,/home/jovyan/WCS-repo/results/spanish_pd_books/t1p5/audit.gemma4-e4b-base.jsonl
1.5,google/gemma-4-E4B,top_p,0.65,0.69,0.0,69,0,100,166,1000,/home/jovyan/WCS-repo/results/spanish_pd_books/t1p5/audit.gemma4-e4b-base.jsonl
1.5,google/gemma-4-E4B,top_p,0.7,0.8,0.0,80,0,100,212,1000,/home/jovyan/WCS-repo/results/spanish_pd_books/t1p5/audit.gemma4-e4b-base.jsonl
1.5,google/gemma-4-E4B,top_p,0.75,0.87,0.0,87,0,100,284,1000,/home/jovyan/WCS-repo/results/spanish_pd_books/t1p5/audit.gemma4-e4b-base.jsonl
1.5,google/gemma-4-E4B,top_p,0.8,0.96,0.01,96,1,100,387,1000,/home/jovyan/WCS-repo/results/spanish_pd_books/t1p5/audit.gemma4-e4b-base.jsonl
1.5,google/gemma-4-E4B,top_p,0.85,1.0,0.03,100,3,100,505,1000,/home/jovyan/WCS-repo/results/spanish_pd_books/t1p5/audit.gemma4-e4b-base.jsonl
1.5,google/gemma-4-E4B,top_p,0.9,1.0,0.07,100,7,100,655,1000,/home/jovyan/WCS-repo/results/spanish_pd_books/t1p5/audit.gemma4-e4b-base.jsonl
1.5,google/gemma-4-E4B,top_p,0.95,1.0,0.26,100,26,100,823,1000,/home/jovyan/WCS-repo/results/spanish_pd_books/t1p5/audit.gemma4-e4b-base.jsonl
1.5,google/gemma-4-E4B,top_p,0.99,1.0,0.75,100,75,100,969,1000,/home/jovyan/WCS-repo/results/spanish_pd_books/t1p5/audit.gemma4-e4b-base.jsonl
1.5,google/gemma-4-E4B,min_p,0.01,0.86,0.0,86,0,100,285,1000,/home/jovyan/WCS-repo/results/spanish_pd_books/t1p5/audit.gemma4-e4b-base.jsonl
1.5,google/gemma-4-E4B,min_p,0.02,0.78,0.0,78,0,100,199,1000,/home/jovyan/WCS-repo/results/spanish_pd_books/t1p5/audit.gemma4-e4b-base.jsonl
1.5,google/gemma-4-E4B,min_p,0.03,0.72,0.0,72,0,100,167,1000,/home/jovyan/WCS-repo/results/spanish_pd_books/t1p5/audit.gemma4-e4b-base.jsonl
1.5,google/gemma-4-E4B,min_p,0.04,0.69,0.0,69,0,100,139,1000,/home/jovyan/WCS-repo/results/spanish_pd_books/t1p5/audit.gemma4-e4b-base.jsonl
1.5,google/gemma-4-E4B,min_p,0.05,0.66,0.0,66,0,100,123,1000,/home/jovyan/WCS-repo/results/spanish_pd_books/t1p5/audit.gemma4-e4b-base.jsonl
1.5,google/gemma-4-E4B,min_p,0.06,0.59,0.0,59,0,100,107,1000,/home/jovyan/WCS-repo/results/spanish_pd_books/t1p5/audit.gemma4-e4b-base.jsonl
1.5,google/gemma-4-E4B,min_p,0.07,0.54,0.0,54,0,100,95,1000,/home/jovyan/WCS-repo/results/spanish_pd_books/t1p5/audit.gemma4-e4b-base.jsonl
1.5,google/gemma-4-E4B,min_p,0.08,0.52,0.0,52,0,100,89,1000,/home/jovyan/WCS-repo/results/spanish_pd_books/t1p5/audit.gemma4-e4b-base.jsonl
1.5,google/gemma-4-E4B,min_p,0.09,0.48,0.0,48,0,100,80,1000,/home/jovyan/WCS-repo/results/spanish_pd_books/t1p5/audit.gemma4-e4b-base.jsonl
1.5,google/gemma-4-E4B,min_p,0.1,0.47,0.0,47,0,100,78,1000,/home/jovyan/WCS-repo/results/spanish_pd_books/t1p5/audit.gemma4-e4b-base.jsonl
0.7,google/gemma-4-E4B-it,top_k,1.0,0.14,0.0,14,0,100,24,1000,/home/jovyan/WCS-repo/results/spanish_pd_books/t0p7/audit.gemma4-e4b-it.jsonl
0.7,google/gemma-4-E4B-it,top_k,2.0,0.2,0.0,20,0,100,31,1000,/home/jovyan/WCS-repo/results/spanish_pd_books/t0p7/audit.gemma4-e4b-it.jsonl
0.7,google/gemma-4-E4B-it,top_k,3.0,0.21,0.0,21,0,100,32,1000,/home/jovyan/WCS-repo/results/spanish_pd_books/t0p7/audit.gemma4-e4b-it.jsonl
0.7,google/gemma-4-E4B-it,top_k,4.0,0.22,0.0,22,0,100,36,1000,/home/jovyan/WCS-repo/results/spanish_pd_books/t0p7/audit.gemma4-e4b-it.jsonl
0.7,google/gemma-4-E4B-it,top_k,5.0,0.24,0.0,24,0,100,39,1000,/home/jovyan/WCS-repo/results/spanish_pd_books/t0p7/audit.gemma4-e4b-it.jsonl
0.7,google/gemma-4-E4B-it,top_k,6.0,0.25,0.0,25,0,100,40,1000,/home/jovyan/WCS-repo/results/spanish_pd_books/t0p7/audit.gemma4-e4b-it.jsonl
0.7,google/gemma-4-E4B-it,top_k,7.0,0.25,0.0,25,0,100,40,1000,/home/jovyan/WCS-repo/results/spanish_pd_books/t0p7/audit.gemma4-e4b-it.jsonl
0.7,google/gemma-4-E4B-it,top_k,8.0,0.26,0.0,26,0,100,41,1000,/home/jovyan/WCS-repo/results/spanish_pd_books/t0p7/audit.gemma4-e4b-it.jsonl
0.7,google/gemma-4-E4B-it,top_k,9.0,0.27,0.0,27,0,100,43,1000,/home/jovyan/WCS-repo/results/spanish_pd_books/t0p7/audit.gemma4-e4b-it.jsonl
0.7,google/gemma-4-E4B-it,top_k,10.0,0.29,0.0,29,0,100,46,1000,/home/jovyan/WCS-repo/results/spanish_pd_books/t0p7/audit.gemma4-e4b-it.jsonl
0.7,google/gemma-4-E4B-it,top_k,11.0,0.29,0.0,29,0,100,46,1000,/home/jovyan/WCS-repo/results/spanish_pd_books/t0p7/audit.gemma4-e4b-it.jsonl
0.7,google/gemma-4-E4B-it,top_k,12.0,0.3,0.0,30,0,100,47,1000,/home/jovyan/WCS-repo/results/spanish_pd_books/t0p7/audit.gemma4-e4b-it.jsonl
0.7,google/gemma-4-E4B-it,top_k,13.0,0.3,0.0,30,0,100,48,1000,/home/jovyan/WCS-repo/results/spanish_pd_books/t0p7/audit.gemma4-e4b-it.jsonl
0.7,google/gemma-4-E4B-it,top_k,14.0,0.32,0.0,32,0,100,50,1000,/home/jovyan/WCS-repo/results/spanish_pd_books/t0p7/audit.gemma4-e4b-it.jsonl
0.7,google/gemma-4-E4B-it,top_k,15.0,0.33,0.0,33,0,100,51,1000,/home/jovyan/WCS-repo/results/spanish_pd_books/t0p7/audit.gemma4-e4b-it.jsonl
0.7,google/gemma-4-E4B-it,top_k,16.0,0.33,0.0,33,0,100,51,1000,/home/jovyan/WCS-repo/results/spanish_pd_books/t0p7/audit.gemma4-e4b-it.jsonl
0.7,google/gemma-4-E4B-it,top_k,17.0,0.34,0.0,34,0,100,52,1000,/home/jovyan/WCS-repo/results/spanish_pd_books/t0p7/audit.gemma4-e4b-it.jsonl
0.7,google/gemma-4-E4B-it,top_k,18.0,0.35,0.0,35,0,100,53,1000,/home/jovyan/WCS-repo/results/spanish_pd_books/t0p7/audit.gemma4-e4b-it.jsonl
0.7,google/gemma-4-E4B-it,top_k,19.0,0.35,0.0,35,0,100,54,1000,/home/jovyan/WCS-repo/results/spanish_pd_books/t0p7/audit.gemma4-e4b-it.jsonl
0.7,google/gemma-4-E4B-it,top_k,20.0,0.36,0.0,36,0,100,55,1000,/home/jovyan/WCS-repo/results/spanish_pd_books/t0p7/audit.gemma4-e4b-it.jsonl
0.7,google/gemma-4-E4B-it,top_p,0.5,0.0,0.0,0,0,100,0,1000,/home/jovyan/WCS-repo/results/spanish_pd_books/t0p7/audit.gemma4-e4b-it.jsonl
0.7,google/gemma-4-E4B-it,top_p,0.55,0.0,0.0,0,0,100,0,1000,/home/jovyan/WCS-repo/results/spanish_pd_books/t0p7/audit.gemma4-e4b-it.jsonl
0.7,google/gemma-4-E4B-it,top_p,0.6,0.0,0.0,0,0,100,0,1000,/home/jovyan/WCS-repo/results/spanish_pd_books/t0p7/audit.gemma4-e4b-it.jsonl
0.7,google/gemma-4-E4B-it,top_p,0.65,0.0,0.0,0,0,100,0,1000,/home/jovyan/WCS-repo/results/spanish_pd_books/t0p7/audit.gemma4-e4b-it.jsonl
0.7,google/gemma-4-E4B-it,top_p,0.7,0.0,0.0,0,0,100,0,1000,/home/jovyan/WCS-repo/results/spanish_pd_books/t0p7/audit.gemma4-e4b-it.jsonl
0.7,google/gemma-4-E4B-it,top_p,0.75,0.0,0.0,0,0,100,0,1000,/home/jovyan/WCS-repo/results/spanish_pd_books/t0p7/audit.gemma4-e4b-it.jsonl
0.7,google/gemma-4-E4B-it,top_p,0.8,0.01,0.0,1,0,100,1,1000,/home/jovyan/WCS-repo/results/spanish_pd_books/t0p7/audit.gemma4-e4b-it.jsonl
0.7,google/gemma-4-E4B-it,top_p,0.85,0.01,0.0,1,0,100,1,1000,/home/jovyan/WCS-repo/results/spanish_pd_books/t0p7/audit.gemma4-e4b-it.jsonl
0.7,google/gemma-4-E4B-it,top_p,0.9,0.01,0.0,1,0,100,1,1000,/home/jovyan/WCS-repo/results/spanish_pd_books/t0p7/audit.gemma4-e4b-it.jsonl
0.7,google/gemma-4-E4B-it,top_p,0.95,0.01,0.0,1,0,100,1,1000,/home/jovyan/WCS-repo/results/spanish_pd_books/t0p7/audit.gemma4-e4b-it.jsonl
0.7,google/gemma-4-E4B-it,top_p,0.99,0.06,0.0,6,0,100,6,1000,/home/jovyan/WCS-repo/results/spanish_pd_books/t0p7/audit.gemma4-e4b-it.jsonl
0.7,google/gemma-4-E4B-it,min_p,0.01,0.21,0.0,21,0,100,33,1000,/home/jovyan/WCS-repo/results/spanish_pd_books/t0p7/audit.gemma4-e4b-it.jsonl
0.7,google/gemma-4-E4B-it,min_p,0.02,0.2,0.0,20,0,100,31,1000,/home/jovyan/WCS-repo/results/spanish_pd_books/t0p7/audit.gemma4-e4b-it.jsonl
0.7,google/gemma-4-E4B-it,min_p,0.03,0.19,0.0,19,0,100,30,1000,/home/jovyan/WCS-repo/results/spanish_pd_books/t0p7/audit.gemma4-e4b-it.jsonl
0.7,google/gemma-4-E4B-it,min_p,0.04,0.19,0.0,19,0,100,30,1000,/home/jovyan/WCS-repo/results/spanish_pd_books/t0p7/audit.gemma4-e4b-it.jsonl
0.7,google/gemma-4-E4B-it,min_p,0.05,0.19,0.0,19,0,100,30,1000,/home/jovyan/WCS-repo/results/spanish_pd_books/t0p7/audit.gemma4-e4b-it.jsonl
0.7,google/gemma-4-E4B-it,min_p,0.06,0.19,0.0,19,0,100,30,1000,/home/jovyan/WCS-repo/results/spanish_pd_books/t0p7/audit.gemma4-e4b-it.jsonl
0.7,google/gemma-4-E4B-it,min_p,0.07,0.19,0.0,19,0,100,30,1000,/home/jovyan/WCS-repo/results/spanish_pd_books/t0p7/audit.gemma4-e4b-it.jsonl
0.7,google/gemma-4-E4B-it,min_p,0.08,0.19,0.0,19,0,100,30,1000,/home/jovyan/WCS-repo/results/spanish_pd_books/t0p7/audit.gemma4-e4b-it.jsonl
0.7,google/gemma-4-E4B-it,min_p,0.09,0.19,0.0,19,0,100,30,1000,/home/jovyan/WCS-repo/results/spanish_pd_books/t0p7/audit.gemma4-e4b-it.jsonl
0.7,google/gemma-4-E4B-it,min_p,0.1,0.18,0.0,18,0,100,29,1000,/home/jovyan/WCS-repo/results/spanish_pd_books/t0p7/audit.gemma4-e4b-it.jsonl
1.0,google/gemma-4-E4B-it,top_k,1.0,0.14,0.0,14,0,100,24,1000,/home/jovyan/WCS-repo/results/spanish_pd_books/t1/audit.gemma4-e4b-it.jsonl
1.0,google/gemma-4-E4B-it,top_k,2.0,0.2,0.0,20,0,100,31,1000,/home/jovyan/WCS-repo/results/spanish_pd_books/t1/audit.gemma4-e4b-it.jsonl
1.0,google/gemma-4-E4B-it,top_k,3.0,0.21,0.0,21,0,100,32,1000,/home/jovyan/WCS-repo/results/spanish_pd_books/t1/audit.gemma4-e4b-it.jsonl
1.0,google/gemma-4-E4B-it,top_k,4.0,0.22,0.0,22,0,100,36,1000,/home/jovyan/WCS-repo/results/spanish_pd_books/t1/audit.gemma4-e4b-it.jsonl
1.0,google/gemma-4-E4B-it,top_k,5.0,0.24,0.0,24,0,100,39,1000,/home/jovyan/WCS-repo/results/spanish_pd_books/t1/audit.gemma4-e4b-it.jsonl
1.0,google/gemma-4-E4B-it,top_k,6.0,0.25,0.0,25,0,100,40,1000,/home/jovyan/WCS-repo/results/spanish_pd_books/t1/audit.gemma4-e4b-it.jsonl
1.0,google/gemma-4-E4B-it,top_k,7.0,0.25,0.0,25,0,100,40,1000,/home/jovyan/WCS-repo/results/spanish_pd_books/t1/audit.gemma4-e4b-it.jsonl
1.0,google/gemma-4-E4B-it,top_k,8.0,0.26,0.0,26,0,100,41,1000,/home/jovyan/WCS-repo/results/spanish_pd_books/t1/audit.gemma4-e4b-it.jsonl
1.0,google/gemma-4-E4B-it,top_k,9.0,0.27,0.0,27,0,100,43,1000,/home/jovyan/WCS-repo/results/spanish_pd_books/t1/audit.gemma4-e4b-it.jsonl
1.0,google/gemma-4-E4B-it,top_k,10.0,0.29,0.0,29,0,100,46,1000,/home/jovyan/WCS-repo/results/spanish_pd_books/t1/audit.gemma4-e4b-it.jsonl
1.0,google/gemma-4-E4B-it,top_k,11.0,0.29,0.0,29,0,100,46,1000,/home/jovyan/WCS-repo/results/spanish_pd_books/t1/audit.gemma4-e4b-it.jsonl
1.0,google/gemma-4-E4B-it,top_k,12.0,0.3,0.0,30,0,100,47,1000,/home/jovyan/WCS-repo/results/spanish_pd_books/t1/audit.gemma4-e4b-it.jsonl
1.0,google/gemma-4-E4B-it,top_k,13.0,0.3,0.0,30,0,100,48,1000,/home/jovyan/WCS-repo/results/spanish_pd_books/t1/audit.gemma4-e4b-it.jsonl
1.0,google/gemma-4-E4B-it,top_k,14.0,0.32,0.0,32,0,100,50,1000,/home/jovyan/WCS-repo/results/spanish_pd_books/t1/audit.gemma4-e4b-it.jsonl
1.0,google/gemma-4-E4B-it,top_k,15.0,0.33,0.0,33,0,100,51,1000,/home/jovyan/WCS-repo/results/spanish_pd_books/t1/audit.gemma4-e4b-it.jsonl
1.0,google/gemma-4-E4B-it,top_k,16.0,0.33,0.0,33,0,100,51,1000,/home/jovyan/WCS-repo/results/spanish_pd_books/t1/audit.gemma4-e4b-it.jsonl
1.0,google/gemma-4-E4B-it,top_k,17.0,0.34,0.0,34,0,100,52,1000,/home/jovyan/WCS-repo/results/spanish_pd_books/t1/audit.gemma4-e4b-it.jsonl
1.0,google/gemma-4-E4B-it,top_k,18.0,0.35,0.0,35,0,100,53,1000,/home/jovyan/WCS-repo/results/spanish_pd_books/t1/audit.gemma4-e4b-it.jsonl
1.0,google/gemma-4-E4B-it,top_k,19.0,0.35,0.0,35,0,100,54,1000,/home/jovyan/WCS-repo/results/spanish_pd_books/t1/audit.gemma4-e4b-it.jsonl
1.0,google/gemma-4-E4B-it,top_k,20.0,0.36,0.0,36,0,100,55,1000,/home/jovyan/WCS-repo/results/spanish_pd_books/t1/audit.gemma4-e4b-it.jsonl
1.0,google/gemma-4-E4B-it,top_p,0.5,0.0,0.0,0,0,100,0,1000,/home/jovyan/WCS-repo/results/spanish_pd_books/t1/audit.gemma4-e4b-it.jsonl
1.0,google/gemma-4-E4B-it,top_p,0.55,0.0,0.0,0,0,100,0,1000,/home/jovyan/WCS-repo/results/spanish_pd_books/t1/audit.gemma4-e4b-it.jsonl
1.0,google/gemma-4-E4B-it,top_p,0.6,0.0,0.0,0,0,100,0,1000,/home/jovyan/WCS-repo/results/spanish_pd_books/t1/audit.gemma4-e4b-it.jsonl
1.0,google/gemma-4-E4B-it,top_p,0.65,0.0,0.0,0,0,100,0,1000,/home/jovyan/WCS-repo/results/spanish_pd_books/t1/audit.gemma4-e4b-it.jsonl
1.0,google/gemma-4-E4B-it,top_p,0.7,0.01,0.0,1,0,100,1,1000,/home/jovyan/WCS-repo/results/spanish_pd_books/t1/audit.gemma4-e4b-it.jsonl
1.0,google/gemma-4-E4B-it,top_p,0.75,0.01,0.0,1,0,100,1,1000,/home/jovyan/WCS-repo/results/spanish_pd_books/t1/audit.gemma4-e4b-it.jsonl
1.0,google/gemma-4-E4B-it,top_p,0.8,0.02,0.0,2,0,100,2,1000,/home/jovyan/WCS-repo/results/spanish_pd_books/t1/audit.gemma4-e4b-it.jsonl
1.0,google/gemma-4-E4B-it,top_p,0.85,0.05,0.0,5,0,100,5,1000,/home/jovyan/WCS-repo/results/spanish_pd_books/t1/audit.gemma4-e4b-it.jsonl
1.0,google/gemma-4-E4B-it,top_p,0.9,0.07,0.0,7,0,100,7,1000,/home/jovyan/WCS-repo/results/spanish_pd_books/t1/audit.gemma4-e4b-it.jsonl
1.0,google/gemma-4-E4B-it,top_p,0.95,0.12,0.0,12,0,100,12,1000,/home/jovyan/WCS-repo/results/spanish_pd_books/t1/audit.gemma4-e4b-it.jsonl
1.0,google/gemma-4-E4B-it,top_p,0.99,0.48,0.0,48,0,100,74,1000,/home/jovyan/WCS-repo/results/spanish_pd_books/t1/audit.gemma4-e4b-it.jsonl
1.0,google/gemma-4-E4B-it,min_p,0.01,0.25,0.0,25,0,100,40,1000,/home/jovyan/WCS-repo/results/spanish_pd_books/t1/audit.gemma4-e4b-it.jsonl
1.0,google/gemma-4-E4B-it,min_p,0.02,0.22,0.0,22,0,100,35,1000,/home/jovyan/WCS-repo/results/spanish_pd_books/t1/audit.gemma4-e4b-it.jsonl
1.0,google/gemma-4-E4B-it,min_p,0.03,0.21,0.0,21,0,100,33,1000,/home/jovyan/WCS-repo/results/spanish_pd_books/t1/audit.gemma4-e4b-it.jsonl
1.0,google/gemma-4-E4B-it,min_p,0.04,0.21,0.0,21,0,100,33,1000,/home/jovyan/WCS-repo/results/spanish_pd_books/t1/audit.gemma4-e4b-it.jsonl
1.0,google/gemma-4-E4B-it,min_p,0.05,0.21,0.0,21,0,100,32,1000,/home/jovyan/WCS-repo/results/spanish_pd_books/t1/audit.gemma4-e4b-it.jsonl
1.0,google/gemma-4-E4B-it,min_p,0.06,0.2,0.0,20,0,100,31,1000,/home/jovyan/WCS-repo/results/spanish_pd_books/t1/audit.gemma4-e4b-it.jsonl
1.0,google/gemma-4-E4B-it,min_p,0.07,0.2,0.0,20,0,100,31,1000,/home/jovyan/WCS-repo/results/spanish_pd_books/t1/audit.gemma4-e4b-it.jsonl
1.0,google/gemma-4-E4B-it,min_p,0.08,0.2,0.0,20,0,100,31,1000,/home/jovyan/WCS-repo/results/spanish_pd_books/t1/audit.gemma4-e4b-it.jsonl
1.0,google/gemma-4-E4B-it,min_p,0.09,0.19,0.0,19,0,100,30,1000,/home/jovyan/WCS-repo/results/spanish_pd_books/t1/audit.gemma4-e4b-it.jsonl
1.0,google/gemma-4-E4B-it,min_p,0.1,0.19,0.0,19,0,100,30,1000,/home/jovyan/WCS-repo/results/spanish_pd_books/t1/audit.gemma4-e4b-it.jsonl
1.5,google/gemma-4-E4B-it,top_k,1.0,0.14,0.0,14,0,100,24,1000,/home/jovyan/WCS-repo/results/spanish_pd_books/t1p5/audit.gemma4-e4b-it.jsonl
1.5,google/gemma-4-E4B-it,top_k,2.0,0.2,0.0,20,0,100,31,1000,/home/jovyan/WCS-repo/results/spanish_pd_books/t1p5/audit.gemma4-e4b-it.jsonl
1.5,google/gemma-4-E4B-it,top_k,3.0,0.21,0.0,21,0,100,32,1000,/home/jovyan/WCS-repo/results/spanish_pd_books/t1p5/audit.gemma4-e4b-it.jsonl
1.5,google/gemma-4-E4B-it,top_k,4.0,0.22,0.0,22,0,100,36,1000,/home/jovyan/WCS-repo/results/spanish_pd_books/t1p5/audit.gemma4-e4b-it.jsonl
1.5,google/gemma-4-E4B-it,top_k,5.0,0.24,0.0,24,0,100,39,1000,/home/jovyan/WCS-repo/results/spanish_pd_books/t1p5/audit.gemma4-e4b-it.jsonl
1.5,google/gemma-4-E4B-it,top_k,6.0,0.25,0.0,25,0,100,40,1000,/home/jovyan/WCS-repo/results/spanish_pd_books/t1p5/audit.gemma4-e4b-it.jsonl
1.5,google/gemma-4-E4B-it,top_k,7.0,0.25,0.0,25,0,100,40,1000,/home/jovyan/WCS-repo/results/spanish_pd_books/t1p5/audit.gemma4-e4b-it.jsonl
1.5,google/gemma-4-E4B-it,top_k,8.0,0.26,0.0,26,0,100,41,1000,/home/jovyan/WCS-repo/results/spanish_pd_books/t1p5/audit.gemma4-e4b-it.jsonl
1.5,google/gemma-4-E4B-it,top_k,9.0,0.27,0.0,27,0,100,43,1000,/home/jovyan/WCS-repo/results/spanish_pd_books/t1p5/audit.gemma4-e4b-it.jsonl
1.5,google/gemma-4-E4B-it,top_k,10.0,0.29,0.0,29,0,100,46,1000,/home/jovyan/WCS-repo/results/spanish_pd_books/t1p5/audit.gemma4-e4b-it.jsonl
1.5,google/gemma-4-E4B-it,top_k,11.0,0.29,0.0,29,0,100,46,1000,/home/jovyan/WCS-repo/results/spanish_pd_books/t1p5/audit.gemma4-e4b-it.jsonl
1.5,google/gemma-4-E4B-it,top_k,12.0,0.3,0.0,30,0,100,47,1000,/home/jovyan/WCS-repo/results/spanish_pd_books/t1p5/audit.gemma4-e4b-it.jsonl
1.5,google/gemma-4-E4B-it,top_k,13.0,0.3,0.0,30,0,100,48,1000,/home/jovyan/WCS-repo/results/spanish_pd_books/t1p5/audit.gemma4-e4b-it.jsonl
1.5,google/gemma-4-E4B-it,top_k,14.0,0.32,0.0,32,0,100,50,1000,/home/jovyan/WCS-repo/results/spanish_pd_books/t1p5/audit.gemma4-e4b-it.jsonl
1.5,google/gemma-4-E4B-it,top_k,15.0,0.33,0.0,33,0,100,51,1000,/home/jovyan/WCS-repo/results/spanish_pd_books/t1p5/audit.gemma4-e4b-it.jsonl
1.5,google/gemma-4-E4B-it,top_k,16.0,0.33,0.0,33,0,100,51,1000,/home/jovyan/WCS-repo/results/spanish_pd_books/t1p5/audit.gemma4-e4b-it.jsonl
1.5,google/gemma-4-E4B-it,top_k,17.0,0.34,0.0,34,0,100,52,1000,/home/jovyan/WCS-repo/results/spanish_pd_books/t1p5/audit.gemma4-e4b-it.jsonl
1.5,google/gemma-4-E4B-it,top_k,18.0,0.35,0.0,35,0,100,53,1000,/home/jovyan/WCS-repo/results/spanish_pd_books/t1p5/audit.gemma4-e4b-it.jsonl
1.5,google/gemma-4-E4B-it,top_k,19.0,0.35,0.0,35,0,100,54,1000,/home/jovyan/WCS-repo/results/spanish_pd_books/t1p5/audit.gemma4-e4b-it.jsonl
1.5,google/gemma-4-E4B-it,top_k,20.0,0.36,0.0,36,0,100,55,1000,/home/jovyan/WCS-repo/results/spanish_pd_books/t1p5/audit.gemma4-e4b-it.jsonl
1.5,google/gemma-4-E4B-it,top_p,0.5,0.06,0.0,6,0,100,6,1000,/home/jovyan/WCS-repo/results/spanish_pd_books/t1p5/audit.gemma4-e4b-it.jsonl
1.5,google/gemma-4-E4B-it,top_p,0.55,0.07,0.0,7,0,100,7,1000,/home/jovyan/WCS-repo/results/spanish_pd_books/t1p5/audit.gemma4-e4b-it.jsonl
1.5,google/gemma-4-E4B-it,top_p,0.6,0.16,0.0,16,0,100,17,1000,/home/jovyan/WCS-repo/results/spanish_pd_books/t1p5/audit.gemma4-e4b-it.jsonl
1.5,google/gemma-4-E4B-it,top_p,0.65,0.18,0.0,18,0,100,20,1000,/home/jovyan/WCS-repo/results/spanish_pd_books/t1p5/audit.gemma4-e4b-it.jsonl
1.5,google/gemma-4-E4B-it,top_p,0.7,0.27,0.0,27,0,100,36,1000,/home/jovyan/WCS-repo/results/spanish_pd_books/t1p5/audit.gemma4-e4b-it.jsonl
1.5,google/gemma-4-E4B-it,top_p,0.75,0.38,0.0,38,0,100,56,1000,/home/jovyan/WCS-repo/results/spanish_pd_books/t1p5/audit.gemma4-e4b-it.jsonl
1.5,google/gemma-4-E4B-it,top_p,0.8,0.49,0.0,49,0,100,84,1000,/home/jovyan/WCS-repo/results/spanish_pd_books/t1p5/audit.gemma4-e4b-it.jsonl
1.5,google/gemma-4-E4B-it,top_p,0.85,0.64,0.0,64,0,100,135,1000,/home/jovyan/WCS-repo/results/spanish_pd_books/t1p5/audit.gemma4-e4b-it.jsonl
1.5,google/gemma-4-E4B-it,top_p,0.9,0.82,0.0,82,0,100,226,1000,/home/jovyan/WCS-repo/results/spanish_pd_books/t1p5/audit.gemma4-e4b-it.jsonl
1.5,google/gemma-4-E4B-it,top_p,0.95,0.98,0.0,98,0,100,384,1000,/home/jovyan/WCS-repo/results/spanish_pd_books/t1p5/audit.gemma4-e4b-it.jsonl
1.5,google/gemma-4-E4B-it,top_p,0.99,1.0,0.09,100,9,100,737,1000,/home/jovyan/WCS-repo/results/spanish_pd_books/t1p5/audit.gemma4-e4b-it.jsonl
1.5,google/gemma-4-E4B-it,min_p,0.01,0.38,0.0,38,0,100,64,1000,/home/jovyan/WCS-repo/results/spanish_pd_books/t1p5/audit.gemma4-e4b-it.jsonl
1.5,google/gemma-4-E4B-it,min_p,0.02,0.3,0.0,30,0,100,53,1000,/home/jovyan/WCS-repo/results/spanish_pd_books/t1p5/audit.gemma4-e4b-it.jsonl
1.5,google/gemma-4-E4B-it,min_p,0.03,0.29,0.0,29,0,100,48,1000,/home/jovyan/WCS-repo/results/spanish_pd_books/t1p5/audit.gemma4-e4b-it.jsonl
1.5,google/gemma-4-E4B-it,min_p,0.04,0.27,0.0,27,0,100,43,1000,/home/jovyan/WCS-repo/results/spanish_pd_books/t1p5/audit.gemma4-e4b-it.jsonl
1.5,google/gemma-4-E4B-it,min_p,0.05,0.25,0.0,25,0,100,40,1000,/home/jovyan/WCS-repo/results/spanish_pd_books/t1p5/audit.gemma4-e4b-it.jsonl
1.5,google/gemma-4-E4B-it,min_p,0.06,0.24,0.0,24,0,100,38,1000,/home/jovyan/WCS-repo/results/spanish_pd_books/t1p5/audit.gemma4-e4b-it.jsonl
1.5,google/gemma-4-E4B-it,min_p,0.07,0.22,0.0,22,0,100,35,1000,/home/jovyan/WCS-repo/results/spanish_pd_books/t1p5/audit.gemma4-e4b-it.jsonl
1.5,google/gemma-4-E4B-it,min_p,0.08,0.21,0.0,21,0,100,34,1000,/home/jovyan/WCS-repo/results/spanish_pd_books/t1p5/audit.gemma4-e4b-it.jsonl
1.5,google/gemma-4-E4B-it,min_p,0.09,0.21,0.0,21,0,100,33,1000,/home/jovyan/WCS-repo/results/spanish_pd_books/t1p5/audit.gemma4-e4b-it.jsonl
1.5,google/gemma-4-E4B-it,min_p,0.1,0.21,0.0,21,0,100,33,1000,/home/jovyan/WCS-repo/results/spanish_pd_books/t1p5/audit.gemma4-e4b-it.jsonl
0.7,meta-llama/Llama-3.1-8B,top_k,1.0,0.52,0.0,52,0,100,103,1000,/home/jovyan/WCS-repo/results/spanish_pd_books/t0p7/audit.llama31-8b-base.jsonl
0.7,meta-llama/Llama-3.1-8B,top_k,2.0,0.7,0.0,70,0,100,151,1000,/home/jovyan/WCS-repo/results/spanish_pd_books/t0p7/audit.llama31-8b-base.jsonl
0.7,meta-llama/Llama-3.1-8B,top_k,3.0,0.73,0.0,73,0,100,183,1000,/home/jovyan/WCS-repo/results/spanish_pd_books/t0p7/audit.llama31-8b-base.jsonl
0.7,meta-llama/Llama-3.1-8B,top_k,4.0,0.77,0.0,77,0,100,201,1000,/home/jovyan/WCS-repo/results/spanish_pd_books/t0p7/audit.llama31-8b-base.jsonl
0.7,meta-llama/Llama-3.1-8B,top_k,5.0,0.82,0.0,82,0,100,222,1000,/home/jovyan/WCS-repo/results/spanish_pd_books/t0p7/audit.llama31-8b-base.jsonl
0.7,meta-llama/Llama-3.1-8B,top_k,6.0,0.83,0.0,83,0,100,239,1000,/home/jovyan/WCS-repo/results/spanish_pd_books/t0p7/audit.llama31-8b-base.jsonl
0.7,meta-llama/Llama-3.1-8B,top_k,7.0,0.88,0.0,88,0,100,266,1000,/home/jovyan/WCS-repo/results/spanish_pd_books/t0p7/audit.llama31-8b-base.jsonl
0.7,meta-llama/Llama-3.1-8B,top_k,8.0,0.88,0.0,88,0,100,277,1000,/home/jovyan/WCS-repo/results/spanish_pd_books/t0p7/audit.llama31-8b-base.jsonl
0.7,meta-llama/Llama-3.1-8B,top_k,9.0,0.88,0.0,88,0,100,292,1000,/home/jovyan/WCS-repo/results/spanish_pd_books/t0p7/audit.llama31-8b-base.jsonl
0.7,meta-llama/Llama-3.1-8B,top_k,10.0,0.89,0.0,89,0,100,309,1000,/home/jovyan/WCS-repo/results/spanish_pd_books/t0p7/audit.llama31-8b-base.jsonl
0.7,meta-llama/Llama-3.1-8B,top_k,11.0,0.9,0.0,90,0,100,329,1000,/home/jovyan/WCS-repo/results/spanish_pd_books/t0p7/audit.llama31-8b-base.jsonl
0.7,meta-llama/Llama-3.1-8B,top_k,12.0,0.9,0.0,90,0,100,340,1000,/home/jovyan/WCS-repo/results/spanish_pd_books/t0p7/audit.llama31-8b-base.jsonl
0.7,meta-llama/Llama-3.1-8B,top_k,13.0,0.9,0.0,90,0,100,351,1000,/home/jovyan/WCS-repo/results/spanish_pd_books/t0p7/audit.llama31-8b-base.jsonl
0.7,meta-llama/Llama-3.1-8B,top_k,14.0,0.9,0.0,90,0,100,358,1000,/home/jovyan/WCS-repo/results/spanish_pd_books/t0p7/audit.llama31-8b-base.jsonl
0.7,meta-llama/Llama-3.1-8B,top_k,15.0,0.91,0.0,91,0,100,366,1000,/home/jovyan/WCS-repo/results/spanish_pd_books/t0p7/audit.llama31-8b-base.jsonl
0.7,meta-llama/Llama-3.1-8B,top_k,16.0,0.92,0.0,92,0,100,376,1000,/home/jovyan/WCS-repo/results/spanish_pd_books/t0p7/audit.llama31-8b-base.jsonl
0.7,meta-llama/Llama-3.1-8B,top_k,17.0,0.92,0.0,92,0,100,386,1000,/home/jovyan/WCS-repo/results/spanish_pd_books/t0p7/audit.llama31-8b-base.jsonl
0.7,meta-llama/Llama-3.1-8B,top_k,18.0,0.92,0.0,92,0,100,395,1000,/home/jovyan/WCS-repo/results/spanish_pd_books/t0p7/audit.llama31-8b-base.jsonl
0.7,meta-llama/Llama-3.1-8B,top_k,19.0,0.93,0.0,93,0,100,401,1000,/home/jovyan/WCS-repo/results/spanish_pd_books/t0p7/audit.llama31-8b-base.jsonl
0.7,meta-llama/Llama-3.1-8B,top_k,20.0,0.94,0.01,94,1,100,412,1000,/home/jovyan/WCS-repo/results/spanish_pd_books/t0p7/audit.llama31-8b-base.jsonl
0.7,meta-llama/Llama-3.1-8B,top_p,0.5,0.0,0.0,0,0,100,0,1000,/home/jovyan/WCS-repo/results/spanish_pd_books/t0p7/audit.llama31-8b-base.jsonl
0.7,meta-llama/Llama-3.1-8B,top_p,0.55,0.01,0.0,1,0,100,1,1000,/home/jovyan/WCS-repo/results/spanish_pd_books/t0p7/audit.llama31-8b-base.jsonl
0.7,meta-llama/Llama-3.1-8B,top_p,0.6,0.01,0.0,1,0,100,1,1000,/home/jovyan/WCS-repo/results/spanish_pd_books/t0p7/audit.llama31-8b-base.jsonl
0.7,meta-llama/Llama-3.1-8B,top_p,0.65,0.01,0.0,1,0,100,1,1000,/home/jovyan/WCS-repo/results/spanish_pd_books/t0p7/audit.llama31-8b-base.jsonl
0.7,meta-llama/Llama-3.1-8B,top_p,0.7,0.01,0.0,1,0,100,1,1000,/home/jovyan/WCS-repo/results/spanish_pd_books/t0p7/audit.llama31-8b-base.jsonl
0.7,meta-llama/Llama-3.1-8B,top_p,0.75,0.03,0.0,3,0,100,4,1000,/home/jovyan/WCS-repo/results/spanish_pd_books/t0p7/audit.llama31-8b-base.jsonl
0.7,meta-llama/Llama-3.1-8B,top_p,0.8,0.07,0.0,7,0,100,9,1000,/home/jovyan/WCS-repo/results/spanish_pd_books/t0p7/audit.llama31-8b-base.jsonl
0.7,meta-llama/Llama-3.1-8B,top_p,0.85,0.11,0.0,11,0,100,15,1000,/home/jovyan/WCS-repo/results/spanish_pd_books/t0p7/audit.llama31-8b-base.jsonl
0.7,meta-llama/Llama-3.1-8B,top_p,0.9,0.23,0.0,23,0,100,34,1000,/home/jovyan/WCS-repo/results/spanish_pd_books/t0p7/audit.llama31-8b-base.jsonl
0.7,meta-llama/Llama-3.1-8B,top_p,0.95,0.41,0.0,41,0,100,85,1000,/home/jovyan/WCS-repo/results/spanish_pd_books/t0p7/audit.llama31-8b-base.jsonl
0.7,meta-llama/Llama-3.1-8B,top_p,0.99,0.75,0.01,75,1,100,236,1000,/home/jovyan/WCS-repo/results/spanish_pd_books/t0p7/audit.llama31-8b-base.jsonl
0.7,meta-llama/Llama-3.1-8B,min_p,0.01,0.94,0.0,94,0,100,392,1000,/home/jovyan/WCS-repo/results/spanish_pd_books/t0p7/audit.llama31-8b-base.jsonl
0.7,meta-llama/Llama-3.1-8B,min_p,0.02,0.9,0.0,90,0,100,325,1000,/home/jovyan/WCS-repo/results/spanish_pd_books/t0p7/audit.llama31-8b-base.jsonl
0.7,meta-llama/Llama-3.1-8B,min_p,0.03,0.89,0.0,89,0,100,296,1000,/home/jovyan/WCS-repo/results/spanish_pd_books/t0p7/audit.llama31-8b-base.jsonl
0.7,meta-llama/Llama-3.1-8B,min_p,0.04,0.87,0.0,87,0,100,274,1000,/home/jovyan/WCS-repo/results/spanish_pd_books/t0p7/audit.llama31-8b-base.jsonl
0.7,meta-llama/Llama-3.1-8B,min_p,0.05,0.85,0.0,85,0,100,255,1000,/home/jovyan/WCS-repo/results/spanish_pd_books/t0p7/audit.llama31-8b-base.jsonl
0.7,meta-llama/Llama-3.1-8B,min_p,0.06,0.82,0.0,82,0,100,239,1000,/home/jovyan/WCS-repo/results/spanish_pd_books/t0p7/audit.llama31-8b-base.jsonl
0.7,meta-llama/Llama-3.1-8B,min_p,0.07,0.8,0.0,80,0,100,230,1000,/home/jovyan/WCS-repo/results/spanish_pd_books/t0p7/audit.llama31-8b-base.jsonl
0.7,meta-llama/Llama-3.1-8B,min_p,0.08,0.79,0.0,79,0,100,226,1000,/home/jovyan/WCS-repo/results/spanish_pd_books/t0p7/audit.llama31-8b-base.jsonl
0.7,meta-llama/Llama-3.1-8B,min_p,0.09,0.78,0.0,78,0,100,213,1000,/home/jovyan/WCS-repo/results/spanish_pd_books/t0p7/audit.llama31-8b-base.jsonl
0.7,meta-llama/Llama-3.1-8B,min_p,0.1,0.77,0.0,77,0,100,208,1000,/home/jovyan/WCS-repo/results/spanish_pd_books/t0p7/audit.llama31-8b-base.jsonl
1.0,meta-llama/Llama-3.1-8B,top_k,1.0,0.52,0.0,52,0,100,103,1000,/home/jovyan/WCS-repo/results/spanish_pd_books/t1/audit.llama31-8b-base.jsonl
1.0,meta-llama/Llama-3.1-8B,top_k,2.0,0.7,0.0,70,0,100,151,1000,/home/jovyan/WCS-repo/results/spanish_pd_books/t1/audit.llama31-8b-base.jsonl
1.0,meta-llama/Llama-3.1-8B,top_k,3.0,0.73,0.0,73,0,100,183,1000,/home/jovyan/WCS-repo/results/spanish_pd_books/t1/audit.llama31-8b-base.jsonl
1.0,meta-llama/Llama-3.1-8B,top_k,4.0,0.77,0.0,77,0,100,201,1000,/home/jovyan/WCS-repo/results/spanish_pd_books/t1/audit.llama31-8b-base.jsonl
1.0,meta-llama/Llama-3.1-8B,top_k,5.0,0.82,0.0,82,0,100,222,1000,/home/jovyan/WCS-repo/results/spanish_pd_books/t1/audit.llama31-8b-base.jsonl
1.0,meta-llama/Llama-3.1-8B,top_k,6.0,0.83,0.0,83,0,100,239,1000,/home/jovyan/WCS-repo/results/spanish_pd_books/t1/audit.llama31-8b-base.jsonl
1.0,meta-llama/Llama-3.1-8B,top_k,7.0,0.88,0.0,88,0,100,266,1000,/home/jovyan/WCS-repo/results/spanish_pd_books/t1/audit.llama31-8b-base.jsonl
1.0,meta-llama/Llama-3.1-8B,top_k,8.0,0.88,0.0,88,0,100,277,1000,/home/jovyan/WCS-repo/results/spanish_pd_books/t1/audit.llama31-8b-base.jsonl
1.0,meta-llama/Llama-3.1-8B,top_k,9.0,0.88,0.0,88,0,100,292,1000,/home/jovyan/WCS-repo/results/spanish_pd_books/t1/audit.llama31-8b-base.jsonl
1.0,meta-llama/Llama-3.1-8B,top_k,10.0,0.89,0.0,89,0,100,309,1000,/home/jovyan/WCS-repo/results/spanish_pd_books/t1/audit.llama31-8b-base.jsonl
1.0,meta-llama/Llama-3.1-8B,top_k,11.0,0.9,0.0,90,0,100,329,1000,/home/jovyan/WCS-repo/results/spanish_pd_books/t1/audit.llama31-8b-base.jsonl
1.0,meta-llama/Llama-3.1-8B,top_k,12.0,0.9,0.0,90,0,100,340,1000,/home/jovyan/WCS-repo/results/spanish_pd_books/t1/audit.llama31-8b-base.jsonl
1.0,meta-llama/Llama-3.1-8B,top_k,13.0,0.9,0.0,90,0,100,351,1000,/home/jovyan/WCS-repo/results/spanish_pd_books/t1/audit.llama31-8b-base.jsonl
1.0,meta-llama/Llama-3.1-8B,top_k,14.0,0.9,0.0,90,0,100,358,1000,/home/jovyan/WCS-repo/results/spanish_pd_books/t1/audit.llama31-8b-base.jsonl
1.0,meta-llama/Llama-3.1-8B,top_k,15.0,0.91,0.0,91,0,100,366,1000,/home/jovyan/WCS-repo/results/spanish_pd_books/t1/audit.llama31-8b-base.jsonl
1.0,meta-llama/Llama-3.1-8B,top_k,16.0,0.92,0.0,92,0,100,376,1000,/home/jovyan/WCS-repo/results/spanish_pd_books/t1/audit.llama31-8b-base.jsonl
1.0,meta-llama/Llama-3.1-8B,top_k,17.0,0.92,0.0,92,0,100,386,1000,/home/jovyan/WCS-repo/results/spanish_pd_books/t1/audit.llama31-8b-base.jsonl
1.0,meta-llama/Llama-3.1-8B,top_k,18.0,0.92,0.0,92,0,100,395,1000,/home/jovyan/WCS-repo/results/spanish_pd_books/t1/audit.llama31-8b-base.jsonl
1.0,meta-llama/Llama-3.1-8B,top_k,19.0,0.93,0.0,93,0,100,401,1000,/home/jovyan/WCS-repo/results/spanish_pd_books/t1/audit.llama31-8b-base.jsonl
1.0,meta-llama/Llama-3.1-8B,top_k,20.0,0.94,0.01,94,1,100,412,1000,/home/jovyan/WCS-repo/results/spanish_pd_books/t1/audit.llama31-8b-base.jsonl
1.0,meta-llama/Llama-3.1-8B,top_p,0.5,0.02,0.0,2,0,100,3,1000,/home/jovyan/WCS-repo/results/spanish_pd_books/t1/audit.llama31-8b-base.jsonl
1.0,meta-llama/Llama-3.1-8B,top_p,0.55,0.05,0.0,5,0,100,7,1000,/home/jovyan/WCS-repo/results/spanish_pd_books/t1/audit.llama31-8b-base.jsonl
1.0,meta-llama/Llama-3.1-8B,top_p,0.6,0.1,0.0,10,0,100,14,1000,/home/jovyan/WCS-repo/results/spanish_pd_books/t1/audit.llama31-8b-base.jsonl
1.0,meta-llama/Llama-3.1-8B,top_p,0.65,0.15,0.0,15,0,100,22,1000,/home/jovyan/WCS-repo/results/spanish_pd_books/t1/audit.llama31-8b-base.jsonl
1.0,meta-llama/Llama-3.1-8B,top_p,0.7,0.2,0.0,20,0,100,39,1000,/home/jovyan/WCS-repo/results/spanish_pd_books/t1/audit.llama31-8b-base.jsonl
1.0,meta-llama/Llama-3.1-8B,top_p,0.75,0.3,0.0,30,0,100,60,1000,/home/jovyan/WCS-repo/results/spanish_pd_books/t1/audit.llama31-8b-base.jsonl
1.0,meta-llama/Llama-3.1-8B,top_p,0.8,0.39,0.0,39,0,100,88,1000,/home/jovyan/WCS-repo/results/spanish_pd_books/t1/audit.llama31-8b-base.jsonl
1.0,meta-llama/Llama-3.1-8B,top_p,0.85,0.55,0.0,55,0,100,142,1000,/home/jovyan/WCS-repo/results/spanish_pd_books/t1/audit.llama31-8b-base.jsonl
1.0,meta-llama/Llama-3.1-8B,top_p,0.9,0.64,0.02,64,2,100,197,1000,/home/jovyan/WCS-repo/results/spanish_pd_books/t1/audit.llama31-8b-base.jsonl
1.0,meta-llama/Llama-3.1-8B,top_p,0.95,0.84,0.02,84,2,100,341,1000,/home/jovyan/WCS-repo/results/spanish_pd_books/t1/audit.llama31-8b-base.jsonl
1.0,meta-llama/Llama-3.1-8B,top_p,0.99,0.98,0.18,98,18,100,688,1000,/home/jovyan/WCS-repo/results/spanish_pd_books/t1/audit.llama31-8b-base.jsonl
1.0,meta-llama/Llama-3.1-8B,min_p,0.01,0.98,0.03,98,3,100,600,1000,/home/jovyan/WCS-repo/results/spanish_pd_books/t1/audit.llama31-8b-base.jsonl
1.0,meta-llama/Llama-3.1-8B,min_p,0.02,0.95,0.0,95,0,100,487,1000,/home/jovyan/WCS-repo/results/spanish_pd_books/t1/audit.llama31-8b-base.jsonl
1.0,meta-llama/Llama-3.1-8B,min_p,0.03,0.95,0.0,95,0,100,438,1000,/home/jovyan/WCS-repo/results/spanish_pd_books/t1/audit.llama31-8b-base.jsonl
1.0,meta-llama/Llama-3.1-8B,min_p,0.04,0.94,0.0,94,0,100,392,1000,/home/jovyan/WCS-repo/results/spanish_pd_books/t1/audit.llama31-8b-base.jsonl
1.0,meta-llama/Llama-3.1-8B,min_p,0.05,0.94,0.0,94,0,100,353,1000,/home/jovyan/WCS-repo/results/spanish_pd_books/t1/audit.llama31-8b-base.jsonl
1.0,meta-llama/Llama-3.1-8B,min_p,0.06,0.93,0.0,93,0,100,341,1000,/home/jovyan/WCS-repo/results/spanish_pd_books/t1/audit.llama31-8b-base.jsonl
1.0,meta-llama/Llama-3.1-8B,min_p,0.07,0.9,0.0,90,0,100,320,1000,/home/jovyan/WCS-repo/results/spanish_pd_books/t1/audit.llama31-8b-base.jsonl
1.0,meta-llama/Llama-3.1-8B,min_p,0.08,0.9,0.0,90,0,100,302,1000,/home/jovyan/WCS-repo/results/spanish_pd_books/t1/audit.llama31-8b-base.jsonl
1.0,meta-llama/Llama-3.1-8B,min_p,0.09,0.89,0.0,89,0,100,292,1000,/home/jovyan/WCS-repo/results/spanish_pd_books/t1/audit.llama31-8b-base.jsonl
1.0,meta-llama/Llama-3.1-8B,min_p,0.1,0.87,0.0,87,0,100,274,1000,/home/jovyan/WCS-repo/results/spanish_pd_books/t1/audit.llama31-8b-base.jsonl
1.5,meta-llama/Llama-3.1-8B,top_k,1.0,0.52,0.0,52,0,100,103,1000,/home/jovyan/WCS-repo/results/spanish_pd_books/t1p5/audit.llama31-8b-base.jsonl
1.5,meta-llama/Llama-3.1-8B,top_k,2.0,0.7,0.0,70,0,100,151,1000,/home/jovyan/WCS-repo/results/spanish_pd_books/t1p5/audit.llama31-8b-base.jsonl
1.5,meta-llama/Llama-3.1-8B,top_k,3.0,0.73,0.0,73,0,100,183,1000,/home/jovyan/WCS-repo/results/spanish_pd_books/t1p5/audit.llama31-8b-base.jsonl
1.5,meta-llama/Llama-3.1-8B,top_k,4.0,0.77,0.0,77,0,100,201,1000,/home/jovyan/WCS-repo/results/spanish_pd_books/t1p5/audit.llama31-8b-base.jsonl
1.5,meta-llama/Llama-3.1-8B,top_k,5.0,0.82,0.0,82,0,100,222,1000,/home/jovyan/WCS-repo/results/spanish_pd_books/t1p5/audit.llama31-8b-base.jsonl
1.5,meta-llama/Llama-3.1-8B,top_k,6.0,0.83,0.0,83,0,100,239,1000,/home/jovyan/WCS-repo/results/spanish_pd_books/t1p5/audit.llama31-8b-base.jsonl
1.5,meta-llama/Llama-3.1-8B,top_k,7.0,0.88,0.0,88,0,100,266,1000,/home/jovyan/WCS-repo/results/spanish_pd_books/t1p5/audit.llama31-8b-base.jsonl
1.5,meta-llama/Llama-3.1-8B,top_k,8.0,0.88,0.0,88,0,100,277,1000,/home/jovyan/WCS-repo/results/spanish_pd_books/t1p5/audit.llama31-8b-base.jsonl
1.5,meta-llama/Llama-3.1-8B,top_k,9.0,0.88,0.0,88,0,100,292,1000,/home/jovyan/WCS-repo/results/spanish_pd_books/t1p5/audit.llama31-8b-base.jsonl
1.5,meta-llama/Llama-3.1-8B,top_k,10.0,0.89,0.0,89,0,100,309,1000,/home/jovyan/WCS-repo/results/spanish_pd_books/t1p5/audit.llama31-8b-base.jsonl
1.5,meta-llama/Llama-3.1-8B,top_k,11.0,0.9,0.0,90,0,100,329,1000,/home/jovyan/WCS-repo/results/spanish_pd_books/t1p5/audit.llama31-8b-base.jsonl
1.5,meta-llama/Llama-3.1-8B,top_k,12.0,0.9,0.0,90,0,100,340,1000,/home/jovyan/WCS-repo/results/spanish_pd_books/t1p5/audit.llama31-8b-base.jsonl
1.5,meta-llama/Llama-3.1-8B,top_k,13.0,0.9,0.0,90,0,100,351,1000,/home/jovyan/WCS-repo/results/spanish_pd_books/t1p5/audit.llama31-8b-base.jsonl
1.5,meta-llama/Llama-3.1-8B,top_k,14.0,0.9,0.0,90,0,100,358,1000,/home/jovyan/WCS-repo/results/spanish_pd_books/t1p5/audit.llama31-8b-base.jsonl
1.5,meta-llama/Llama-3.1-8B,top_k,15.0,0.91,0.0,91,0,100,366,1000,/home/jovyan/WCS-repo/results/spanish_pd_books/t1p5/audit.llama31-8b-base.jsonl
1.5,meta-llama/Llama-3.1-8B,top_k,16.0,0.92,0.0,92,0,100,376,1000,/home/jovyan/WCS-repo/results/spanish_pd_books/t1p5/audit.llama31-8b-base.jsonl
1.5,meta-llama/Llama-3.1-8B,top_k,17.0,0.92,0.0,92,0,100,386,1000,/home/jovyan/WCS-repo/results/spanish_pd_books/t1p5/audit.llama31-8b-base.jsonl
1.5,meta-llama/Llama-3.1-8B,top_k,18.0,0.92,0.0,92,0,100,395,1000,/home/jovyan/WCS-repo/results/spanish_pd_books/t1p5/audit.llama31-8b-base.jsonl
1.5,meta-llama/Llama-3.1-8B,top_k,19.0,0.93,0.0,93,0,100,401,1000,/home/jovyan/WCS-repo/results/spanish_pd_books/t1p5/audit.llama31-8b-base.jsonl
1.5,meta-llama/Llama-3.1-8B,top_k,20.0,0.94,0.01,94,1,100,412,1000,/home/jovyan/WCS-repo/results/spanish_pd_books/t1p5/audit.llama31-8b-base.jsonl
1.5,meta-llama/Llama-3.1-8B,top_p,0.5,0.62,0.01,62,1,100,173,1000,/home/jovyan/WCS-repo/results/spanish_pd_books/t1p5/audit.llama31-8b-base.jsonl
1.5,meta-llama/Llama-3.1-8B,top_p,0.55,0.72,0.01,72,1,100,221,1000,/home/jovyan/WCS-repo/results/spanish_pd_books/t1p5/audit.llama31-8b-base.jsonl
1.5,meta-llama/Llama-3.1-8B,top_p,0.6,0.78,0.01,78,1,100,270,1000,/home/jovyan/WCS-repo/results/spanish_pd_books/t1p5/audit.llama31-8b-base.jsonl
1.5,meta-llama/Llama-3.1-8B,top_p,0.65,0.87,0.02,87,2,100,346,1000,/home/jovyan/WCS-repo/results/spanish_pd_books/t1p5/audit.llama31-8b-base.jsonl
1.5,meta-llama/Llama-3.1-8B,top_p,0.7,0.91,0.02,91,2,100,409,1000,/home/jovyan/WCS-repo/results/spanish_pd_books/t1p5/audit.llama31-8b-base.jsonl
1.5,meta-llama/Llama-3.1-8B,top_p,0.75,0.97,0.04,97,4,100,502,1000,/home/jovyan/WCS-repo/results/spanish_pd_books/t1p5/audit.llama31-8b-base.jsonl
1.5,meta-llama/Llama-3.1-8B,top_p,0.8,0.99,0.13,99,13,100,610,1000,/home/jovyan/WCS-repo/results/spanish_pd_books/t1p5/audit.llama31-8b-base.jsonl
1.5,meta-llama/Llama-3.1-8B,top_p,0.85,1.0,0.24,100,24,100,716,1000,/home/jovyan/WCS-repo/results/spanish_pd_books/t1p5/audit.llama31-8b-base.jsonl
1.5,meta-llama/Llama-3.1-8B,top_p,0.9,1.0,0.43,100,43,100,829,1000,/home/jovyan/WCS-repo/results/spanish_pd_books/t1p5/audit.llama31-8b-base.jsonl
1.5,meta-llama/Llama-3.1-8B,top_p,0.95,1.0,0.7,100,70,100,934,1000,/home/jovyan/WCS-repo/results/spanish_pd_books/t1p5/audit.llama31-8b-base.jsonl
1.5,meta-llama/Llama-3.1-8B,top_p,0.99,1.0,0.96,100,96,100,995,1000,/home/jovyan/WCS-repo/results/spanish_pd_books/t1p5/audit.llama31-8b-base.jsonl
1.5,meta-llama/Llama-3.1-8B,min_p,0.01,1.0,0.34,100,34,100,825,1000,/home/jovyan/WCS-repo/results/spanish_pd_books/t1p5/audit.llama31-8b-base.jsonl
1.5,meta-llama/Llama-3.1-8B,min_p,0.02,1.0,0.17,100,17,100,734,1000,/home/jovyan/WCS-repo/results/spanish_pd_books/t1p5/audit.llama31-8b-base.jsonl
1.5,meta-llama/Llama-3.1-8B,min_p,0.03,0.99,0.09,99,9,100,661,1000,/home/jovyan/WCS-repo/results/spanish_pd_books/t1p5/audit.llama31-8b-base.jsonl
1.5,meta-llama/Llama-3.1-8B,min_p,0.04,0.98,0.04,98,4,100,621,1000,/home/jovyan/WCS-repo/results/spanish_pd_books/t1p5/audit.llama31-8b-base.jsonl
1.5,meta-llama/Llama-3.1-8B,min_p,0.05,0.98,0.02,98,2,100,584,1000,/home/jovyan/WCS-repo/results/spanish_pd_books/t1p5/audit.llama31-8b-base.jsonl
1.5,meta-llama/Llama-3.1-8B,min_p,0.06,0.96,0.0,96,0,100,536,1000,/home/jovyan/WCS-repo/results/spanish_pd_books/t1p5/audit.llama31-8b-base.jsonl
1.5,meta-llama/Llama-3.1-8B,min_p,0.07,0.96,0.0,96,0,100,499,1000,/home/jovyan/WCS-repo/results/spanish_pd_books/t1p5/audit.llama31-8b-base.jsonl
1.5,meta-llama/Llama-3.1-8B,min_p,0.08,0.95,0.0,95,0,100,469,1000,/home/jovyan/WCS-repo/results/spanish_pd_books/t1p5/audit.llama31-8b-base.jsonl
1.5,meta-llama/Llama-3.1-8B,min_p,0.09,0.95,0.0,95,0,100,442,1000,/home/jovyan/WCS-repo/results/spanish_pd_books/t1p5/audit.llama31-8b-base.jsonl
1.5,meta-llama/Llama-3.1-8B,min_p,0.1,0.94,0.0,94,0,100,427,1000,/home/jovyan/WCS-repo/results/spanish_pd_books/t1p5/audit.llama31-8b-base.jsonl
0.7,meta-llama/Llama-3.1-8B-Instruct,top_k,1.0,0.51,0.0,51,0,100,95,1000,/home/jovyan/WCS-repo/results/spanish_pd_books/t0p7/audit.llama31-8b-instruct.jsonl
0.7,meta-llama/Llama-3.1-8B-Instruct,top_k,2.0,0.65,0.0,65,0,100,140,1000,/home/jovyan/WCS-repo/results/spanish_pd_books/t0p7/audit.llama31-8b-instruct.jsonl
0.7,meta-llama/Llama-3.1-8B-Instruct,top_k,3.0,0.72,0.0,72,0,100,170,1000,/home/jovyan/WCS-repo/results/spanish_pd_books/t0p7/audit.llama31-8b-instruct.jsonl
0.7,meta-llama/Llama-3.1-8B-Instruct,top_k,4.0,0.76,0.0,76,0,100,195,1000,/home/jovyan/WCS-repo/results/spanish_pd_books/t0p7/audit.llama31-8b-instruct.jsonl
0.7,meta-llama/Llama-3.1-8B-Instruct,top_k,5.0,0.78,0.0,78,0,100,219,1000,/home/jovyan/WCS-repo/results/spanish_pd_books/t0p7/audit.llama31-8b-instruct.jsonl
0.7,meta-llama/Llama-3.1-8B-Instruct,top_k,6.0,0.8,0.0,80,0,100,234,1000,/home/jovyan/WCS-repo/results/spanish_pd_books/t0p7/audit.llama31-8b-instruct.jsonl
0.7,meta-llama/Llama-3.1-8B-Instruct,top_k,7.0,0.83,0.0,83,0,100,252,1000,/home/jovyan/WCS-repo/results/spanish_pd_books/t0p7/audit.llama31-8b-instruct.jsonl
0.7,meta-llama/Llama-3.1-8B-Instruct,top_k,8.0,0.85,0.0,85,0,100,276,1000,/home/jovyan/WCS-repo/results/spanish_pd_books/t0p7/audit.llama31-8b-instruct.jsonl
0.7,meta-llama/Llama-3.1-8B-Instruct,top_k,9.0,0.86,0.0,86,0,100,285,1000,/home/jovyan/WCS-repo/results/spanish_pd_books/t0p7/audit.llama31-8b-instruct.jsonl
0.7,meta-llama/Llama-3.1-8B-Instruct,top_k,10.0,0.87,0.0,87,0,100,295,1000,/home/jovyan/WCS-repo/results/spanish_pd_books/t0p7/audit.llama31-8b-instruct.jsonl
0.7,meta-llama/Llama-3.1-8B-Instruct,top_k,11.0,0.87,0.0,87,0,100,306,1000,/home/jovyan/WCS-repo/results/spanish_pd_books/t0p7/audit.llama31-8b-instruct.jsonl
0.7,meta-llama/Llama-3.1-8B-Instruct,top_k,12.0,0.87,0.0,87,0,100,314,1000,/home/jovyan/WCS-repo/results/spanish_pd_books/t0p7/audit.llama31-8b-instruct.jsonl
0.7,meta-llama/Llama-3.1-8B-Instruct,top_k,13.0,0.88,0.0,88,0,100,324,1000,/home/jovyan/WCS-repo/results/spanish_pd_books/t0p7/audit.llama31-8b-instruct.jsonl
0.7,meta-llama/Llama-3.1-8B-Instruct,top_k,14.0,0.88,0.0,88,0,100,337,1000,/home/jovyan/WCS-repo/results/spanish_pd_books/t0p7/audit.llama31-8b-instruct.jsonl
0.7,meta-llama/Llama-3.1-8B-Instruct,top_k,15.0,0.89,0.0,89,0,100,345,1000,/home/jovyan/WCS-repo/results/spanish_pd_books/t0p7/audit.llama31-8b-instruct.jsonl
0.7,meta-llama/Llama-3.1-8B-Instruct,top_k,16.0,0.9,0.0,90,0,100,354,1000,/home/jovyan/WCS-repo/results/spanish_pd_books/t0p7/audit.llama31-8b-instruct.jsonl
0.7,meta-llama/Llama-3.1-8B-Instruct,top_k,17.0,0.93,0.0,93,0,100,362,1000,/home/jovyan/WCS-repo/results/spanish_pd_books/t0p7/audit.llama31-8b-instruct.jsonl
0.7,meta-llama/Llama-3.1-8B-Instruct,top_k,18.0,0.93,0.0,93,0,100,371,1000,/home/jovyan/WCS-repo/results/spanish_pd_books/t0p7/audit.llama31-8b-instruct.jsonl
0.7,meta-llama/Llama-3.1-8B-Instruct,top_k,19.0,0.93,0.0,93,0,100,379,1000,/home/jovyan/WCS-repo/results/spanish_pd_books/t0p7/audit.llama31-8b-instruct.jsonl
0.7,meta-llama/Llama-3.1-8B-Instruct,top_k,20.0,0.93,0.0,93,0,100,385,1000,/home/jovyan/WCS-repo/results/spanish_pd_books/t0p7/audit.llama31-8b-instruct.jsonl
0.7,meta-llama/Llama-3.1-8B-Instruct,top_p,0.5,0.01,0.0,1,0,100,1,1000,/home/jovyan/WCS-repo/results/spanish_pd_books/t0p7/audit.llama31-8b-instruct.jsonl
0.7,meta-llama/Llama-3.1-8B-Instruct,top_p,0.55,0.01,0.0,1,0,100,1,1000,/home/jovyan/WCS-repo/results/spanish_pd_books/t0p7/audit.llama31-8b-instruct.jsonl
0.7,meta-llama/Llama-3.1-8B-Instruct,top_p,0.6,0.01,0.0,1,0,100,1,1000,/home/jovyan/WCS-repo/results/spanish_pd_books/t0p7/audit.llama31-8b-instruct.jsonl
0.7,meta-llama/Llama-3.1-8B-Instruct,top_p,0.65,0.02,0.0,2,0,100,2,1000,/home/jovyan/WCS-repo/results/spanish_pd_books/t0p7/audit.llama31-8b-instruct.jsonl
0.7,meta-llama/Llama-3.1-8B-Instruct,top_p,0.7,0.05,0.0,5,0,100,7,1000,/home/jovyan/WCS-repo/results/spanish_pd_books/t0p7/audit.llama31-8b-instruct.jsonl
0.7,meta-llama/Llama-3.1-8B-Instruct,top_p,0.75,0.06,0.0,6,0,100,8,1000,/home/jovyan/WCS-repo/results/spanish_pd_books/t0p7/audit.llama31-8b-instruct.jsonl
0.7,meta-llama/Llama-3.1-8B-Instruct,top_p,0.8,0.09,0.0,9,0,100,11,1000,/home/jovyan/WCS-repo/results/spanish_pd_books/t0p7/audit.llama31-8b-instruct.jsonl
0.7,meta-llama/Llama-3.1-8B-Instruct,top_p,0.85,0.15,0.0,15,0,100,20,1000,/home/jovyan/WCS-repo/results/spanish_pd_books/t0p7/audit.llama31-8b-instruct.jsonl
0.7,meta-llama/Llama-3.1-8B-Instruct,top_p,0.9,0.2,0.0,20,0,100,26,1000,/home/jovyan/WCS-repo/results/spanish_pd_books/t0p7/audit.llama31-8b-instruct.jsonl
0.7,meta-llama/Llama-3.1-8B-Instruct,top_p,0.95,0.37,0.0,37,0,100,70,1000,/home/jovyan/WCS-repo/results/spanish_pd_books/t0p7/audit.llama31-8b-instruct.jsonl
0.7,meta-llama/Llama-3.1-8B-Instruct,top_p,0.99,0.75,0.0,75,0,100,225,1000,/home/jovyan/WCS-repo/results/spanish_pd_books/t0p7/audit.llama31-8b-instruct.jsonl
0.7,meta-llama/Llama-3.1-8B-Instruct,min_p,0.01,0.92,0.0,92,0,100,353,1000,/home/jovyan/WCS-repo/results/spanish_pd_books/t0p7/audit.llama31-8b-instruct.jsonl
0.7,meta-llama/Llama-3.1-8B-Instruct,min_p,0.02,0.88,0.0,88,0,100,286,1000,/home/jovyan/WCS-repo/results/spanish_pd_books/t0p7/audit.llama31-8b-instruct.jsonl
0.7,meta-llama/Llama-3.1-8B-Instruct,min_p,0.03,0.86,0.0,86,0,100,259,1000,/home/jovyan/WCS-repo/results/spanish_pd_books/t0p7/audit.llama31-8b-instruct.jsonl
0.7,meta-llama/Llama-3.1-8B-Instruct,min_p,0.04,0.86,0.0,86,0,100,248,1000,/home/jovyan/WCS-repo/results/spanish_pd_books/t0p7/audit.llama31-8b-instruct.jsonl
0.7,meta-llama/Llama-3.1-8B-Instruct,min_p,0.05,0.82,0.0,82,0,100,231,1000,/home/jovyan/WCS-repo/results/spanish_pd_books/t0p7/audit.llama31-8b-instruct.jsonl
0.7,meta-llama/Llama-3.1-8B-Instruct,min_p,0.06,0.82,0.0,82,0,100,222,1000,/home/jovyan/WCS-repo/results/spanish_pd_books/t0p7/audit.llama31-8b-instruct.jsonl
0.7,meta-llama/Llama-3.1-8B-Instruct,min_p,0.07,0.76,0.0,76,0,100,212,1000,/home/jovyan/WCS-repo/results/spanish_pd_books/t0p7/audit.llama31-8b-instruct.jsonl
0.7,meta-llama/Llama-3.1-8B-Instruct,min_p,0.08,0.75,0.0,75,0,100,206,1000,/home/jovyan/WCS-repo/results/spanish_pd_books/t0p7/audit.llama31-8b-instruct.jsonl
0.7,meta-llama/Llama-3.1-8B-Instruct,min_p,0.09,0.75,0.0,75,0,100,202,1000,/home/jovyan/WCS-repo/results/spanish_pd_books/t0p7/audit.llama31-8b-instruct.jsonl
0.7,meta-llama/Llama-3.1-8B-Instruct,min_p,0.1,0.75,0.0,75,0,100,195,1000,/home/jovyan/WCS-repo/results/spanish_pd_books/t0p7/audit.llama31-8b-instruct.jsonl
1.0,meta-llama/Llama-3.1-8B-Instruct,top_k,1.0,0.51,0.0,51,0,100,95,1000,/home/jovyan/WCS-repo/results/spanish_pd_books/t1/audit.llama31-8b-instruct.jsonl
1.0,meta-llama/Llama-3.1-8B-Instruct,top_k,2.0,0.65,0.0,65,0,100,140,1000,/home/jovyan/WCS-repo/results/spanish_pd_books/t1/audit.llama31-8b-instruct.jsonl
1.0,meta-llama/Llama-3.1-8B-Instruct,top_k,3.0,0.72,0.0,72,0,100,170,1000,/home/jovyan/WCS-repo/results/spanish_pd_books/t1/audit.llama31-8b-instruct.jsonl
1.0,meta-llama/Llama-3.1-8B-Instruct,top_k,4.0,0.76,0.0,76,0,100,195,1000,/home/jovyan/WCS-repo/results/spanish_pd_books/t1/audit.llama31-8b-instruct.jsonl
1.0,meta-llama/Llama-3.1-8B-Instruct,top_k,5.0,0.78,0.0,78,0,100,219,1000,/home/jovyan/WCS-repo/results/spanish_pd_books/t1/audit.llama31-8b-instruct.jsonl
1.0,meta-llama/Llama-3.1-8B-Instruct,top_k,6.0,0.8,0.0,80,0,100,234,1000,/home/jovyan/WCS-repo/results/spanish_pd_books/t1/audit.llama31-8b-instruct.jsonl
1.0,meta-llama/Llama-3.1-8B-Instruct,top_k,7.0,0.83,0.0,83,0,100,252,1000,/home/jovyan/WCS-repo/results/spanish_pd_books/t1/audit.llama31-8b-instruct.jsonl
1.0,meta-llama/Llama-3.1-8B-Instruct,top_k,8.0,0.85,0.0,85,0,100,276,1000,/home/jovyan/WCS-repo/results/spanish_pd_books/t1/audit.llama31-8b-instruct.jsonl
1.0,meta-llama/Llama-3.1-8B-Instruct,top_k,9.0,0.86,0.0,86,0,100,285,1000,/home/jovyan/WCS-repo/results/spanish_pd_books/t1/audit.llama31-8b-instruct.jsonl
1.0,meta-llama/Llama-3.1-8B-Instruct,top_k,10.0,0.87,0.0,87,0,100,295,1000,/home/jovyan/WCS-repo/results/spanish_pd_books/t1/audit.llama31-8b-instruct.jsonl
1.0,meta-llama/Llama-3.1-8B-Instruct,top_k,11.0,0.87,0.0,87,0,100,306,1000,/home/jovyan/WCS-repo/results/spanish_pd_books/t1/audit.llama31-8b-instruct.jsonl
1.0,meta-llama/Llama-3.1-8B-Instruct,top_k,12.0,0.87,0.0,87,0,100,314,1000,/home/jovyan/WCS-repo/results/spanish_pd_books/t1/audit.llama31-8b-instruct.jsonl
1.0,meta-llama/Llama-3.1-8B-Instruct,top_k,13.0,0.88,0.0,88,0,100,324,1000,/home/jovyan/WCS-repo/results/spanish_pd_books/t1/audit.llama31-8b-instruct.jsonl
1.0,meta-llama/Llama-3.1-8B-Instruct,top_k,14.0,0.88,0.0,88,0,100,337,1000,/home/jovyan/WCS-repo/results/spanish_pd_books/t1/audit.llama31-8b-instruct.jsonl
1.0,meta-llama/Llama-3.1-8B-Instruct,top_k,15.0,0.89,0.0,89,0,100,345,1000,/home/jovyan/WCS-repo/results/spanish_pd_books/t1/audit.llama31-8b-instruct.jsonl
1.0,meta-llama/Llama-3.1-8B-Instruct,top_k,16.0,0.9,0.0,90,0,100,354,1000,/home/jovyan/WCS-repo/results/spanish_pd_books/t1/audit.llama31-8b-instruct.jsonl
1.0,meta-llama/Llama-3.1-8B-Instruct,top_k,17.0,0.93,0.0,93,0,100,362,1000,/home/jovyan/WCS-repo/results/spanish_pd_books/t1/audit.llama31-8b-instruct.jsonl
1.0,meta-llama/Llama-3.1-8B-Instruct,top_k,18.0,0.93,0.0,93,0,100,371,1000,/home/jovyan/WCS-repo/results/spanish_pd_books/t1/audit.llama31-8b-instruct.jsonl
1.0,meta-llama/Llama-3.1-8B-Instruct,top_k,19.0,0.93,0.0,93,0,100,379,1000,/home/jovyan/WCS-repo/results/spanish_pd_books/t1/audit.llama31-8b-instruct.jsonl
1.0,meta-llama/Llama-3.1-8B-Instruct,top_k,20.0,0.93,0.0,93,0,100,385,1000,/home/jovyan/WCS-repo/results/spanish_pd_books/t1/audit.llama31-8b-instruct.jsonl
1.0,meta-llama/Llama-3.1-8B-Instruct,top_p,0.5,0.08,0.0,8,0,100,12,1000,/home/jovyan/WCS-repo/results/spanish_pd_books/t1/audit.llama31-8b-instruct.jsonl
1.0,meta-llama/Llama-3.1-8B-Instruct,top_p,0.55,0.08,0.0,8,0,100,13,1000,/home/jovyan/WCS-repo/results/spanish_pd_books/t1/audit.llama31-8b-instruct.jsonl
1.0,meta-llama/Llama-3.1-8B-Instruct,top_p,0.6,0.11,0.0,11,0,100,16,1000,/home/jovyan/WCS-repo/results/spanish_pd_books/t1/audit.llama31-8b-instruct.jsonl
1.0,meta-llama/Llama-3.1-8B-Instruct,top_p,0.65,0.18,0.0,18,0,100,28,1000,/home/jovyan/WCS-repo/results/spanish_pd_books/t1/audit.llama31-8b-instruct.jsonl
1.0,meta-llama/Llama-3.1-8B-Instruct,top_p,0.7,0.26,0.0,26,0,100,44,1000,/home/jovyan/WCS-repo/results/spanish_pd_books/t1/audit.llama31-8b-instruct.jsonl
1.0,meta-llama/Llama-3.1-8B-Instruct,top_p,0.75,0.37,0.0,37,0,100,68,1000,/home/jovyan/WCS-repo/results/spanish_pd_books/t1/audit.llama31-8b-instruct.jsonl
1.0,meta-llama/Llama-3.1-8B-Instruct,top_p,0.8,0.45,0.0,45,0,100,90,1000,/home/jovyan/WCS-repo/results/spanish_pd_books/t1/audit.llama31-8b-instruct.jsonl
1.0,meta-llama/Llama-3.1-8B-Instruct,top_p,0.85,0.52,0.01,52,1,100,134,1000,/home/jovyan/WCS-repo/results/spanish_pd_books/t1/audit.llama31-8b-instruct.jsonl
1.0,meta-llama/Llama-3.1-8B-Instruct,top_p,0.9,0.72,0.01,72,1,100,201,1000,/home/jovyan/WCS-repo/results/spanish_pd_books/t1/audit.llama31-8b-instruct.jsonl
1.0,meta-llama/Llama-3.1-8B-Instruct,top_p,0.95,0.84,0.01,84,1,100,326,1000,/home/jovyan/WCS-repo/results/spanish_pd_books/t1/audit.llama31-8b-instruct.jsonl
1.0,meta-llama/Llama-3.1-8B-Instruct,top_p,0.99,0.99,0.17,99,17,100,660,1000,/home/jovyan/WCS-repo/results/spanish_pd_books/t1/audit.llama31-8b-instruct.jsonl
1.0,meta-llama/Llama-3.1-8B-Instruct,min_p,0.01,0.96,0.0,96,0,100,546,1000,/home/jovyan/WCS-repo/results/spanish_pd_books/t1/audit.llama31-8b-instruct.jsonl
1.0,meta-llama/Llama-3.1-8B-Instruct,min_p,0.02,0.94,0.0,94,0,100,435,1000,/home/jovyan/WCS-repo/results/spanish_pd_books/t1/audit.llama31-8b-instruct.jsonl
1.0,meta-llama/Llama-3.1-8B-Instruct,min_p,0.03,0.93,0.0,93,0,100,387,1000,/home/jovyan/WCS-repo/results/spanish_pd_books/t1/audit.llama31-8b-instruct.jsonl
1.0,meta-llama/Llama-3.1-8B-Instruct,min_p,0.04,0.92,0.0,92,0,100,353,1000,/home/jovyan/WCS-repo/results/spanish_pd_books/t1/audit.llama31-8b-instruct.jsonl
1.0,meta-llama/Llama-3.1-8B-Instruct,min_p,0.05,0.9,0.0,90,0,100,310,1000,/home/jovyan/WCS-repo/results/spanish_pd_books/t1/audit.llama31-8b-instruct.jsonl
1.0,meta-llama/Llama-3.1-8B-Instruct,min_p,0.06,0.9,0.0,90,0,100,305,1000,/home/jovyan/WCS-repo/results/spanish_pd_books/t1/audit.llama31-8b-instruct.jsonl
1.0,meta-llama/Llama-3.1-8B-Instruct,min_p,0.07,0.87,0.0,87,0,100,274,1000,/home/jovyan/WCS-repo/results/spanish_pd_books/t1/audit.llama31-8b-instruct.jsonl
1.0,meta-llama/Llama-3.1-8B-Instruct,min_p,0.08,0.86,0.0,86,0,100,265,1000,/home/jovyan/WCS-repo/results/spanish_pd_books/t1/audit.llama31-8b-instruct.jsonl
1.0,meta-llama/Llama-3.1-8B-Instruct,min_p,0.09,0.86,0.0,86,0,100,257,1000,/home/jovyan/WCS-repo/results/spanish_pd_books/t1/audit.llama31-8b-instruct.jsonl
1.0,meta-llama/Llama-3.1-8B-Instruct,min_p,0.1,0.86,0.0,86,0,100,248,1000,/home/jovyan/WCS-repo/results/spanish_pd_books/t1/audit.llama31-8b-instruct.jsonl
1.5,meta-llama/Llama-3.1-8B-Instruct,top_k,1.0,0.51,0.0,51,0,100,95,1000,/home/jovyan/WCS-repo/results/spanish_pd_books/t1p5/audit.llama31-8b-instruct.jsonl
1.5,meta-llama/Llama-3.1-8B-Instruct,top_k,2.0,0.65,0.0,65,0,100,140,1000,/home/jovyan/WCS-repo/results/spanish_pd_books/t1p5/audit.llama31-8b-instruct.jsonl
1.5,meta-llama/Llama-3.1-8B-Instruct,top_k,3.0,0.72,0.0,72,0,100,170,1000,/home/jovyan/WCS-repo/results/spanish_pd_books/t1p5/audit.llama31-8b-instruct.jsonl
1.5,meta-llama/Llama-3.1-8B-Instruct,top_k,4.0,0.76,0.0,76,0,100,195,1000,/home/jovyan/WCS-repo/results/spanish_pd_books/t1p5/audit.llama31-8b-instruct.jsonl
1.5,meta-llama/Llama-3.1-8B-Instruct,top_k,5.0,0.78,0.0,78,0,100,219,1000,/home/jovyan/WCS-repo/results/spanish_pd_books/t1p5/audit.llama31-8b-instruct.jsonl
1.5,meta-llama/Llama-3.1-8B-Instruct,top_k,6.0,0.8,0.0,80,0,100,234,1000,/home/jovyan/WCS-repo/results/spanish_pd_books/t1p5/audit.llama31-8b-instruct.jsonl
1.5,meta-llama/Llama-3.1-8B-Instruct,top_k,7.0,0.83,0.0,83,0,100,252,1000,/home/jovyan/WCS-repo/results/spanish_pd_books/t1p5/audit.llama31-8b-instruct.jsonl
1.5,meta-llama/Llama-3.1-8B-Instruct,top_k,8.0,0.85,0.0,85,0,100,276,1000,/home/jovyan/WCS-repo/results/spanish_pd_books/t1p5/audit.llama31-8b-instruct.jsonl
1.5,meta-llama/Llama-3.1-8B-Instruct,top_k,9.0,0.86,0.0,86,0,100,285,1000,/home/jovyan/WCS-repo/results/spanish_pd_books/t1p5/audit.llama31-8b-instruct.jsonl
1.5,meta-llama/Llama-3.1-8B-Instruct,top_k,10.0,0.87,0.0,87,0,100,295,1000,/home/jovyan/WCS-repo/results/spanish_pd_books/t1p5/audit.llama31-8b-instruct.jsonl
1.5,meta-llama/Llama-3.1-8B-Instruct,top_k,11.0,0.87,0.0,87,0,100,306,1000,/home/jovyan/WCS-repo/results/spanish_pd_books/t1p5/audit.llama31-8b-instruct.jsonl
1.5,meta-llama/Llama-3.1-8B-Instruct,top_k,12.0,0.87,0.0,87,0,100,314,1000,/home/jovyan/WCS-repo/results/spanish_pd_books/t1p5/audit.llama31-8b-instruct.jsonl
1.5,meta-llama/Llama-3.1-8B-Instruct,top_k,13.0,0.88,0.0,88,0,100,324,1000,/home/jovyan/WCS-repo/results/spanish_pd_books/t1p5/audit.llama31-8b-instruct.jsonl
1.5,meta-llama/Llama-3.1-8B-Instruct,top_k,14.0,0.88,0.0,88,0,100,337,1000,/home/jovyan/WCS-repo/results/spanish_pd_books/t1p5/audit.llama31-8b-instruct.jsonl
1.5,meta-llama/Llama-3.1-8B-Instruct,top_k,15.0,0.89,0.0,89,0,100,345,1000,/home/jovyan/WCS-repo/results/spanish_pd_books/t1p5/audit.llama31-8b-instruct.jsonl
1.5,meta-llama/Llama-3.1-8B-Instruct,top_k,16.0,0.9,0.0,90,0,100,354,1000,/home/jovyan/WCS-repo/results/spanish_pd_books/t1p5/audit.llama31-8b-instruct.jsonl
1.5,meta-llama/Llama-3.1-8B-Instruct,top_k,17.0,0.93,0.0,93,0,100,362,1000,/home/jovyan/WCS-repo/results/spanish_pd_books/t1p5/audit.llama31-8b-instruct.jsonl
1.5,meta-llama/Llama-3.1-8B-Instruct,top_k,18.0,0.93,0.0,93,0,100,371,1000,/home/jovyan/WCS-repo/results/spanish_pd_books/t1p5/audit.llama31-8b-instruct.jsonl
1.5,meta-llama/Llama-3.1-8B-Instruct,top_k,19.0,0.93,0.0,93,0,100,379,1000,/home/jovyan/WCS-repo/results/spanish_pd_books/t1p5/audit.llama31-8b-instruct.jsonl
1.5,meta-llama/Llama-3.1-8B-Instruct,top_k,20.0,0.93,0.0,93,0,100,385,1000,/home/jovyan/WCS-repo/results/spanish_pd_books/t1p5/audit.llama31-8b-instruct.jsonl
1.5,meta-llama/Llama-3.1-8B-Instruct,top_p,0.5,0.69,0.01,69,1,100,213,1000,/home/jovyan/WCS-repo/results/spanish_pd_books/t1p5/audit.llama31-8b-instruct.jsonl
1.5,meta-llama/Llama-3.1-8B-Instruct,top_p,0.55,0.8,0.01,80,1,100,260,1000,/home/jovyan/WCS-repo/results/spanish_pd_books/t1p5/audit.llama31-8b-instruct.jsonl
1.5,meta-llama/Llama-3.1-8B-Instruct,top_p,0.6,0.86,0.01,86,1,100,319,1000,/home/jovyan/WCS-repo/results/spanish_pd_books/t1p5/audit.llama31-8b-instruct.jsonl
1.5,meta-llama/Llama-3.1-8B-Instruct,top_p,0.65,0.9,0.02,90,2,100,382,1000,/home/jovyan/WCS-repo/results/spanish_pd_books/t1p5/audit.llama31-8b-instruct.jsonl
1.5,meta-llama/Llama-3.1-8B-Instruct,top_p,0.7,0.94,0.05,94,5,100,454,1000,/home/jovyan/WCS-repo/results/spanish_pd_books/t1p5/audit.llama31-8b-instruct.jsonl
1.5,meta-llama/Llama-3.1-8B-Instruct,top_p,0.75,0.97,0.09,97,9,100,536,1000,/home/jovyan/WCS-repo/results/spanish_pd_books/t1p5/audit.llama31-8b-instruct.jsonl
1.5,meta-llama/Llama-3.1-8B-Instruct,top_p,0.8,0.98,0.14,98,14,100,627,1000,/home/jovyan/WCS-repo/results/spanish_pd_books/t1p5/audit.llama31-8b-instruct.jsonl
1.5,meta-llama/Llama-3.1-8B-Instruct,top_p,0.85,1.0,0.23,100,23,100,720,1000,/home/jovyan/WCS-repo/results/spanish_pd_books/t1p5/audit.llama31-8b-instruct.jsonl
1.5,meta-llama/Llama-3.1-8B-Instruct,top_p,0.9,1.0,0.36,100,36,100,814,1000,/home/jovyan/WCS-repo/results/spanish_pd_books/t1p5/audit.llama31-8b-instruct.jsonl
1.5,meta-llama/Llama-3.1-8B-Instruct,top_p,0.95,1.0,0.64,100,64,100,922,1000,/home/jovyan/WCS-repo/results/spanish_pd_books/t1p5/audit.llama31-8b-instruct.jsonl
1.5,meta-llama/Llama-3.1-8B-Instruct,top_p,0.99,1.0,0.92,100,92,100,991,1000,/home/jovyan/WCS-repo/results/spanish_pd_books/t1p5/audit.llama31-8b-instruct.jsonl
1.5,meta-llama/Llama-3.1-8B-Instruct,min_p,0.01,1.0,0.26,100,26,100,799,1000,/home/jovyan/WCS-repo/results/spanish_pd_books/t1p5/audit.llama31-8b-instruct.jsonl
1.5,meta-llama/Llama-3.1-8B-Instruct,min_p,0.02,1.0,0.09,100,9,100,703,1000,/home/jovyan/WCS-repo/results/spanish_pd_books/t1p5/audit.llama31-8b-instruct.jsonl
1.5,meta-llama/Llama-3.1-8B-Instruct,min_p,0.03,0.97,0.02,97,2,100,635,1000,/home/jovyan/WCS-repo/results/spanish_pd_books/t1p5/audit.llama31-8b-instruct.jsonl
1.5,meta-llama/Llama-3.1-8B-Instruct,min_p,0.04,0.96,0.0,96,0,100,578,1000,/home/jovyan/WCS-repo/results/spanish_pd_books/t1p5/audit.llama31-8b-instruct.jsonl
1.5,meta-llama/Llama-3.1-8B-Instruct,min_p,0.05,0.96,0.0,96,0,100,520,1000,/home/jovyan/WCS-repo/results/spanish_pd_books/t1p5/audit.llama31-8b-instruct.jsonl
1.5,meta-llama/Llama-3.1-8B-Instruct,min_p,0.06,0.95,0.0,95,0,100,480,1000,/home/jovyan/WCS-repo/results/spanish_pd_books/t1p5/audit.llama31-8b-instruct.jsonl
1.5,meta-llama/Llama-3.1-8B-Instruct,min_p,0.07,0.94,0.0,94,0,100,448,1000,/home/jovyan/WCS-repo/results/spanish_pd_books/t1p5/audit.llama31-8b-instruct.jsonl
1.5,meta-llama/Llama-3.1-8B-Instruct,min_p,0.08,0.94,0.0,94,0,100,421,1000,/home/jovyan/WCS-repo/results/spanish_pd_books/t1p5/audit.llama31-8b-instruct.jsonl
1.5,meta-llama/Llama-3.1-8B-Instruct,min_p,0.09,0.93,0.0,93,0,100,394,1000,/home/jovyan/WCS-repo/results/spanish_pd_books/t1p5/audit.llama31-8b-instruct.jsonl
1.5,meta-llama/Llama-3.1-8B-Instruct,min_p,0.1,0.93,0.0,93,0,100,381,1000,/home/jovyan/WCS-repo/results/spanish_pd_books/t1p5/audit.llama31-8b-instruct.jsonl
0.7,mistralai/Mistral-7B-Instruct-v0.3,top_k,1.0,0.41,0.0,41,0,100,76,1000,/home/jovyan/WCS-repo/results/spanish_pd_books/t0p7/audit.mistral7b-v03-instruct.jsonl
0.7,mistralai/Mistral-7B-Instruct-v0.3,top_k,2.0,0.49,0.0,49,0,100,105,1000,/home/jovyan/WCS-repo/results/spanish_pd_books/t0p7/audit.mistral7b-v03-instruct.jsonl
0.7,mistralai/Mistral-7B-Instruct-v0.3,top_k,3.0,0.57,0.0,57,0,100,131,1000,/home/jovyan/WCS-repo/results/spanish_pd_books/t0p7/audit.mistral7b-v03-instruct.jsonl
0.7,mistralai/Mistral-7B-Instruct-v0.3,top_k,4.0,0.67,0.0,67,0,100,160,1000,/home/jovyan/WCS-repo/results/spanish_pd_books/t0p7/audit.mistral7b-v03-instruct.jsonl
0.7,mistralai/Mistral-7B-Instruct-v0.3,top_k,5.0,0.71,0.0,71,0,100,180,1000,/home/jovyan/WCS-repo/results/spanish_pd_books/t0p7/audit.mistral7b-v03-instruct.jsonl
0.7,mistralai/Mistral-7B-Instruct-v0.3,top_k,6.0,0.75,0.0,75,0,100,192,1000,/home/jovyan/WCS-repo/results/spanish_pd_books/t0p7/audit.mistral7b-v03-instruct.jsonl
0.7,mistralai/Mistral-7B-Instruct-v0.3,top_k,7.0,0.76,0.0,76,0,100,205,1000,/home/jovyan/WCS-repo/results/spanish_pd_books/t0p7/audit.mistral7b-v03-instruct.jsonl
0.7,mistralai/Mistral-7B-Instruct-v0.3,top_k,8.0,0.79,0.01,79,1,100,225,1000,/home/jovyan/WCS-repo/results/spanish_pd_books/t0p7/audit.mistral7b-v03-instruct.jsonl
0.7,mistralai/Mistral-7B-Instruct-v0.3,top_k,9.0,0.82,0.01,82,1,100,237,1000,/home/jovyan/WCS-repo/results/spanish_pd_books/t0p7/audit.mistral7b-v03-instruct.jsonl
0.7,mistralai/Mistral-7B-Instruct-v0.3,top_k,10.0,0.85,0.01,85,1,100,254,1000,/home/jovyan/WCS-repo/results/spanish_pd_books/t0p7/audit.mistral7b-v03-instruct.jsonl
0.7,mistralai/Mistral-7B-Instruct-v0.3,top_k,11.0,0.86,0.01,86,1,100,266,1000,/home/jovyan/WCS-repo/results/spanish_pd_books/t0p7/audit.mistral7b-v03-instruct.jsonl
0.7,mistralai/Mistral-7B-Instruct-v0.3,top_k,12.0,0.86,0.01,86,1,100,270,1000,/home/jovyan/WCS-repo/results/spanish_pd_books/t0p7/audit.mistral7b-v03-instruct.jsonl
0.7,mistralai/Mistral-7B-Instruct-v0.3,top_k,13.0,0.87,0.01,87,1,100,278,1000,/home/jovyan/WCS-repo/results/spanish_pd_books/t0p7/audit.mistral7b-v03-instruct.jsonl
0.7,mistralai/Mistral-7B-Instruct-v0.3,top_k,14.0,0.88,0.01,88,1,100,291,1000,/home/jovyan/WCS-repo/results/spanish_pd_books/t0p7/audit.mistral7b-v03-instruct.jsonl
0.7,mistralai/Mistral-7B-Instruct-v0.3,top_k,15.0,0.9,0.01,90,1,100,299,1000,/home/jovyan/WCS-repo/results/spanish_pd_books/t0p7/audit.mistral7b-v03-instruct.jsonl
0.7,mistralai/Mistral-7B-Instruct-v0.3,top_k,16.0,0.9,0.01,90,1,100,304,1000,/home/jovyan/WCS-repo/results/spanish_pd_books/t0p7/audit.mistral7b-v03-instruct.jsonl
0.7,mistralai/Mistral-7B-Instruct-v0.3,top_k,17.0,0.9,0.01,90,1,100,316,1000,/home/jovyan/WCS-repo/results/spanish_pd_books/t0p7/audit.mistral7b-v03-instruct.jsonl
0.7,mistralai/Mistral-7B-Instruct-v0.3,top_k,18.0,0.9,0.01,90,1,100,324,1000,/home/jovyan/WCS-repo/results/spanish_pd_books/t0p7/audit.mistral7b-v03-instruct.jsonl
0.7,mistralai/Mistral-7B-Instruct-v0.3,top_k,19.0,0.91,0.01,91,1,100,332,1000,/home/jovyan/WCS-repo/results/spanish_pd_books/t0p7/audit.mistral7b-v03-instruct.jsonl
0.7,mistralai/Mistral-7B-Instruct-v0.3,top_k,20.0,0.91,0.01,91,1,100,338,1000,/home/jovyan/WCS-repo/results/spanish_pd_books/t0p7/audit.mistral7b-v03-instruct.jsonl
0.7,mistralai/Mistral-7B-Instruct-v0.3,top_p,0.5,0.0,0.0,0,0,100,0,1000,/home/jovyan/WCS-repo/results/spanish_pd_books/t0p7/audit.mistral7b-v03-instruct.jsonl
0.7,mistralai/Mistral-7B-Instruct-v0.3,top_p,0.55,0.0,0.0,0,0,100,0,1000,/home/jovyan/WCS-repo/results/spanish_pd_books/t0p7/audit.mistral7b-v03-instruct.jsonl
0.7,mistralai/Mistral-7B-Instruct-v0.3,top_p,0.6,0.0,0.0,0,0,100,0,1000,/home/jovyan/WCS-repo/results/spanish_pd_books/t0p7/audit.mistral7b-v03-instruct.jsonl
0.7,mistralai/Mistral-7B-Instruct-v0.3,top_p,0.65,0.0,0.0,0,0,100,0,1000,/home/jovyan/WCS-repo/results/spanish_pd_books/t0p7/audit.mistral7b-v03-instruct.jsonl
0.7,mistralai/Mistral-7B-Instruct-v0.3,top_p,0.7,0.02,0.0,2,0,100,2,1000,/home/jovyan/WCS-repo/results/spanish_pd_books/t0p7/audit.mistral7b-v03-instruct.jsonl
0.7,mistralai/Mistral-7B-Instruct-v0.3,top_p,0.75,0.02,0.0,2,0,100,2,1000,/home/jovyan/WCS-repo/results/spanish_pd_books/t0p7/audit.mistral7b-v03-instruct.jsonl
0.7,mistralai/Mistral-7B-Instruct-v0.3,top_p,0.8,0.05,0.0,5,0,100,7,1000,/home/jovyan/WCS-repo/results/spanish_pd_books/t0p7/audit.mistral7b-v03-instruct.jsonl
0.7,mistralai/Mistral-7B-Instruct-v0.3,top_p,0.85,0.1,0.0,10,0,100,16,1000,/home/jovyan/WCS-repo/results/spanish_pd_books/t0p7/audit.mistral7b-v03-instruct.jsonl
0.7,mistralai/Mistral-7B-Instruct-v0.3,top_p,0.9,0.17,0.0,17,0,100,26,1000,/home/jovyan/WCS-repo/results/spanish_pd_books/t0p7/audit.mistral7b-v03-instruct.jsonl
0.7,mistralai/Mistral-7B-Instruct-v0.3,top_p,0.95,0.34,0.0,34,0,100,67,1000,/home/jovyan/WCS-repo/results/spanish_pd_books/t0p7/audit.mistral7b-v03-instruct.jsonl
0.7,mistralai/Mistral-7B-Instruct-v0.3,top_p,0.99,0.72,0.0,72,0,100,251,1000,/home/jovyan/WCS-repo/results/spanish_pd_books/t0p7/audit.mistral7b-v03-instruct.jsonl
0.7,mistralai/Mistral-7B-Instruct-v0.3,min_p,0.01,0.9,0.01,90,1,100,335,1000,/home/jovyan/WCS-repo/results/spanish_pd_books/t0p7/audit.mistral7b-v03-instruct.jsonl
0.7,mistralai/Mistral-7B-Instruct-v0.3,min_p,0.02,0.86,0.0,86,0,100,273,1000,/home/jovyan/WCS-repo/results/spanish_pd_books/t0p7/audit.mistral7b-v03-instruct.jsonl
0.7,mistralai/Mistral-7B-Instruct-v0.3,min_p,0.03,0.83,0.0,83,0,100,245,1000,/home/jovyan/WCS-repo/results/spanish_pd_books/t0p7/audit.mistral7b-v03-instruct.jsonl
0.7,mistralai/Mistral-7B-Instruct-v0.3,min_p,0.04,0.81,0.0,81,0,100,226,1000,/home/jovyan/WCS-repo/results/spanish_pd_books/t0p7/audit.mistral7b-v03-instruct.jsonl
0.7,mistralai/Mistral-7B-Instruct-v0.3,min_p,0.05,0.77,0.0,77,0,100,201,1000,/home/jovyan/WCS-repo/results/spanish_pd_books/t0p7/audit.mistral7b-v03-instruct.jsonl
0.7,mistralai/Mistral-7B-Instruct-v0.3,min_p,0.06,0.72,0.0,72,0,100,188,1000,/home/jovyan/WCS-repo/results/spanish_pd_books/t0p7/audit.mistral7b-v03-instruct.jsonl
0.7,mistralai/Mistral-7B-Instruct-v0.3,min_p,0.07,0.7,0.0,70,0,100,176,1000,/home/jovyan/WCS-repo/results/spanish_pd_books/t0p7/audit.mistral7b-v03-instruct.jsonl
0.7,mistralai/Mistral-7B-Instruct-v0.3,min_p,0.08,0.7,0.0,70,0,100,171,1000,/home/jovyan/WCS-repo/results/spanish_pd_books/t0p7/audit.mistral7b-v03-instruct.jsonl
0.7,mistralai/Mistral-7B-Instruct-v0.3,min_p,0.09,0.69,0.0,69,0,100,162,1000,/home/jovyan/WCS-repo/results/spanish_pd_books/t0p7/audit.mistral7b-v03-instruct.jsonl
0.7,mistralai/Mistral-7B-Instruct-v0.3,min_p,0.1,0.66,0.0,66,0,100,155,1000,/home/jovyan/WCS-repo/results/spanish_pd_books/t0p7/audit.mistral7b-v03-instruct.jsonl
1.0,mistralai/Mistral-7B-Instruct-v0.3,top_k,1.0,0.41,0.0,41,0,100,76,1000,/home/jovyan/WCS-repo/results/spanish_pd_books/t1/audit.mistral7b-v03-instruct.jsonl
1.0,mistralai/Mistral-7B-Instruct-v0.3,top_k,2.0,0.49,0.0,49,0,100,105,1000,/home/jovyan/WCS-repo/results/spanish_pd_books/t1/audit.mistral7b-v03-instruct.jsonl
1.0,mistralai/Mistral-7B-Instruct-v0.3,top_k,3.0,0.57,0.0,57,0,100,131,1000,/home/jovyan/WCS-repo/results/spanish_pd_books/t1/audit.mistral7b-v03-instruct.jsonl
1.0,mistralai/Mistral-7B-Instruct-v0.3,top_k,4.0,0.67,0.0,67,0,100,160,1000,/home/jovyan/WCS-repo/results/spanish_pd_books/t1/audit.mistral7b-v03-instruct.jsonl
1.0,mistralai/Mistral-7B-Instruct-v0.3,top_k,5.0,0.71,0.0,71,0,100,180,1000,/home/jovyan/WCS-repo/results/spanish_pd_books/t1/audit.mistral7b-v03-instruct.jsonl
1.0,mistralai/Mistral-7B-Instruct-v0.3,top_k,6.0,0.75,0.0,75,0,100,192,1000,/home/jovyan/WCS-repo/results/spanish_pd_books/t1/audit.mistral7b-v03-instruct.jsonl
1.0,mistralai/Mistral-7B-Instruct-v0.3,top_k,7.0,0.76,0.0,76,0,100,205,1000,/home/jovyan/WCS-repo/results/spanish_pd_books/t1/audit.mistral7b-v03-instruct.jsonl
1.0,mistralai/Mistral-7B-Instruct-v0.3,top_k,8.0,0.79,0.01,79,1,100,225,1000,/home/jovyan/WCS-repo/results/spanish_pd_books/t1/audit.mistral7b-v03-instruct.jsonl
1.0,mistralai/Mistral-7B-Instruct-v0.3,top_k,9.0,0.82,0.01,82,1,100,237,1000,/home/jovyan/WCS-repo/results/spanish_pd_books/t1/audit.mistral7b-v03-instruct.jsonl
1.0,mistralai/Mistral-7B-Instruct-v0.3,top_k,10.0,0.85,0.01,85,1,100,254,1000,/home/jovyan/WCS-repo/results/spanish_pd_books/t1/audit.mistral7b-v03-instruct.jsonl
1.0,mistralai/Mistral-7B-Instruct-v0.3,top_k,11.0,0.86,0.01,86,1,100,266,1000,/home/jovyan/WCS-repo/results/spanish_pd_books/t1/audit.mistral7b-v03-instruct.jsonl
1.0,mistralai/Mistral-7B-Instruct-v0.3,top_k,12.0,0.86,0.01,86,1,100,270,1000,/home/jovyan/WCS-repo/results/spanish_pd_books/t1/audit.mistral7b-v03-instruct.jsonl
1.0,mistralai/Mistral-7B-Instruct-v0.3,top_k,13.0,0.87,0.01,87,1,100,278,1000,/home/jovyan/WCS-repo/results/spanish_pd_books/t1/audit.mistral7b-v03-instruct.jsonl
1.0,mistralai/Mistral-7B-Instruct-v0.3,top_k,14.0,0.88,0.01,88,1,100,291,1000,/home/jovyan/WCS-repo/results/spanish_pd_books/t1/audit.mistral7b-v03-instruct.jsonl
1.0,mistralai/Mistral-7B-Instruct-v0.3,top_k,15.0,0.9,0.01,90,1,100,299,1000,/home/jovyan/WCS-repo/results/spanish_pd_books/t1/audit.mistral7b-v03-instruct.jsonl
1.0,mistralai/Mistral-7B-Instruct-v0.3,top_k,16.0,0.9,0.01,90,1,100,304,1000,/home/jovyan/WCS-repo/results/spanish_pd_books/t1/audit.mistral7b-v03-instruct.jsonl
1.0,mistralai/Mistral-7B-Instruct-v0.3,top_k,17.0,0.9,0.01,90,1,100,316,1000,/home/jovyan/WCS-repo/results/spanish_pd_books/t1/audit.mistral7b-v03-instruct.jsonl
1.0,mistralai/Mistral-7B-Instruct-v0.3,top_k,18.0,0.9,0.01,90,1,100,324,1000,/home/jovyan/WCS-repo/results/spanish_pd_books/t1/audit.mistral7b-v03-instruct.jsonl
1.0,mistralai/Mistral-7B-Instruct-v0.3,top_k,19.0,0.91,0.01,91,1,100,332,1000,/home/jovyan/WCS-repo/results/spanish_pd_books/t1/audit.mistral7b-v03-instruct.jsonl
1.0,mistralai/Mistral-7B-Instruct-v0.3,top_k,20.0,0.91,0.01,91,1,100,338,1000,/home/jovyan/WCS-repo/results/spanish_pd_books/t1/audit.mistral7b-v03-instruct.jsonl
1.0,mistralai/Mistral-7B-Instruct-v0.3,top_p,0.5,0.0,0.0,0,0,100,0,1000,/home/jovyan/WCS-repo/results/spanish_pd_books/t1/audit.mistral7b-v03-instruct.jsonl
1.0,mistralai/Mistral-7B-Instruct-v0.3,top_p,0.55,0.06,0.0,6,0,100,6,1000,/home/jovyan/WCS-repo/results/spanish_pd_books/t1/audit.mistral7b-v03-instruct.jsonl
1.0,mistralai/Mistral-7B-Instruct-v0.3,top_p,0.6,0.07,0.0,7,0,100,8,1000,/home/jovyan/WCS-repo/results/spanish_pd_books/t1/audit.mistral7b-v03-instruct.jsonl
1.0,mistralai/Mistral-7B-Instruct-v0.3,top_p,0.65,0.13,0.0,13,0,100,16,1000,/home/jovyan/WCS-repo/results/spanish_pd_books/t1/audit.mistral7b-v03-instruct.jsonl
1.0,mistralai/Mistral-7B-Instruct-v0.3,top_p,0.7,0.17,0.0,17,0,100,28,1000,/home/jovyan/WCS-repo/results/spanish_pd_books/t1/audit.mistral7b-v03-instruct.jsonl
1.0,mistralai/Mistral-7B-Instruct-v0.3,top_p,0.75,0.24,0.0,24,0,100,48,1000,/home/jovyan/WCS-repo/results/spanish_pd_books/t1/audit.mistral7b-v03-instruct.jsonl
1.0,mistralai/Mistral-7B-Instruct-v0.3,top_p,0.8,0.35,0.0,35,0,100,84,1000,/home/jovyan/WCS-repo/results/spanish_pd_books/t1/audit.mistral7b-v03-instruct.jsonl
1.0,mistralai/Mistral-7B-Instruct-v0.3,top_p,0.85,0.49,0.0,49,0,100,129,1000,/home/jovyan/WCS-repo/results/spanish_pd_books/t1/audit.mistral7b-v03-instruct.jsonl
1.0,mistralai/Mistral-7B-Instruct-v0.3,top_p,0.9,0.63,0.0,63,0,100,196,1000,/home/jovyan/WCS-repo/results/spanish_pd_books/t1/audit.mistral7b-v03-instruct.jsonl
1.0,mistralai/Mistral-7B-Instruct-v0.3,top_p,0.95,0.8,0.02,80,2,100,360,1000,/home/jovyan/WCS-repo/results/spanish_pd_books/t1/audit.mistral7b-v03-instruct.jsonl
1.0,mistralai/Mistral-7B-Instruct-v0.3,top_p,0.99,1.0,0.25,100,25,100,730,1000,/home/jovyan/WCS-repo/results/spanish_pd_books/t1/audit.mistral7b-v03-instruct.jsonl
1.0,mistralai/Mistral-7B-Instruct-v0.3,min_p,0.01,0.95,0.01,95,1,100,531,1000,/home/jovyan/WCS-repo/results/spanish_pd_books/t1/audit.mistral7b-v03-instruct.jsonl
1.0,mistralai/Mistral-7B-Instruct-v0.3,min_p,0.02,0.93,0.01,93,1,100,422,1000,/home/jovyan/WCS-repo/results/spanish_pd_books/t1/audit.mistral7b-v03-instruct.jsonl
1.0,mistralai/Mistral-7B-Instruct-v0.3,min_p,0.03,0.92,0.01,92,1,100,372,1000,/home/jovyan/WCS-repo/results/spanish_pd_books/t1/audit.mistral7b-v03-instruct.jsonl
1.0,mistralai/Mistral-7B-Instruct-v0.3,min_p,0.04,0.9,0.01,90,1,100,335,1000,/home/jovyan/WCS-repo/results/spanish_pd_books/t1/audit.mistral7b-v03-instruct.jsonl
1.0,mistralai/Mistral-7B-Instruct-v0.3,min_p,0.05,0.89,0.01,89,1,100,304,1000,/home/jovyan/WCS-repo/results/spanish_pd_books/t1/audit.mistral7b-v03-instruct.jsonl
1.0,mistralai/Mistral-7B-Instruct-v0.3,min_p,0.06,0.87,0.01,87,1,100,290,1000,/home/jovyan/WCS-repo/results/spanish_pd_books/t1/audit.mistral7b-v03-instruct.jsonl
1.0,mistralai/Mistral-7B-Instruct-v0.3,min_p,0.07,0.85,0.0,85,0,100,269,1000,/home/jovyan/WCS-repo/results/spanish_pd_books/t1/audit.mistral7b-v03-instruct.jsonl
1.0,mistralai/Mistral-7B-Instruct-v0.3,min_p,0.08,0.84,0.0,84,0,100,252,1000,/home/jovyan/WCS-repo/results/spanish_pd_books/t1/audit.mistral7b-v03-instruct.jsonl
1.0,mistralai/Mistral-7B-Instruct-v0.3,min_p,0.09,0.83,0.0,83,0,100,239,1000,/home/jovyan/WCS-repo/results/spanish_pd_books/t1/audit.mistral7b-v03-instruct.jsonl
1.0,mistralai/Mistral-7B-Instruct-v0.3,min_p,0.1,0.81,0.0,81,0,100,226,1000,/home/jovyan/WCS-repo/results/spanish_pd_books/t1/audit.mistral7b-v03-instruct.jsonl
1.5,mistralai/Mistral-7B-Instruct-v0.3,top_k,1.0,0.41,0.0,41,0,100,76,1000,/home/jovyan/WCS-repo/results/spanish_pd_books/t1p5/audit.mistral7b-v03-instruct.jsonl
1.5,mistralai/Mistral-7B-Instruct-v0.3,top_k,2.0,0.49,0.0,49,0,100,105,1000,/home/jovyan/WCS-repo/results/spanish_pd_books/t1p5/audit.mistral7b-v03-instruct.jsonl
1.5,mistralai/Mistral-7B-Instruct-v0.3,top_k,3.0,0.57,0.0,57,0,100,131,1000,/home/jovyan/WCS-repo/results/spanish_pd_books/t1p5/audit.mistral7b-v03-instruct.jsonl
1.5,mistralai/Mistral-7B-Instruct-v0.3,top_k,4.0,0.67,0.0,67,0,100,160,1000,/home/jovyan/WCS-repo/results/spanish_pd_books/t1p5/audit.mistral7b-v03-instruct.jsonl
1.5,mistralai/Mistral-7B-Instruct-v0.3,top_k,5.0,0.71,0.0,71,0,100,180,1000,/home/jovyan/WCS-repo/results/spanish_pd_books/t1p5/audit.mistral7b-v03-instruct.jsonl
1.5,mistralai/Mistral-7B-Instruct-v0.3,top_k,6.0,0.75,0.0,75,0,100,192,1000,/home/jovyan/WCS-repo/results/spanish_pd_books/t1p5/audit.mistral7b-v03-instruct.jsonl
1.5,mistralai/Mistral-7B-Instruct-v0.3,top_k,7.0,0.76,0.0,76,0,100,205,1000,/home/jovyan/WCS-repo/results/spanish_pd_books/t1p5/audit.mistral7b-v03-instruct.jsonl
1.5,mistralai/Mistral-7B-Instruct-v0.3,top_k,8.0,0.79,0.01,79,1,100,225,1000,/home/jovyan/WCS-repo/results/spanish_pd_books/t1p5/audit.mistral7b-v03-instruct.jsonl
1.5,mistralai/Mistral-7B-Instruct-v0.3,top_k,9.0,0.82,0.01,82,1,100,237,1000,/home/jovyan/WCS-repo/results/spanish_pd_books/t1p5/audit.mistral7b-v03-instruct.jsonl
1.5,mistralai/Mistral-7B-Instruct-v0.3,top_k,10.0,0.85,0.01,85,1,100,254,1000,/home/jovyan/WCS-repo/results/spanish_pd_books/t1p5/audit.mistral7b-v03-instruct.jsonl
1.5,mistralai/Mistral-7B-Instruct-v0.3,top_k,11.0,0.86,0.01,86,1,100,266,1000,/home/jovyan/WCS-repo/results/spanish_pd_books/t1p5/audit.mistral7b-v03-instruct.jsonl
1.5,mistralai/Mistral-7B-Instruct-v0.3,top_k,12.0,0.86,0.01,86,1,100,270,1000,/home/jovyan/WCS-repo/results/spanish_pd_books/t1p5/audit.mistral7b-v03-instruct.jsonl
1.5,mistralai/Mistral-7B-Instruct-v0.3,top_k,13.0,0.87,0.01,87,1,100,278,1000,/home/jovyan/WCS-repo/results/spanish_pd_books/t1p5/audit.mistral7b-v03-instruct.jsonl
1.5,mistralai/Mistral-7B-Instruct-v0.3,top_k,14.0,0.88,0.01,88,1,100,291,1000,/home/jovyan/WCS-repo/results/spanish_pd_books/t1p5/audit.mistral7b-v03-instruct.jsonl
1.5,mistralai/Mistral-7B-Instruct-v0.3,top_k,15.0,0.9,0.01,90,1,100,299,1000,/home/jovyan/WCS-repo/results/spanish_pd_books/t1p5/audit.mistral7b-v03-instruct.jsonl
1.5,mistralai/Mistral-7B-Instruct-v0.3,top_k,16.0,0.9,0.01,90,1,100,304,1000,/home/jovyan/WCS-repo/results/spanish_pd_books/t1p5/audit.mistral7b-v03-instruct.jsonl
1.5,mistralai/Mistral-7B-Instruct-v0.3,top_k,17.0,0.9,0.01,90,1,100,316,1000,/home/jovyan/WCS-repo/results/spanish_pd_books/t1p5/audit.mistral7b-v03-instruct.jsonl
1.5,mistralai/Mistral-7B-Instruct-v0.3,top_k,18.0,0.9,0.01,90,1,100,324,1000,/home/jovyan/WCS-repo/results/spanish_pd_books/t1p5/audit.mistral7b-v03-instruct.jsonl
1.5,mistralai/Mistral-7B-Instruct-v0.3,top_k,19.0,0.91,0.01,91,1,100,332,1000,/home/jovyan/WCS-repo/results/spanish_pd_books/t1p5/audit.mistral7b-v03-instruct.jsonl
1.5,mistralai/Mistral-7B-Instruct-v0.3,top_k,20.0,0.91,0.01,91,1,100,338,1000,/home/jovyan/WCS-repo/results/spanish_pd_books/t1p5/audit.mistral7b-v03-instruct.jsonl
1.5,mistralai/Mistral-7B-Instruct-v0.3,top_p,0.5,0.57,0.0,57,0,100,173,1000,/home/jovyan/WCS-repo/results/spanish_pd_books/t1p5/audit.mistral7b-v03-instruct.jsonl
1.5,mistralai/Mistral-7B-Instruct-v0.3,top_p,0.55,0.65,0.0,65,0,100,232,1000,/home/jovyan/WCS-repo/results/spanish_pd_books/t1p5/audit.mistral7b-v03-instruct.jsonl
1.5,mistralai/Mistral-7B-Instruct-v0.3,top_p,0.6,0.73,0.02,73,2,100,312,1000,/home/jovyan/WCS-repo/results/spanish_pd_books/t1p5/audit.mistral7b-v03-instruct.jsonl
1.5,mistralai/Mistral-7B-Instruct-v0.3,top_p,0.65,0.82,0.02,82,2,100,383,1000,/home/jovyan/WCS-repo/results/spanish_pd_books/t1p5/audit.mistral7b-v03-instruct.jsonl
1.5,mistralai/Mistral-7B-Instruct-v0.3,top_p,0.7,0.89,0.03,89,3,100,468,1000,/home/jovyan/WCS-repo/results/spanish_pd_books/t1p5/audit.mistral7b-v03-instruct.jsonl
1.5,mistralai/Mistral-7B-Instruct-v0.3,top_p,0.75,0.95,0.1,95,10,100,566,1000,/home/jovyan/WCS-repo/results/spanish_pd_books/t1p5/audit.mistral7b-v03-instruct.jsonl
1.5,mistralai/Mistral-7B-Instruct-v0.3,top_p,0.8,0.99,0.18,99,18,100,675,1000,/home/jovyan/WCS-repo/results/spanish_pd_books/t1p5/audit.mistral7b-v03-instruct.jsonl
1.5,mistralai/Mistral-7B-Instruct-v0.3,top_p,0.85,1.0,0.35,100,35,100,769,1000,/home/jovyan/WCS-repo/results/spanish_pd_books/t1p5/audit.mistral7b-v03-instruct.jsonl
1.5,mistralai/Mistral-7B-Instruct-v0.3,top_p,0.9,1.0,0.55,100,55,100,876,1000,/home/jovyan/WCS-repo/results/spanish_pd_books/t1p5/audit.mistral7b-v03-instruct.jsonl
1.5,mistralai/Mistral-7B-Instruct-v0.3,top_p,0.95,1.0,0.77,100,77,100,958,1000,/home/jovyan/WCS-repo/results/spanish_pd_books/t1p5/audit.mistral7b-v03-instruct.jsonl
1.5,mistralai/Mistral-7B-Instruct-v0.3,top_p,0.99,1.0,1.0,100,100,100,1000,1000,/home/jovyan/WCS-repo/results/spanish_pd_books/t1p5/audit.mistral7b-v03-instruct.jsonl
1.5,mistralai/Mistral-7B-Instruct-v0.3,min_p,0.01,1.0,0.26,100,26,100,813,1000,/home/jovyan/WCS-repo/results/spanish_pd_books/t1p5/audit.mistral7b-v03-instruct.jsonl
1.5,mistralai/Mistral-7B-Instruct-v0.3,min_p,0.02,0.98,0.14,98,14,100,697,1000,/home/jovyan/WCS-repo/results/spanish_pd_books/t1p5/audit.mistral7b-v03-instruct.jsonl
1.5,mistralai/Mistral-7B-Instruct-v0.3,min_p,0.03,0.98,0.06,98,6,100,623,1000,/home/jovyan/WCS-repo/results/spanish_pd_books/t1p5/audit.mistral7b-v03-instruct.jsonl
1.5,mistralai/Mistral-7B-Instruct-v0.3,min_p,0.04,0.98,0.01,98,1,100,559,1000,/home/jovyan/WCS-repo/results/spanish_pd_books/t1p5/audit.mistral7b-v03-instruct.jsonl
1.5,mistralai/Mistral-7B-Instruct-v0.3,min_p,0.05,0.95,0.01,95,1,100,503,1000,/home/jovyan/WCS-repo/results/spanish_pd_books/t1p5/audit.mistral7b-v03-instruct.jsonl
1.5,mistralai/Mistral-7B-Instruct-v0.3,min_p,0.06,0.95,0.01,95,1,100,467,1000,/home/jovyan/WCS-repo/results/spanish_pd_books/t1p5/audit.mistral7b-v03-instruct.jsonl
1.5,mistralai/Mistral-7B-Instruct-v0.3,min_p,0.07,0.94,0.01,94,1,100,432,1000,/home/jovyan/WCS-repo/results/spanish_pd_books/t1p5/audit.mistral7b-v03-instruct.jsonl
1.5,mistralai/Mistral-7B-Instruct-v0.3,min_p,0.08,0.92,0.01,92,1,100,406,1000,/home/jovyan/WCS-repo/results/spanish_pd_books/t1p5/audit.mistral7b-v03-instruct.jsonl
1.5,mistralai/Mistral-7B-Instruct-v0.3,min_p,0.09,0.92,0.01,92,1,100,383,1000,/home/jovyan/WCS-repo/results/spanish_pd_books/t1p5/audit.mistral7b-v03-instruct.jsonl
1.5,mistralai/Mistral-7B-Instruct-v0.3,min_p,0.1,0.9,0.01,90,1,100,367,1000,/home/jovyan/WCS-repo/results/spanish_pd_books/t1p5/audit.mistral7b-v03-instruct.jsonl
0.7,mistralai/Mistral-7B-v0.3,top_k,1.0,0.42,0.0,42,0,100,74,1000,/home/jovyan/WCS-repo/results/spanish_pd_books/t0p7/audit.mistral7b-v03-base.jsonl
0.7,mistralai/Mistral-7B-v0.3,top_k,2.0,0.48,0.0,48,0,100,107,1000,/home/jovyan/WCS-repo/results/spanish_pd_books/t0p7/audit.mistral7b-v03-base.jsonl
0.7,mistralai/Mistral-7B-v0.3,top_k,3.0,0.63,0.0,63,0,100,138,1000,/home/jovyan/WCS-repo/results/spanish_pd_books/t0p7/audit.mistral7b-v03-base.jsonl
0.7,mistralai/Mistral-7B-v0.3,top_k,4.0,0.68,0.0,68,0,100,159,1000,/home/jovyan/WCS-repo/results/spanish_pd_books/t0p7/audit.mistral7b-v03-base.jsonl
0.7,mistralai/Mistral-7B-v0.3,top_k,5.0,0.72,0.0,72,0,100,175,1000,/home/jovyan/WCS-repo/results/spanish_pd_books/t0p7/audit.mistral7b-v03-base.jsonl
0.7,mistralai/Mistral-7B-v0.3,top_k,6.0,0.74,0.0,74,0,100,200,1000,/home/jovyan/WCS-repo/results/spanish_pd_books/t0p7/audit.mistral7b-v03-base.jsonl
0.7,mistralai/Mistral-7B-v0.3,top_k,7.0,0.77,0.01,77,1,100,224,1000,/home/jovyan/WCS-repo/results/spanish_pd_books/t0p7/audit.mistral7b-v03-base.jsonl
0.7,mistralai/Mistral-7B-v0.3,top_k,8.0,0.8,0.01,80,1,100,236,1000,/home/jovyan/WCS-repo/results/spanish_pd_books/t0p7/audit.mistral7b-v03-base.jsonl
0.7,mistralai/Mistral-7B-v0.3,top_k,9.0,0.82,0.01,82,1,100,246,1000,/home/jovyan/WCS-repo/results/spanish_pd_books/t0p7/audit.mistral7b-v03-base.jsonl
0.7,mistralai/Mistral-7B-v0.3,top_k,10.0,0.83,0.01,83,1,100,254,1000,/home/jovyan/WCS-repo/results/spanish_pd_books/t0p7/audit.mistral7b-v03-base.jsonl
0.7,mistralai/Mistral-7B-v0.3,top_k,11.0,0.85,0.01,85,1,100,271,1000,/home/jovyan/WCS-repo/results/spanish_pd_books/t0p7/audit.mistral7b-v03-base.jsonl
0.7,mistralai/Mistral-7B-v0.3,top_k,12.0,0.86,0.01,86,1,100,281,1000,/home/jovyan/WCS-repo/results/spanish_pd_books/t0p7/audit.mistral7b-v03-base.jsonl
0.7,mistralai/Mistral-7B-v0.3,top_k,13.0,0.86,0.01,86,1,100,291,1000,/home/jovyan/WCS-repo/results/spanish_pd_books/t0p7/audit.mistral7b-v03-base.jsonl
0.7,mistralai/Mistral-7B-v0.3,top_k,14.0,0.87,0.01,87,1,100,298,1000,/home/jovyan/WCS-repo/results/spanish_pd_books/t0p7/audit.mistral7b-v03-base.jsonl
0.7,mistralai/Mistral-7B-v0.3,top_k,15.0,0.88,0.01,88,1,100,304,1000,/home/jovyan/WCS-repo/results/spanish_pd_books/t0p7/audit.mistral7b-v03-base.jsonl
0.7,mistralai/Mistral-7B-v0.3,top_k,16.0,0.9,0.01,90,1,100,308,1000,/home/jovyan/WCS-repo/results/spanish_pd_books/t0p7/audit.mistral7b-v03-base.jsonl
0.7,mistralai/Mistral-7B-v0.3,top_k,17.0,0.91,0.01,91,1,100,316,1000,/home/jovyan/WCS-repo/results/spanish_pd_books/t0p7/audit.mistral7b-v03-base.jsonl
0.7,mistralai/Mistral-7B-v0.3,top_k,18.0,0.91,0.01,91,1,100,326,1000,/home/jovyan/WCS-repo/results/spanish_pd_books/t0p7/audit.mistral7b-v03-base.jsonl
0.7,mistralai/Mistral-7B-v0.3,top_k,19.0,0.91,0.01,91,1,100,331,1000,/home/jovyan/WCS-repo/results/spanish_pd_books/t0p7/audit.mistral7b-v03-base.jsonl
0.7,mistralai/Mistral-7B-v0.3,top_k,20.0,0.91,0.01,91,1,100,342,1000,/home/jovyan/WCS-repo/results/spanish_pd_books/t0p7/audit.mistral7b-v03-base.jsonl
0.7,mistralai/Mistral-7B-v0.3,top_p,0.5,0.0,0.0,0,0,100,0,1000,/home/jovyan/WCS-repo/results/spanish_pd_books/t0p7/audit.mistral7b-v03-base.jsonl
0.7,mistralai/Mistral-7B-v0.3,top_p,0.55,0.0,0.0,0,0,100,0,1000,/home/jovyan/WCS-repo/results/spanish_pd_books/t0p7/audit.mistral7b-v03-base.jsonl
0.7,mistralai/Mistral-7B-v0.3,top_p,0.6,0.0,0.0,0,0,100,0,1000,/home/jovyan/WCS-repo/results/spanish_pd_books/t0p7/audit.mistral7b-v03-base.jsonl
0.7,mistralai/Mistral-7B-v0.3,top_p,0.65,0.0,0.0,0,0,100,0,1000,/home/jovyan/WCS-repo/results/spanish_pd_books/t0p7/audit.mistral7b-v03-base.jsonl
0.7,mistralai/Mistral-7B-v0.3,top_p,0.7,0.0,0.0,0,0,100,0,1000,/home/jovyan/WCS-repo/results/spanish_pd_books/t0p7/audit.mistral7b-v03-base.jsonl
0.7,mistralai/Mistral-7B-v0.3,top_p,0.75,0.01,0.0,1,0,100,2,1000,/home/jovyan/WCS-repo/results/spanish_pd_books/t0p7/audit.mistral7b-v03-base.jsonl
0.7,mistralai/Mistral-7B-v0.3,top_p,0.8,0.05,0.0,5,0,100,6,1000,/home/jovyan/WCS-repo/results/spanish_pd_books/t0p7/audit.mistral7b-v03-base.jsonl
0.7,mistralai/Mistral-7B-v0.3,top_p,0.85,0.11,0.0,11,0,100,14,1000,/home/jovyan/WCS-repo/results/spanish_pd_books/t0p7/audit.mistral7b-v03-base.jsonl
0.7,mistralai/Mistral-7B-v0.3,top_p,0.9,0.26,0.0,26,0,100,39,1000,/home/jovyan/WCS-repo/results/spanish_pd_books/t0p7/audit.mistral7b-v03-base.jsonl
0.7,mistralai/Mistral-7B-v0.3,top_p,0.95,0.43,0.0,43,0,100,84,1000,/home/jovyan/WCS-repo/results/spanish_pd_books/t0p7/audit.mistral7b-v03-base.jsonl
0.7,mistralai/Mistral-7B-v0.3,top_p,0.99,0.72,0.0,72,0,100,285,1000,/home/jovyan/WCS-repo/results/spanish_pd_books/t0p7/audit.mistral7b-v03-base.jsonl
0.7,mistralai/Mistral-7B-v0.3,min_p,0.01,0.88,0.01,88,1,100,345,1000,/home/jovyan/WCS-repo/results/spanish_pd_books/t0p7/audit.mistral7b-v03-base.jsonl
0.7,mistralai/Mistral-7B-v0.3,min_p,0.02,0.86,0.0,86,0,100,285,1000,/home/jovyan/WCS-repo/results/spanish_pd_books/t0p7/audit.mistral7b-v03-base.jsonl
0.7,mistralai/Mistral-7B-v0.3,min_p,0.03,0.83,0.0,83,0,100,249,1000,/home/jovyan/WCS-repo/results/spanish_pd_books/t0p7/audit.mistral7b-v03-base.jsonl
0.7,mistralai/Mistral-7B-v0.3,min_p,0.04,0.81,0.0,81,0,100,230,1000,/home/jovyan/WCS-repo/results/spanish_pd_books/t0p7/audit.mistral7b-v03-base.jsonl
0.7,mistralai/Mistral-7B-v0.3,min_p,0.05,0.8,0.0,80,0,100,214,1000,/home/jovyan/WCS-repo/results/spanish_pd_books/t0p7/audit.mistral7b-v03-base.jsonl
0.7,mistralai/Mistral-7B-v0.3,min_p,0.06,0.76,0.0,76,0,100,200,1000,/home/jovyan/WCS-repo/results/spanish_pd_books/t0p7/audit.mistral7b-v03-base.jsonl
0.7,mistralai/Mistral-7B-v0.3,min_p,0.07,0.73,0.0,73,0,100,190,1000,/home/jovyan/WCS-repo/results/spanish_pd_books/t0p7/audit.mistral7b-v03-base.jsonl
0.7,mistralai/Mistral-7B-v0.3,min_p,0.08,0.71,0.0,71,0,100,180,1000,/home/jovyan/WCS-repo/results/spanish_pd_books/t0p7/audit.mistral7b-v03-base.jsonl
0.7,mistralai/Mistral-7B-v0.3,min_p,0.09,0.71,0.0,71,0,100,172,1000,/home/jovyan/WCS-repo/results/spanish_pd_books/t0p7/audit.mistral7b-v03-base.jsonl
0.7,mistralai/Mistral-7B-v0.3,min_p,0.1,0.68,0.0,68,0,100,166,1000,/home/jovyan/WCS-repo/results/spanish_pd_books/t0p7/audit.mistral7b-v03-base.jsonl
1.0,mistralai/Mistral-7B-v0.3,top_k,1.0,0.42,0.0,42,0,100,74,1000,/home/jovyan/WCS-repo/results/spanish_pd_books/t1/audit.mistral7b-v03-base.jsonl
1.0,mistralai/Mistral-7B-v0.3,top_k,2.0,0.48,0.0,48,0,100,107,1000,/home/jovyan/WCS-repo/results/spanish_pd_books/t1/audit.mistral7b-v03-base.jsonl
1.0,mistralai/Mistral-7B-v0.3,top_k,3.0,0.63,0.0,63,0,100,138,1000,/home/jovyan/WCS-repo/results/spanish_pd_books/t1/audit.mistral7b-v03-base.jsonl
1.0,mistralai/Mistral-7B-v0.3,top_k,4.0,0.68,0.0,68,0,100,159,1000,/home/jovyan/WCS-repo/results/spanish_pd_books/t1/audit.mistral7b-v03-base.jsonl
1.0,mistralai/Mistral-7B-v0.3,top_k,5.0,0.72,0.0,72,0,100,175,1000,/home/jovyan/WCS-repo/results/spanish_pd_books/t1/audit.mistral7b-v03-base.jsonl
1.0,mistralai/Mistral-7B-v0.3,top_k,6.0,0.74,0.0,74,0,100,200,1000,/home/jovyan/WCS-repo/results/spanish_pd_books/t1/audit.mistral7b-v03-base.jsonl
1.0,mistralai/Mistral-7B-v0.3,top_k,7.0,0.77,0.01,77,1,100,224,1000,/home/jovyan/WCS-repo/results/spanish_pd_books/t1/audit.mistral7b-v03-base.jsonl
1.0,mistralai/Mistral-7B-v0.3,top_k,8.0,0.8,0.01,80,1,100,236,1000,/home/jovyan/WCS-repo/results/spanish_pd_books/t1/audit.mistral7b-v03-base.jsonl
1.0,mistralai/Mistral-7B-v0.3,top_k,9.0,0.82,0.01,82,1,100,246,1000,/home/jovyan/WCS-repo/results/spanish_pd_books/t1/audit.mistral7b-v03-base.jsonl
1.0,mistralai/Mistral-7B-v0.3,top_k,10.0,0.83,0.01,83,1,100,254,1000,/home/jovyan/WCS-repo/results/spanish_pd_books/t1/audit.mistral7b-v03-base.jsonl
1.0,mistralai/Mistral-7B-v0.3,top_k,11.0,0.85,0.01,85,1,100,271,1000,/home/jovyan/WCS-repo/results/spanish_pd_books/t1/audit.mistral7b-v03-base.jsonl
1.0,mistralai/Mistral-7B-v0.3,top_k,12.0,0.86,0.01,86,1,100,281,1000,/home/jovyan/WCS-repo/results/spanish_pd_books/t1/audit.mistral7b-v03-base.jsonl
1.0,mistralai/Mistral-7B-v0.3,top_k,13.0,0.86,0.01,86,1,100,291,1000,/home/jovyan/WCS-repo/results/spanish_pd_books/t1/audit.mistral7b-v03-base.jsonl
1.0,mistralai/Mistral-7B-v0.3,top_k,14.0,0.87,0.01,87,1,100,298,1000,/home/jovyan/WCS-repo/results/spanish_pd_books/t1/audit.mistral7b-v03-base.jsonl
1.0,mistralai/Mistral-7B-v0.3,top_k,15.0,0.88,0.01,88,1,100,304,1000,/home/jovyan/WCS-repo/results/spanish_pd_books/t1/audit.mistral7b-v03-base.jsonl
1.0,mistralai/Mistral-7B-v0.3,top_k,16.0,0.9,0.01,90,1,100,308,1000,/home/jovyan/WCS-repo/results/spanish_pd_books/t1/audit.mistral7b-v03-base.jsonl
1.0,mistralai/Mistral-7B-v0.3,top_k,17.0,0.91,0.01,91,1,100,316,1000,/home/jovyan/WCS-repo/results/spanish_pd_books/t1/audit.mistral7b-v03-base.jsonl
1.0,mistralai/Mistral-7B-v0.3,top_k,18.0,0.91,0.01,91,1,100,326,1000,/home/jovyan/WCS-repo/results/spanish_pd_books/t1/audit.mistral7b-v03-base.jsonl
1.0,mistralai/Mistral-7B-v0.3,top_k,19.0,0.91,0.01,91,1,100,331,1000,/home/jovyan/WCS-repo/results/spanish_pd_books/t1/audit.mistral7b-v03-base.jsonl
1.0,mistralai/Mistral-7B-v0.3,top_k,20.0,0.91,0.01,91,1,100,342,1000,/home/jovyan/WCS-repo/results/spanish_pd_books/t1/audit.mistral7b-v03-base.jsonl
1.0,mistralai/Mistral-7B-v0.3,top_p,0.5,0.01,0.0,1,0,100,1,1000,/home/jovyan/WCS-repo/results/spanish_pd_books/t1/audit.mistral7b-v03-base.jsonl
1.0,mistralai/Mistral-7B-v0.3,top_p,0.55,0.05,0.0,5,0,100,6,1000,/home/jovyan/WCS-repo/results/spanish_pd_books/t1/audit.mistral7b-v03-base.jsonl
1.0,mistralai/Mistral-7B-v0.3,top_p,0.6,0.1,0.0,10,0,100,12,1000,/home/jovyan/WCS-repo/results/spanish_pd_books/t1/audit.mistral7b-v03-base.jsonl
1.0,mistralai/Mistral-7B-v0.3,top_p,0.65,0.18,0.0,18,0,100,22,1000,/home/jovyan/WCS-repo/results/spanish_pd_books/t1/audit.mistral7b-v03-base.jsonl
1.0,mistralai/Mistral-7B-v0.3,top_p,0.7,0.26,0.0,26,0,100,35,1000,/home/jovyan/WCS-repo/results/spanish_pd_books/t1/audit.mistral7b-v03-base.jsonl
1.0,mistralai/Mistral-7B-v0.3,top_p,0.75,0.34,0.0,34,0,100,56,1000,/home/jovyan/WCS-repo/results/spanish_pd_books/t1/audit.mistral7b-v03-base.jsonl
1.0,mistralai/Mistral-7B-v0.3,top_p,0.8,0.45,0.0,45,0,100,100,1000,/home/jovyan/WCS-repo/results/spanish_pd_books/t1/audit.mistral7b-v03-base.jsonl
1.0,mistralai/Mistral-7B-v0.3,top_p,0.85,0.54,0.0,54,0,100,152,1000,/home/jovyan/WCS-repo/results/spanish_pd_books/t1/audit.mistral7b-v03-base.jsonl
1.0,mistralai/Mistral-7B-v0.3,top_p,0.9,0.69,0.0,69,0,100,234,1000,/home/jovyan/WCS-repo/results/spanish_pd_books/t1/audit.mistral7b-v03-base.jsonl
1.0,mistralai/Mistral-7B-v0.3,top_p,0.95,0.86,0.02,86,2,100,404,1000,/home/jovyan/WCS-repo/results/spanish_pd_books/t1/audit.mistral7b-v03-base.jsonl
1.0,mistralai/Mistral-7B-v0.3,top_p,0.99,1.0,0.3,100,30,100,778,1000,/home/jovyan/WCS-repo/results/spanish_pd_books/t1/audit.mistral7b-v03-base.jsonl
1.0,mistralai/Mistral-7B-v0.3,min_p,0.01,0.95,0.04,95,4,100,538,1000,/home/jovyan/WCS-repo/results/spanish_pd_books/t1/audit.mistral7b-v03-base.jsonl
1.0,mistralai/Mistral-7B-v0.3,min_p,0.02,0.94,0.01,94,1,100,440,1000,/home/jovyan/WCS-repo/results/spanish_pd_books/t1/audit.mistral7b-v03-base.jsonl
1.0,mistralai/Mistral-7B-v0.3,min_p,0.03,0.91,0.01,91,1,100,379,1000,/home/jovyan/WCS-repo/results/spanish_pd_books/t1/audit.mistral7b-v03-base.jsonl
1.0,mistralai/Mistral-7B-v0.3,min_p,0.04,0.88,0.01,88,1,100,345,1000,/home/jovyan/WCS-repo/results/spanish_pd_books/t1/audit.mistral7b-v03-base.jsonl
1.0,mistralai/Mistral-7B-v0.3,min_p,0.05,0.87,0.01,87,1,100,316,1000,/home/jovyan/WCS-repo/results/spanish_pd_books/t1/audit.mistral7b-v03-base.jsonl
1.0,mistralai/Mistral-7B-v0.3,min_p,0.06,0.86,0.01,86,1,100,302,1000,/home/jovyan/WCS-repo/results/spanish_pd_books/t1/audit.mistral7b-v03-base.jsonl
1.0,mistralai/Mistral-7B-v0.3,min_p,0.07,0.86,0.0,86,0,100,277,1000,/home/jovyan/WCS-repo/results/spanish_pd_books/t1/audit.mistral7b-v03-base.jsonl
1.0,mistralai/Mistral-7B-v0.3,min_p,0.08,0.84,0.0,84,0,100,258,1000,/home/jovyan/WCS-repo/results/spanish_pd_books/t1/audit.mistral7b-v03-base.jsonl
1.0,mistralai/Mistral-7B-v0.3,min_p,0.09,0.82,0.0,82,0,100,246,1000,/home/jovyan/WCS-repo/results/spanish_pd_books/t1/audit.mistral7b-v03-base.jsonl
1.0,mistralai/Mistral-7B-v0.3,min_p,0.1,0.82,0.0,82,0,100,231,1000,/home/jovyan/WCS-repo/results/spanish_pd_books/t1/audit.mistral7b-v03-base.jsonl
1.5,mistralai/Mistral-7B-v0.3,top_k,1.0,0.42,0.0,42,0,100,74,1000,/home/jovyan/WCS-repo/results/spanish_pd_books/t1p5/audit.mistral7b-v03-base.jsonl
1.5,mistralai/Mistral-7B-v0.3,top_k,2.0,0.48,0.0,48,0,100,107,1000,/home/jovyan/WCS-repo/results/spanish_pd_books/t1p5/audit.mistral7b-v03-base.jsonl
1.5,mistralai/Mistral-7B-v0.3,top_k,3.0,0.63,0.0,63,0,100,138,1000,/home/jovyan/WCS-repo/results/spanish_pd_books/t1p5/audit.mistral7b-v03-base.jsonl
1.5,mistralai/Mistral-7B-v0.3,top_k,4.0,0.68,0.0,68,0,100,159,1000,/home/jovyan/WCS-repo/results/spanish_pd_books/t1p5/audit.mistral7b-v03-base.jsonl
1.5,mistralai/Mistral-7B-v0.3,top_k,5.0,0.72,0.0,72,0,100,175,1000,/home/jovyan/WCS-repo/results/spanish_pd_books/t1p5/audit.mistral7b-v03-base.jsonl
1.5,mistralai/Mistral-7B-v0.3,top_k,6.0,0.74,0.0,74,0,100,200,1000,/home/jovyan/WCS-repo/results/spanish_pd_books/t1p5/audit.mistral7b-v03-base.jsonl
1.5,mistralai/Mistral-7B-v0.3,top_k,7.0,0.77,0.01,77,1,100,224,1000,/home/jovyan/WCS-repo/results/spanish_pd_books/t1p5/audit.mistral7b-v03-base.jsonl
1.5,mistralai/Mistral-7B-v0.3,top_k,8.0,0.8,0.01,80,1,100,236,1000,/home/jovyan/WCS-repo/results/spanish_pd_books/t1p5/audit.mistral7b-v03-base.jsonl
1.5,mistralai/Mistral-7B-v0.3,top_k,9.0,0.82,0.01,82,1,100,246,1000,/home/jovyan/WCS-repo/results/spanish_pd_books/t1p5/audit.mistral7b-v03-base.jsonl
1.5,mistralai/Mistral-7B-v0.3,top_k,10.0,0.83,0.01,83,1,100,254,1000,/home/jovyan/WCS-repo/results/spanish_pd_books/t1p5/audit.mistral7b-v03-base.jsonl
1.5,mistralai/Mistral-7B-v0.3,top_k,11.0,0.85,0.01,85,1,100,271,1000,/home/jovyan/WCS-repo/results/spanish_pd_books/t1p5/audit.mistral7b-v03-base.jsonl
1.5,mistralai/Mistral-7B-v0.3,top_k,12.0,0.86,0.01,86,1,100,281,1000,/home/jovyan/WCS-repo/results/spanish_pd_books/t1p5/audit.mistral7b-v03-base.jsonl
1.5,mistralai/Mistral-7B-v0.3,top_k,13.0,0.86,0.01,86,1,100,291,1000,/home/jovyan/WCS-repo/results/spanish_pd_books/t1p5/audit.mistral7b-v03-base.jsonl
1.5,mistralai/Mistral-7B-v0.3,top_k,14.0,0.87,0.01,87,1,100,298,1000,/home/jovyan/WCS-repo/results/spanish_pd_books/t1p5/audit.mistral7b-v03-base.jsonl
1.5,mistralai/Mistral-7B-v0.3,top_k,15.0,0.88,0.01,88,1,100,304,1000,/home/jovyan/WCS-repo/results/spanish_pd_books/t1p5/audit.mistral7b-v03-base.jsonl
1.5,mistralai/Mistral-7B-v0.3,top_k,16.0,0.9,0.01,90,1,100,308,1000,/home/jovyan/WCS-repo/results/spanish_pd_books/t1p5/audit.mistral7b-v03-base.jsonl
1.5,mistralai/Mistral-7B-v0.3,top_k,17.0,0.91,0.01,91,1,100,316,1000,/home/jovyan/WCS-repo/results/spanish_pd_books/t1p5/audit.mistral7b-v03-base.jsonl
1.5,mistralai/Mistral-7B-v0.3,top_k,18.0,0.91,0.01,91,1,100,326,1000,/home/jovyan/WCS-repo/results/spanish_pd_books/t1p5/audit.mistral7b-v03-base.jsonl
1.5,mistralai/Mistral-7B-v0.3,top_k,19.0,0.91,0.01,91,1,100,331,1000,/home/jovyan/WCS-repo/results/spanish_pd_books/t1p5/audit.mistral7b-v03-base.jsonl
1.5,mistralai/Mistral-7B-v0.3,top_k,20.0,0.91,0.01,91,1,100,342,1000,/home/jovyan/WCS-repo/results/spanish_pd_books/t1p5/audit.mistral7b-v03-base.jsonl
1.5,mistralai/Mistral-7B-v0.3,top_p,0.5,0.64,0.0,64,0,100,198,1000,/home/jovyan/WCS-repo/results/spanish_pd_books/t1p5/audit.mistral7b-v03-base.jsonl
1.5,mistralai/Mistral-7B-v0.3,top_p,0.55,0.74,0.0,74,0,100,267,1000,/home/jovyan/WCS-repo/results/spanish_pd_books/t1p5/audit.mistral7b-v03-base.jsonl
1.5,mistralai/Mistral-7B-v0.3,top_p,0.6,0.83,0.01,83,1,100,350,1000,/home/jovyan/WCS-repo/results/spanish_pd_books/t1p5/audit.mistral7b-v03-base.jsonl
1.5,mistralai/Mistral-7B-v0.3,top_p,0.65,0.9,0.01,90,1,100,432,1000,/home/jovyan/WCS-repo/results/spanish_pd_books/t1p5/audit.mistral7b-v03-base.jsonl
1.5,mistralai/Mistral-7B-v0.3,top_p,0.7,0.94,0.06,94,6,100,525,1000,/home/jovyan/WCS-repo/results/spanish_pd_books/t1p5/audit.mistral7b-v03-base.jsonl
1.5,mistralai/Mistral-7B-v0.3,top_p,0.75,0.97,0.11,97,11,100,622,1000,/home/jovyan/WCS-repo/results/spanish_pd_books/t1p5/audit.mistral7b-v03-base.jsonl
1.5,mistralai/Mistral-7B-v0.3,top_p,0.8,1.0,0.26,100,26,100,736,1000,/home/jovyan/WCS-repo/results/spanish_pd_books/t1p5/audit.mistral7b-v03-base.jsonl
1.5,mistralai/Mistral-7B-v0.3,top_p,0.85,1.0,0.42,100,42,100,833,1000,/home/jovyan/WCS-repo/results/spanish_pd_books/t1p5/audit.mistral7b-v03-base.jsonl
1.5,mistralai/Mistral-7B-v0.3,top_p,0.9,1.0,0.6,100,60,100,911,1000,/home/jovyan/WCS-repo/results/spanish_pd_books/t1p5/audit.mistral7b-v03-base.jsonl
1.5,mistralai/Mistral-7B-v0.3,top_p,0.95,1.0,0.83,100,83,100,974,1000,/home/jovyan/WCS-repo/results/spanish_pd_books/t1p5/audit.mistral7b-v03-base.jsonl
1.5,mistralai/Mistral-7B-v0.3,top_p,0.99,1.0,1.0,100,100,100,1000,1000,/home/jovyan/WCS-repo/results/spanish_pd_books/t1p5/audit.mistral7b-v03-base.jsonl
1.5,mistralai/Mistral-7B-v0.3,min_p,0.01,1.0,0.29,100,29,100,815,1000,/home/jovyan/WCS-repo/results/spanish_pd_books/t1p5/audit.mistral7b-v03-base.jsonl
1.5,mistralai/Mistral-7B-v0.3,min_p,0.02,0.98,0.13,98,13,100,711,1000,/home/jovyan/WCS-repo/results/spanish_pd_books/t1p5/audit.mistral7b-v03-base.jsonl
1.5,mistralai/Mistral-7B-v0.3,min_p,0.03,0.98,0.1,98,10,100,642,1000,/home/jovyan/WCS-repo/results/spanish_pd_books/t1p5/audit.mistral7b-v03-base.jsonl
1.5,mistralai/Mistral-7B-v0.3,min_p,0.04,0.97,0.04,97,4,100,576,1000,/home/jovyan/WCS-repo/results/spanish_pd_books/t1p5/audit.mistral7b-v03-base.jsonl
1.5,mistralai/Mistral-7B-v0.3,min_p,0.05,0.95,0.04,95,4,100,525,1000,/home/jovyan/WCS-repo/results/spanish_pd_books/t1p5/audit.mistral7b-v03-base.jsonl
1.5,mistralai/Mistral-7B-v0.3,min_p,0.06,0.95,0.02,95,2,100,490,1000,/home/jovyan/WCS-repo/results/spanish_pd_books/t1p5/audit.mistral7b-v03-base.jsonl
1.5,mistralai/Mistral-7B-v0.3,min_p,0.07,0.94,0.01,94,1,100,446,1000,/home/jovyan/WCS-repo/results/spanish_pd_books/t1p5/audit.mistral7b-v03-base.jsonl
1.5,mistralai/Mistral-7B-v0.3,min_p,0.08,0.93,0.01,93,1,100,413,1000,/home/jovyan/WCS-repo/results/spanish_pd_books/t1p5/audit.mistral7b-v03-base.jsonl
1.5,mistralai/Mistral-7B-v0.3,min_p,0.09,0.93,0.01,93,1,100,391,1000,/home/jovyan/WCS-repo/results/spanish_pd_books/t1p5/audit.mistral7b-v03-base.jsonl
1.5,mistralai/Mistral-7B-v0.3,min_p,0.1,0.9,0.01,90,1,100,372,1000,/home/jovyan/WCS-repo/results/spanish_pd_books/t1p5/audit.mistral7b-v03-base.jsonl
